epoch,reward/trans_loss,reward/eval_cse_loss,reward/eval_trans_loss
0,100.0,0.62923735,0.62923735
1,0.7216448,0.7216448,1.6210022,0.54703104,1.0739712,14.779632329940796
2,0.67072976,0.67072976,1.658376,0.5388119,1.119564,0.17233920097351074
3,0.64139235,0.64139235,1.6107383,0.54022455,1.0705137,0.16867399215698242
4,0.617371,0.617371,1.573323,0.556196,1.017127,0.16808199882507324
5,0.6004249,0.6004249,1.4961766,0.5555872,0.9405894,0.16754555702209473,0.66929287,0.66929287
6,0.58600277,0.58600277,1.5155113,0.55251896,0.9629923,0.1684892177581787
7,0.56916684,0.56916684,1.4871644,0.55415976,0.9330046,0.1681232452392578
8,0.5611381,0.5611381,1.4544982,0.5543304,0.90016776,0.1676769256591797
9,0.5457865,0.5457865,1.4044491,0.5484768,0.8559723,0.16897797584533691
10,0.5370672,0.5370672,1.3930194,0.5419487,0.8510708,0.16903209686279297,0.46514565,0.46514565,10,0.46514565
11,0.51995534,0.51995534,1.3920441,0.52219146,0.86985266,0.16845297813415527
12,0.50874484,0.50874484,1.3991228,0.5268171,0.87230575,0.1640317440032959
13,0.4911916,0.4911916,1.3223033,0.5049833,0.8173199,0.1629772186279297
14,0.48219976,0.48219976,1.3225776,0.49601647,0.8265611,0.16843414306640625
15,0.4794341,0.4794341,1.3035192,0.5011453,0.80237395,0.16477108001708984,0.26938152,0.26938152,15,0.26938152
16,0.46762404,0.46762404,1.2551054,0.50399435,0.75111103,0.17004060745239258
17,0.45014402,0.45014402,1.2126887,0.49506852,0.7176202,0.16968488693237305
18,0.44279447,0.44279447,1.2044983,0.5070738,0.6974244,0.17041015625
19,0.43241382,0.43241382,1.1935744,0.5058779,0.68769646,0.17023897171020508
20,0.4229354,0.4229354,1.1581562,0.49809253,0.66006356,0.1703474521636963,0.19553943,0.19553943,20,0.19553943
21,0.41229546,0.41229546,1.1651202,0.49170393,0.6734163,0.16826939582824707
22,0.3963362,0.3963362,1.1306117,0.49047476,0.6401369,0.16822528839111328
23,0.39438045,0.39438045,1.1244831,0.4848826,0.6396006,0.1697096824645996
24,0.36498457,0.36498457,1.0905778,0.490632,0.5999458,0.1686105728149414
25,0.3850283,0.3850283,1.0875821,0.48164463,0.60593754,0.1624438762664795,0.11926307,0.11926307,25,0.11926307
26,0.37020493,0.37020493,1.0918846,0.48286867,0.60901594,0.1697404384613037
27,0.36006194,0.36006194,1.0572479,0.47183827,0.5854096,0.1702125072479248
28,0.3454067,0.3454067,1.0495061,0.4715807,0.5779254,0.16905498504638672
29,0.35117653,0.35117653,1.0224192,0.46435946,0.5580598,0.16939592361450195
30,0.3442181,0.3442181,0.9810463,0.44815624,0.5328901,0.17067360877990723,0.10522194,0.10522194,30,0.10522194
31,0.32445857,0.32445857,1.0011635,0.4476028,0.55356073,0.1684401035308838
32,0.3294261,0.3294261,0.9803772,0.44908258,0.53129464,0.17615723609924316
33,0.3015818,0.3015818,0.9775007,0.44797054,0.5295301,0.18092679977416992
34,0.30591255,0.30591255,0.9539094,0.45588076,0.49802867,0.1635298728942871
35,0.30089352,0.30089352,0.9388878,0.45470968,0.4841781,0.16832447052001953,0.10617751,0.10617751
36,0.2765583,0.2765583,0.9154502,0.44444636,0.47100383,0.16675424575805664
37,0.28453007,0.28453007,0.9080224,0.43290982,0.47511256,0.16704726219177246
38,0.28565884,0.28565884,0.8907415,0.4273793,0.46336222,0.16834497451782227
39,0.27797675,0.27797675,0.8908969,0.4283044,0.46259248,0.16799521446228027
40,0.2796194,0.2796194,0.8710055,0.42512193,0.44588354,0.1682729721069336,0.09477805,0.09477805,40,0.09477805
41,0.2793679,0.2793679,0.8775326,0.41931665,0.45821592,0.16839289665222168
42,0.27326748,0.27326748,0.8603617,0.43947372,0.420888,0.16930913925170898
43,0.2794036,0.2794036,0.88175863,0.44577858,0.43598005,0.1683969497680664
44,0.2624164,0.2624164,0.8501345,0.43678263,0.41335186,0.16831445693969727
45,0.28482008,0.28482008,0.8322301,0.4353865,0.39684355,0.17363929748535156,0.09352523,0.09352523,45,0.09352523
46,0.262693,0.262693,0.83212966,0.4366388,0.39549085,0.1677718162536621
47,0.24772075,0.24772075,0.8213146,0.43330413,0.3880104,0.1677699089050293
48,0.264517,0.264517,0.7991829,0.42137113,0.3778118,0.1675567626953125
49,0.2560176,0.2560176,0.78424966,0.4220445,0.36220518,0.1674952507019043
50,0.24972686,0.24972686,0.76616967,0.4069656,0.35920402,0.16773128509521484,0.07801429,0.07801429,50,0.07801429
51,0.2602651,0.2602651,0.7570493,0.409364,0.34768528,0.16867733001708984
52,0.24427319,0.24427319,0.75482893,0.40848228,0.34634668,0.16951894760131836
53,0.24214792,0.24214792,0.7296437,0.40205193,0.32759175,0.16845011711120605
54,0.26612696,0.26612696,0.72313863,0.40114838,0.32199025,0.16899323463439941
55,0.24241702,0.24241702,0.7276518,0.39588064,0.33177114,0.16854619979858398,0.07741935,0.07741935
56,0.23446935,0.23446935,0.72507703,0.40147734,0.32359973,0.16867852210998535
57,0.2351222,0.2351222,0.7176043,0.3982277,0.3193766,0.16818976402282715
58,0.24372064,0.24372064,0.715542,0.40400073,0.3115413,0.16904020309448242
59,0.23069096,0.23069096,0.6968589,0.38785005,0.3090088,0.16773033142089844
60,0.24649256,0.24649256,0.6904129,0.39252034,0.2978925,0.165419340133667,0.07401798,0.07401798,60,0.07401798
61,0.22747989,0.22747989,0.68059945,0.38438413,0.29621533,0.16719388961791992
62,0.22892381,0.22892381,0.6537106,0.37739497,0.27631566,0.16854572296142578
63,0.23420031,0.23420031,0.65491605,0.37821007,0.276706,0.16778278350830078
64,0.23555736,0.23555736,0.6643038,0.38540798,0.27889577,0.16747117042541504
65,0.2226606,0.2226606,0.6748104,0.39643425,0.27837613,0.1672983169555664,0.08333921,0.08333921
66,0.23526488,0.23526488,0.6590465,0.391065,0.26798147,0.16730070114135742
67,0.23191541,0.23191541,0.649161,0.38345814,0.2657028,0.16744470596313477
68,0.24148853,0.24148853,0.63258314,0.37446025,0.25812286,0.1689131259918213
69,0.22602043,0.22602043,0.63313675,0.37353754,0.2595992,0.1695401668548584
70,0.24308491,0.24308491,0.62088776,0.36397636,0.2569114,0.16925430297851562,0.07393302,0.07393302
71,0.2332948,0.2332948,0.6199992,0.35759723,0.26240194,0.16810202598571777
72,0.2655575,0.2655575,0.60141146,0.3544443,0.24696715,0.1683340072631836
73,0.23294452,0.23294452,0.6039866,0.35255882,0.2514278,0.16765332221984863
74,0.22252385,0.22252385,0.6105252,0.3628577,0.24766749,0.16823863983154297
75,0.24285057,0.24285057,0.6038723,0.36938924,0.23448306,0.16740894317626953,0.09394003,0.09394003
76,0.2423589,0.2423589,0.5989903,0.365785,0.23320529,0.16333961486816406
77,0.2407461,0.2407461,0.587242,0.35806626,0.22917576,0.161285400390625
78,0.2471578,0.2471578,0.5742079,0.3502951,0.22391284,0.16696429252624512
79,0.24413438,0.24413438,0.5673964,0.34553126,0.22186518,0.1606464385986328
80,0.24106006,0.24106006,0.56514376,0.3530315,0.21211226,0.16140365600585938,0.078794695,0.078794695
81,0.22989377,0.22989377,0.58943754,0.35512844,0.23430909,0.16804051399230957
82,0.25188383,0.25188383,0.55762947,0.34888726,0.20874223,0.16809868812561035
83,0.24377578,0.24377578,0.5774149,0.3618527,0.21556215,0.16698145866394043
84,0.22318496,0.22318496,0.56428707,0.35428202,0.21000504,0.1683192253112793
85,0.22537467,0.22537467,0.5490953,0.34027407,0.20882118,0.16759848594665527,0.076040566,0.076040566
86,0.2399354,0.2399354,0.5502027,0.34596878,0.20423396,0.16912078857421875
87,0.23346442,0.23346442,0.54764533,0.34242314,0.2052222,0.1682424545288086
88,0.22187226,0.22187226,0.53761303,0.33686885,0.20074421,0.16849517822265625
89,0.22790527,0.22790527,0.5220731,0.3311832,0.19088991,0.1685798168182373
90,0.22822136,0.22822136,0.52599037,0.33491167,0.1910787,0.1683032512664795,0.07624403,0.07624403
91,0.235536,0.235536,0.5262429,0.33550453,0.19073837,0.16808629035949707
92,0.22978866,0.22978866,0.51854336,0.33626106,0.18228228,0.16792750358581543
93,0.22082092,0.22082092,0.51515436,0.33303016,0.18212421,0.16345477104187012
94,0.22346926,0.22346926,0.5116904,0.33212593,0.17956446,0.16862273216247559
95,0.21701112,0.21701112,0.51635706,0.3334888,0.18286824,0.17509818077087402,0.07323424,0.07323424
96,0.22054455,0.22054455,0.50384414,0.32920426,0.17463985,0.16884875297546387
97,0.23249218,0.23249218,0.49519074,0.32705823,0.16813253,0.16933584213256836
98,0.21821196,0.21821196,0.49646145,0.33110857,0.1653529,0.16592741012573242
99,0.21440233,0.21440233,0.4949818,0.32512543,0.16985637,0.16958212852478027
100,0.23630363,0.23630363,0.49254715,0.3239526,0.16859457,0.16841578483581543,0.07332343,0.07332343
101,0.21745174,0.21745174,0.4802692,0.31696364,0.16330557,0.16783881187438965
102,0.22596648,0.22596648,0.47034407,0.31495246,0.15539162,0.1674659252166748
103,0.23039085,0.23039085,0.46965924,0.3106132,0.15904605,0.16328954696655273
104,0.2168091,0.2168091,0.4700553,0.30795678,0.16209853,0.16313552856445312
105,0.21580376,0.21580376,0.46186173,0.30450848,0.15735325,0.16766834259033203,0.07967091,0.07967091
106,0.2224758,0.2224758,0.46983743,0.31242493,0.15741248,0.1682755947113037
107,0.21343024,0.21343024,0.4548868,0.29852784,0.15635897,0.16434788703918457
108,0.23401336,0.23401336,0.43917036,0.29221708,0.14695327,0.16875934600830078
109,0.22780837,0.22780837,0.4485447,0.3007431,0.14780161,0.17004895210266113
110,0.2301632,0.2301632,0.4420569,0.29440302,0.14765388,0.16379570960998535,0.0757411,0.0757411
111,0.23230843,0.23230843,0.43835825,0.29779017,0.14056806,0.16881132125854492
112,0.2244868,0.2244868,0.43652096,0.29742852,0.13909245,0.16893696784973145
113,0.22513093,0.22513093,0.44186664,0.30383968,0.13802697,0.17680621147155762
114,0.22330353,0.22330353,0.44922692,0.31014055,0.13908637,0.18074584007263184
115,0.21877605,0.21877605,0.43819135,0.29646713,0.14172423,0.16788315773010254,0.07343013,0.07343013
116,0.2169862,0.2169862,0.43602836,0.29548255,0.1405458,0.16837525367736816
117,0.22695637,0.22695637,0.4306296,0.29305533,0.1375743,0.1695859432220459
118,0.21211286,0.21211286,0.42368615,0.2874231,0.13626303,0.16603565216064453
119,0.22602183,0.22602183,0.41282344,0.2804208,0.13240263,0.17009806632995605
120,0.22636144,0.22636144,0.40733737,0.278045,0.12929235,0.16811203956604004,0.0716862,0.0716862,120,0.0716862
121,0.22480285,0.22480285,0.4171299,0.28583562,0.13129428,0.16924023628234863
122,0.22415537,0.22415537,0.41710955,0.28526473,0.1318448,0.17069125175476074
123,0.21282846,0.21282846,0.41032678,0.28239742,0.12792937,0.17070221900939941
124,0.21926464,0.21926464,0.41421148,0.2801977,0.13401377,0.17036128044128418
125,0.22202076,0.22202076,0.41007078,0.28221676,0.12785403,0.17029190063476562,0.0807485,0.0807485
126,0.2190476,0.2190476,0.40851885,0.27816862,0.13035025,0.17095589637756348
127,0.22185007,0.22185007,0.39951587,0.27330315,0.12621273,0.16483187675476074
128,0.22109921,0.22109921,0.4038331,0.27615702,0.12767607,0.16958880424499512
129,0.22221944,0.22221944,0.40325916,0.28255197,0.1207072,0.1662302017211914
130,0.21903557,0.21903557,0.39910042,0.27754444,0.12155597,0.17030763626098633,0.0728386,0.0728386
131,0.21313289,0.21313289,0.39104396,0.27189267,0.11915131,0.1642920970916748
132,0.21988688,0.21988688,0.3968209,0.27256823,0.124252684,0.1643216609954834
133,0.21863757,0.21863757,0.38564074,0.26661292,0.11902784,0.16999292373657227
134,0.21465945,0.21465945,0.3830698,0.26894018,0.11412962,0.17145681381225586
135,0.21957809,0.21957809,0.39020777,0.27274805,0.1174597,0.1703934669494629,0.07369488,0.07369488
136,0.22914645,0.22914645,0.38830563,0.2706717,0.117633946,0.16587567329406738
137,0.22038428,0.22038428,0.38266373,0.270983,0.1116807,0.1699230670928955
138,0.2198921,0.2198921,0.3830281,0.2687317,0.11429638,0.16424036026000977
139,0.21477509,0.21477509,0.3775934,0.26579335,0.111800045,0.16986560821533203
140,0.22089294,0.22089294,0.37024283,0.261794,0.10844882,0.18065381050109863,0.07230684,0.07230684
141,0.22081415,0.22081415,0.36586678,0.25763986,0.10822694,0.17172861099243164
142,0.21586983,0.21586983,0.3569789,0.25260398,0.10437492,0.17084622383117676
143,0.21516871,0.21516871,0.35862988,0.2547113,0.10391857,0.170180082321167
144,0.21091758,0.21091758,0.35655254,0.24973756,0.10681498,0.17153072357177734
145,0.21872249,0.21872249,0.35752046,0.25353113,0.10398932,0.17151832580566406,0.07438295,0.07438295
146,0.2061938,0.2061938,0.36387825,0.25878772,0.105090536,0.17702150344848633
147,0.2105168,0.2105168,0.3617427,0.26088303,0.100859664,0.16954445838928223
148,0.21943243,0.21943243,0.36301535,0.25790557,0.105109766,0.1704559326171875
149,0.21676299,0.21676299,0.35128623,0.25137416,0.09991208,0.16527056694030762
150,0.21021771,0.21021771,0.34681207,0.24957885,0.09723322,0.1707446575164795,0.07247924,0.07247924
151,0.22284219,0.22284219,0.34713382,0.25170496,0.09542884,0.1706228256225586
152,0.21188143,0.21188143,0.33882725,0.24408516,0.09474209,0.16971969604492188
153,0.21300973,0.21300973,0.33399552,0.24101125,0.09298427,0.16971135139465332
154,0.21418571,0.21418571,0.33785826,0.24361666,0.09424161,0.17012548446655273
155,0.21713127,0.21713127,0.33838627,0.24551262,0.09287364,0.17099618911743164,0.07471128,0.07471128
156,0.21191116,0.21191116,0.34207305,0.25024322,0.09182983,0.17092299461364746
157,0.21472694,0.21472694,0.3348933,0.24484989,0.09004338,0.1714944839477539
158,0.21554792,0.21554792,0.33296221,0.24005646,0.092905745,0.17191219329833984
159,0.21868865,0.21868865,0.3207708,0.23136447,0.089406334,0.17233538627624512
160,0.21391739,0.21391739,0.31882903,0.228852,0.08997703,0.17066264152526855,0.07193622,0.07193622
161,0.21357639,0.21357639,0.31009936,0.22395101,0.086148344,0.1697680950164795
162,0.2142121,0.2142121,0.31543097,0.22998223,0.08544874,0.16880106925964355
163,0.21385863,0.21385863,0.31627572,0.23015761,0.086118095,0.16917181015014648
164,0.21753365,0.21753365,0.3143574,0.22827202,0.08608537,0.16889381408691406
165,0.20914298,0.20914298,0.31518167,0.2305939,0.08458777,0.16996288299560547,0.0721938,0.0721938
166,0.21055122,0.21055122,0.3139462,0.23120292,0.08274327,0.1696772575378418
167,0.21890408,0.21890408,0.31864086,0.23585929,0.08278157,0.1676771640777588
168,0.20908724,0.20908724,0.3222038,0.23980118,0.082402594,0.1757979393005371
169,0.21448487,0.21448487,0.31962904,0.23553498,0.08409406,0.18041181564331055
170,0.21674328,0.21674328,0.31677848,0.23215005,0.08462843,0.16923952102661133,0.073006436,0.073006436
171,0.2118942,0.2118942,0.31285495,0.23038152,0.08247342,0.16488218307495117
172,0.2108728,0.2108728,0.31272557,0.23173566,0.08098991,0.17159414291381836
173,0.21870828,0.21870828,0.30821759,0.2271664,0.081051186,0.16898441314697266
174,0.20695613,0.20695613,0.30256477,0.22461288,0.07795189,0.1702592372894287
175,0.2096333,0.2096333,0.29699332,0.22162189,0.075371444,0.1717526912689209,0.071878396,0.071878396
176,0.21038601,0.21038601,0.29436,0.22075476,0.07360526,0.17125272750854492
177,0.22227806,0.22227806,0.2917035,0.21627602,0.07542747,0.16962409019470215
178,0.21447621,0.21447621,0.2920464,0.21753079,0.07451561,0.17087388038635254
179,0.21193838,0.21193838,0.27363867,0.20190005,0.07173861,0.16622662544250488
180,0.2094588,0.2094588,0.28679818,0.21437249,0.07242569,0.17067575454711914,0.07043631,0.07043631,180,0.07043631
181,0.21269175,0.21269175,0.28717858,0.21310759,0.074070975,0.17214035987854004
182,0.21259853,0.21259853,0.28341478,0.21307455,0.07034022,0.17391681671142578
183,0.2092355,0.2092355,0.2871652,0.2152712,0.07189398,0.16710686683654785
184,0.20704539,0.20704539,0.2802609,0.20946087,0.07080003,0.17057514190673828
185,0.2084259,0.2084259,0.2837368,0.21149059,0.0722462,0.17119717597961426,0.07385044,0.07385044
186,0.21185316,0.21185316,0.27931535,0.20964915,0.0696662,0.17072463035583496
187,0.21461318,0.21461318,0.2818696,0.21092111,0.070948474,0.1654665470123291
188,0.21268642,0.21268642,0.27624843,0.20680322,0.0694452,0.1710672378540039
189,0.20688263,0.20688263,0.28465176,0.2149358,0.06971598,0.1655254364013672
190,0.2140554,0.2140554,0.2696319,0.20053843,0.069093466,0.17104649543762207,0.07296804,0.07296804
191,0.20919216,0.20919216,0.26916647,0.20197047,0.067196,0.16737723350524902
192,0.21389572,0.21389572,0.2658251,0.20070362,0.06512147,0.1704423427581787
193,0.20765117,0.20765117,0.26481324,0.19669574,0.06811751,0.17064189910888672
194,0.22124974,0.22124974,0.2653094,0.20127925,0.06403014,0.17089223861694336
195,0.21143474,0.21143474,0.26548228,0.20058124,0.06490105,0.17103910446166992,0.07099444,0.07099444
196,0.21084136,0.21084136,0.26637208,0.2007197,0.06565237,0.17806458473205566
197,0.20893481,0.20893481,0.26477838,0.20026332,0.06451506,0.17272281646728516
198,0.20813301,0.20813301,0.26626962,0.20342405,0.06284558,0.17191481590270996
199,0.2113684,0.2113684,0.2618361,0.19852138,0.063314736,0.17136144638061523
200,0.21183985,0.21183985,0.25706625,0.19592288,0.061143383,0.17207980155944824,0.071172126,0.071172126
201,0.2133507,0.2133507,0.25347224,0.19363432,0.059837926,0.17244315147399902
202,0.21200174,0.21200174,0.25249875,0.19232944,0.060169317,0.17097258567810059
203,0.21608573,0.21608573,0.25709763,0.19583683,0.0612608,0.17161846160888672
204,0.21808213,0.21808213,0.25627413,0.1969841,0.059290044,0.17086029052734375
205,0.21392757,0.21392757,0.25809637,0.19617285,0.061923526,0.17046904563903809,0.072105356,0.072105356
206,0.21065116,0.21065116,0.25787884,0.19687852,0.06100032,0.17122578620910645
207,0.21977623,0.21977623,0.2480268,0.18876654,0.059260264,0.17077088356018066
208,0.2176759,0.2176759,0.2473763,0.18944223,0.05793407,0.17045307159423828
209,0.2121362,0.2121362,0.24818799,0.18850404,0.05968395,0.17064595222473145
210,0.21011756,0.21011756,0.25595647,0.19393271,0.06202377,0.17135858535766602,0.073049374,0.073049374
211,0.21175441,0.21175441,0.25482306,0.1925609,0.06226215,0.17143011093139648
212,0.21210918,0.21210918,0.24964271,0.19013958,0.05950314,0.16993236541748047
213,0.21123984,0.21123984,0.24768598,0.18889652,0.05878946,0.1705455780029297
214,0.20961273,0.20961273,0.24316092,0.18686135,0.056299567,0.17040610313415527
215,0.20935884,0.20935884,0.24040514,0.18445098,0.055954162,0.17031478881835938,0.07144992,0.07144992
216,0.20564948,0.20564948,0.24188438,0.18507814,0.056806233,0.17074894905090332
217,0.20627032,0.20627032,0.24332535,0.18667994,0.056645416,0.17076754570007324
218,0.21328793,0.21328793,0.24230568,0.18594347,0.05636221,0.17118144035339355
219,0.21175496,0.21175496,0.24800308,0.18848768,0.059515398,0.18168330192565918
220,0.20945285,0.20945285,0.23731117,0.18445729,0.05285388,0.1837294101715088,0.07137074,0.07137074
221,0.21477018,0.21477018,0.24247023,0.18694608,0.05552416,0.1705646514892578
222,0.21255983,0.21255983,0.23205045,0.17846462,0.053585827,0.17084932327270508
223,0.21602991,0.21602991,0.23969835,0.18582727,0.05387108,0.17202973365783691
224,0.2147207,0.2147207,0.23342352,0.18030775,0.053115766,0.17199373245239258
225,0.21222858,0.21222858,0.24024937,0.18576112,0.054488238,0.17123174667358398,0.073441796,0.073441796
226,0.21216606,0.21216606,0.2463435,0.1924556,0.05388789,0.1712493896484375
227,0.21290605,0.21290605,0.24273574,0.18748888,0.055246852,0.1706676483154297
228,0.21248013,0.21248013,0.23659906,0.18377557,0.05282349,0.1703476905822754
229,0.21356818,0.21356818,0.23176706,0.18080147,0.050965592,0.1709136962890625
230,0.20910056,0.20910056,0.23115543,0.1811694,0.049986012,0.17098069190979004,0.07301255,0.07301255
231,0.20979053,0.20979053,0.22330907,0.17425594,0.04905313,0.1719837188720703
232,0.21488138,0.21488138,0.22112082,0.17050603,0.05061479,0.17159152030944824
233,0.21567962,0.21567962,0.22480051,0.17557847,0.049222037,0.17193984985351562
234,0.20907722,0.20907722,0.23250973,0.17883556,0.053674184,0.17333745956420898
235,0.21000507,0.21000507,0.22688845,0.17655781,0.050330635,0.17267751693725586,0.07059086,0.07059086
236,0.21205926,0.21205926,0.22356714,0.17301111,0.050556038,0.17236733436584473
237,0.21417713,0.21417713,0.2247079,0.17438821,0.050319683,0.17200922966003418
238,0.21053071,0.21053071,0.21909754,0.17043224,0.048665296,0.17326045036315918
239,0.21150489,0.21150489,0.22458062,0.17424147,0.050339147,0.16997218132019043
240,0.21222587,0.21222587,0.21504664,0.16707218,0.04797446,0.1691875457763672,0.070989296,0.070989296
241,0.21037205,0.21037205,0.22097656,0.17213418,0.048842378,0.16983819007873535
242,0.20935333,0.20935333,0.21816121,0.17022604,0.04793517,0.1695089340209961
243,0.20425302,0.20425302,0.21929243,0.17097977,0.04831266,0.1697239875793457
244,0.20537494,0.20537494,0.21702722,0.16842431,0.0486029,0.16924428939819336
245,0.21014778,0.21014778,0.21733525,0.17111409,0.046221163,0.1690504550933838,0.07137185,0.07137185
246,0.20608243,0.20608243,0.21638604,0.16758308,0.04880296,0.16910076141357422
247,0.21098411,0.21098411,0.21864939,0.17182505,0.046824344,0.17595434188842773
248,0.2140692,0.2140692,0.21159336,0.16515888,0.046434477,0.16923975944519043
249,0.21463759,0.21463759,0.21598983,0.16960602,0.046383806,0.1695420742034912
250,0.20870401,0.20870401,0.21627027,0.16859725,0.047673024,0.1783592700958252,0.07389563,0.07389563
251,0.21268752,0.21268752,0.21027589,0.16467752,0.045598365,0.1831035614013672
252,0.20971595,0.20971595,0.21721666,0.17151226,0.0457044,0.16942501068115234
253,0.20748931,0.20748931,0.21300468,0.16696756,0.04603713,0.17291641235351562
254,0.20851834,0.20851834,0.20806247,0.16291776,0.045144714,0.16891813278198242
255,0.22046821,0.22046821,0.21473975,0.16908559,0.045654166,0.1693403720855713,0.07416894,0.07416894
256,0.21158272,0.21158272,0.20949546,0.16382302,0.04567244,0.16487693786621094
257,0.21029647,0.21029647,0.209167,0.164618,0.044548996,0.16910076141357422
258,0.20908168,0.20908168,0.20408931,0.15896755,0.045121767,0.17003917694091797
259,0.21480964,0.21480964,0.20462999,0.15982881,0.04480118,0.169569730758667
260,0.215884,0.215884,0.20619603,0.16340676,0.042789266,0.16562676429748535,0.072917126,0.072917126
261,0.20862693,0.20862693,0.19748439,0.15429287,0.043191522,0.17826223373413086
262,0.20997784,0.20997784,0.2019059,0.1580874,0.0438185,0.1819150447845459
263,0.21115524,0.21115524,0.20261073,0.16042574,0.042184994,0.1653916835784912
264,0.20622738,0.20622738,0.20751065,0.16426143,0.043249212,0.16965389251708984
265,0.20684768,0.20684768,0.2043163,0.16137622,0.042940076,0.1641390323638916,0.071825385,0.071825385
266,0.20754619,0.20754619,0.2008263,0.15927203,0.041554276,0.17072439193725586
267,0.20759647,0.20759647,0.195343,0.15316029,0.042182714,0.17061400413513184
268,0.20929766,0.20929766,0.20042273,0.15786308,0.042559646,0.16998839378356934
269,0.20867042,0.20867042,0.1956431,0.15419856,0.041444536,0.16638517379760742
270,0.20986724,0.20986724,0.19166653,0.15083787,0.040828656,0.16281747817993164,0.07146498,0.07146498
271,0.20497982,0.20497982,0.19780135,0.15641795,0.041383404,0.17127275466918945
272,0.20730396,0.20730396,0.19317316,0.15363431,0.039538845,0.17119693756103516
273,0.20938915,0.20938915,0.19006445,0.14946079,0.04060365,0.16575193405151367
274,0.20387623,0.20387623,0.19947633,0.1588003,0.040676024,0.17047572135925293
275,0.20280963,0.20280963,0.19014928,0.1510506,0.039098676,0.16882705688476562,0.07118305,0.07118305
276,0.20751137,0.20751137,0.19526167,0.15364024,0.041621435,0.17070245742797852
277,0.21219015,0.21219015,0.19595286,0.15495743,0.04099543,0.17082977294921875
278,0.20789658,0.20789658,0.19582081,0.15495189,0.040868916,0.16985273361206055
279,0.20471439,0.20471439,0.18962862,0.15005073,0.039577886,0.17019295692443848
280,0.20678078,0.20678078,0.19862965,0.15807033,0.04055932,0.16594386100769043,0.07297281,0.07297281
281,0.20431763,0.20431763,0.18998994,0.15132287,0.03866707,0.17070627212524414
282,0.20550764,0.20550764,0.20013739,0.16010563,0.040031757,0.16644787788391113
283,0.20629743,0.20629743,0.19074696,0.15229979,0.03844718,0.1719045639038086
284,0.20562771,0.20562771,0.1861155,0.14937243,0.03674308,0.1722562313079834
285,0.20214708,0.20214708,0.18869466,0.14998485,0.0387098,0.17246508598327637,0.07074767,0.07074767
286,0.2060184,0.2060184,0.19801857,0.15819028,0.03982829,0.17222023010253906
287,0.20418255,0.20418255,0.1840033,0.14689068,0.0371126,0.17261958122253418
288,0.20455045,0.20455045,0.18357952,0.14670718,0.03687234,0.17202997207641602
289,0.20345178,0.20345178,0.18381742,0.14654303,0.037274398,0.17227673530578613
290,0.2046614,0.2046614,0.18207103,0.14405698,0.03801406,0.17244291305541992,0.07142192,0.07142192
291,0.20633847,0.20633847,0.18591845,0.14920768,0.03671076,0.1729903221130371
292,0.20651531,0.20651531,0.18774,0.15068458,0.037055425,0.17417669296264648
293,0.20456092,0.20456092,0.1818925,0.14627631,0.035616193,0.1731252670288086
294,0.20462467,0.20462467,0.18272251,0.14513908,0.037583433,0.17234182357788086
295,0.2015398,0.2015398,0.18878298,0.15170072,0.03708226,0.17294645309448242,0.0715773,0.0715773
296,0.20555176,0.20555176,0.18320103,0.14682744,0.03637359,0.17240476608276367
297,0.20397939,0.20397939,0.18437472,0.1480674,0.036307316,0.17861318588256836
298,0.20382667,0.20382667,0.17709519,0.14217371,0.034921486,0.17184758186340332
299,0.20821075,0.20821075,0.1834624,0.1472684,0.036193997,0.17365312576293945
300,0.20669644,0.20669644,0.18254757,0.14630075,0.036246818,0.1730656623840332,0.07039835,0.07039835
301,0.20473155,0.20473155,0.1843229,0.14773726,0.03658562,0.17301106452941895
302,0.20473884,0.20473884,0.18166651,0.14609288,0.035573628,0.17210912704467773
303,0.2065298,0.2065298,0.18090667,0.14673951,0.03416716,0.17107033729553223
304,0.21138506,0.21138506,0.16398801,0.13049638,0.033491626,0.17208051681518555
305,0.20861697,0.20861697,0.17497942,0.14073479,0.034244623,0.17219305038452148,0.070785925,0.070785925
306,0.20525022,0.20525022,0.1780825,0.14300686,0.03507564,0.17250514030456543
307,0.20233639,0.20233639,0.17513877,0.14035422,0.034784563,0.17228460311889648
308,0.20538497,0.20538497,0.1818165,0.14722998,0.034586515,0.17210149765014648
309,0.20781894,0.20781894,0.17214534,0.1392275,0.032917846,0.17225241661071777
310,0.20792533,0.20792533,0.18193468,0.14826186,0.033672832,0.17186284065246582,0.072957724,0.072957724
311,0.20987575,0.20987575,0.18039587,0.14549778,0.034898095,0.17140412330627441
312,0.20900814,0.20900814,0.18185869,0.14683923,0.03501946,0.17171120643615723
313,0.20493823,0.20493823,0.17895989,0.14446473,0.03449516,0.1720273494720459
314,0.20388882,0.20388882,0.17418124,0.14143375,0.032747496,0.17183327674865723
315,0.2018776,0.2018776,0.16734336,0.13420986,0.033133503,0.17218613624572754,0.071017936,0.071017936
316,0.21228321,0.21228321,0.16913047,0.13716035,0.031970132,0.1731855869293213
317,0.20655578,0.20655578,0.16877618,0.13674456,0.03203162,0.17255067825317383
318,0.20678902,0.20678902,0.16676815,0.13545576,0.031312387,0.17090249061584473
319,0.20368044,0.20368044,0.16834368,0.13628441,0.032059267,0.1720881462097168
320,0.20686463,0.20686463,0.16765429,0.13344418,0.034210112,0.1725783348083496,0.071552925,0.071552925
321,0.20657662,0.20657662,0.17152084,0.13954489,0.031975955,0.17232346534729004
322,0.20968172,0.20968172,0.16860217,0.13564464,0.032957524,0.17389655113220215
323,0.20873308,0.20873308,0.17436305,0.14213938,0.03222367,0.17294573783874512
324,0.20670907,0.20670907,0.16403781,0.13289596,0.03114185,0.17153048515319824
325,0.20481193,0.20481193,0.17088947,0.13941287,0.031476602,0.17597198486328125,0.07112443,0.07112443
326,0.20398632,0.20398632,0.17176563,0.13904338,0.032722242,0.17296528816223145
327,0.2148809,0.2148809,0.17192313,0.14063333,0.031289805,0.17177700996398926
328,0.20339252,0.20339252,0.17185682,0.13990611,0.03195072,0.17569375038146973
329,0.20326447,0.20326447,0.16684708,0.13685997,0.029987114,0.1735241413116455
330,0.21102722,0.21102722,0.15955885,0.12931484,0.030244002,0.16740179061889648,0.069985025,0.069985025
331,0.20762655,0.20762655,0.16197853,0.13160251,0.030376023,0.17341327667236328
332,0.20304152,0.20304152,0.16351952,0.13415615,0.029363362,0.17263340950012207
333,0.20327017,0.20327017,0.16981776,0.13905409,0.030763675,0.1729576587677002
334,0.20814385,0.20814385,0.16772194,0.13572387,0.031998064,0.1684885025024414
335,0.20944034,0.20944034,0.16844496,0.1383233,0.030121656,0.16762351989746094,0.07215816,0.07215816
336,0.20642594,0.20642594,0.16286194,0.1324923,0.03036964,0.17391300201416016
337,0.20640278,0.20640278,0.16549706,0.13384838,0.031648684,0.18115639686584473
338,0.20452009,0.20452009,0.1622365,0.13144967,0.030786825,0.18460893630981445
339,0.20475727,0.20475727,0.16429833,0.13366866,0.030629657,0.17349934577941895
340,0.20534614,0.20534614,0.16427489,0.13380687,0.030468015,0.17419028282165527,0.07114612,0.07114612
341,0.2069647,0.2069647,0.16771322,0.13623881,0.031474404,0.1744232177734375
342,0.20407829,0.20407829,0.16742888,0.1369633,0.030465582,0.17385506629943848
343,0.20074846,0.20074846,0.1690091,0.1389266,0.030082515,0.17319035530090332
344,0.20878461,0.20878461,0.16342941,0.13382815,0.029601257,0.18048763275146484
345,0.20887142,0.20887142,0.1681939,0.13850269,0.029691216,0.1845853328704834,0.07012181,0.07012181
346,0.20623119,0.20623119,0.16751942,0.13760269,0.029916737,0.17923712730407715
347,0.2037154,0.2037154,0.16776489,0.13762325,0.03014164,0.18071508407592773
348,0.20729992,0.20729992,0.16390102,0.13357194,0.03032908,0.18322181701660156
349,0.20586097,0.20586097,0.17672315,0.14616299,0.030560171,0.17451906204223633
350,0.2097324,0.2097324,0.16203257,0.13214299,0.029889587,0.17437744140625,0.0714735,0.0714735
351,0.20503446,0.20503446,0.16414323,0.13490875,0.029234476,0.17102980613708496
352,0.20541826,0.20541826,0.16965136,0.13924082,0.030410537,0.17140746116638184
353,0.20608358,0.20608358,0.15949376,0.13114807,0.028345691,0.17096567153930664
354,0.20424117,0.20424117,0.16182181,0.13352364,0.028298164,0.17571139335632324
355,0.20631866,0.20631866,0.15496036,0.1268281,0.02813226,0.17184877395629883,0.070582956,0.070582956
356,0.20613106,0.20613106,0.16029811,0.13112208,0.029176034,0.17043137550354004
357,0.20411697,0.20411697,0.15332979,0.12575673,0.027573062,0.17054271697998047
358,0.20639749,0.20639749,0.15565169,0.12788038,0.027771309,0.17045044898986816
359,0.20234348,0.20234348,0.15380771,0.12575258,0.028055133,0.17023634910583496
360,0.2010871,0.2010871,0.15420848,0.12569703,0.028511446,0.1703014373779297,0.07058988,0.07058988
361,0.20816861,0.20816861,0.15427443,0.12590192,0.028372513,0.17127203941345215
362,0.20556,0.20556,0.16230536,0.13443173,0.027873622,0.17419028282165527
363,0.2040464,0.2040464,0.15244271,0.124934435,0.027508277,0.17287707328796387
364,0.20935337,0.20935337,0.16058327,0.13224222,0.028341059,0.1707603931427002
365,0.20536987,0.20536987,0.15239513,0.12600297,0.02639217,0.17113208770751953,0.07143266,0.07143266
366,0.20425712,0.20425712,0.14976382,0.12324464,0.026519185,0.17162227630615234
367,0.20367087,0.20367087,0.15528606,0.12718317,0.028102886,0.17168831825256348
368,0.2013757,0.2013757,0.14711992,0.12023202,0.0268879,0.17139220237731934
369,0.20481594,0.20481594,0.14884302,0.12278402,0.026059004,0.17177510261535645
370,0.20248155,0.20248155,0.15609488,0.12802844,0.028066445,0.175675630569458,0.07103224,0.07103224
371,0.20172046,0.20172046,0.15633957,0.12870616,0.027633408,0.1766045093536377
372,0.20193046,0.20193046,0.155791,0.1276923,0.0280987,0.17316055297851562
373,0.20125705,0.20125705,0.15311718,0.12641318,0.026704004,0.17318010330200195
374,0.22651267,0.22651267,0.15895706,0.13137361,0.027583448,0.1736738681793213
375,0.20875676,0.20875676,0.15152387,0.12477555,0.026748316,0.1744527816772461,0.076428436,0.076428436
376,0.22113395,0.22113395,0.16134098,0.13473766,0.026603334,0.17270231246948242
377,0.21701057,0.21701057,0.15257807,0.12566093,0.02691714,0.17258477210998535
378,0.21891539,0.21891539,0.15252283,0.12756744,0.024955396,0.17114543914794922
379,0.21448083,0.21448083,0.14968005,0.123900086,0.02577996,0.1751420497894287
380,0.21769945,0.21769945,0.14733274,0.122369505,0.024963237,0.1707761287689209,0.07210864,0.07210864
381,0.22037426,0.22037426,0.14948313,0.12411487,0.025368262,0.17084622383117676
382,0.22080882,0.22080882,0.14809798,0.124109045,0.023988936,0.16989850997924805
383,0.20596881,0.20596881,0.15898396,0.13282664,0.02615732,0.17046594619750977
384,0.21876614,0.21876614,0.15001227,0.12461886,0.025393417,0.17028069496154785
385,0.21568364,0.21568364,0.154086,0.12725997,0.026826028,0.17107248306274414,0.07301717,0.07301717
386,0.21609518,0.21609518,0.15375902,0.12689091,0.026868101,0.1715834140777588
387,0.2201801,0.2201801,0.1593298,0.13169198,0.027637826,0.17409014701843262
388,0.20982617,0.20982617,0.15375179,0.12802847,0.025723323,0.17344307899475098
389,0.23143916,0.23143916,0.15854931,0.13295497,0.02559434,0.17060160636901855
390,0.21449202,0.21449202,0.14750566,0.1216592,0.025846455,0.17139601707458496,0.07158789,0.07158789
391,0.2184953,0.2184953,0.14741932,0.121950544,0.02546877,0.1726689338684082
392,0.2184047,0.2184047,0.150614,0.12517525,0.025438739,0.17072153091430664
393,0.21293071,0.21293071,0.15244658,0.12548167,0.026964914,0.1705782413482666
394,0.21418998,0.21418998,0.15246235,0.12626882,0.02619353,0.17172789573669434
395,0.22432034,0.22432034,0.15331605,0.12761892,0.025697129,0.17178869247436523,0.0732001,0.0732001
396,0.21558315,0.21558315,0.15025403,0.123732045,0.02652198,0.17119622230529785
397,0.21729854,0.21729854,0.15535788,0.12949583,0.025862057,0.17082476615905762
398,0.21649735,0.21649735,0.15372872,0.12811808,0.025610644,0.1705029010772705
399,0.21435392,0.21435392,0.14728975,0.12150252,0.025787234,0.17623090744018555
400,0.20632564,0.20632564,0.14930359,0.12471704,0.024586545,0.16983294486999512,0.07483725,0.07483725
401,0.21234706,0.21234706,0.14692536,0.12227475,0.024650618,0.1706235408782959
402,0.2067123,0.2067123,0.14862399,0.12351055,0.025113435,0.17984819412231445
403,0.2135268,0.2135268,0.15063168,0.12656319,0.024068484,0.18052887916564941
404,0.20786218,0.20786218,0.14486986,0.12012598,0.024743887,0.18089032173156738
405,0.20978479,0.20978479,0.15148972,0.12628756,0.02520216,0.17589879035949707,0.07096852,0.07096852
406,0.20890066,0.20890066,0.14474036,0.1201472,0.024593158,0.17177295684814453
407,0.20888291,0.20888291,0.14719827,0.12243754,0.024760742,0.1781015396118164
408,0.20574707,0.20574707,0.1507095,0.12607719,0.024632307,0.18186712265014648
409,0.21417674,0.21417674,0.14891592,0.12381431,0.025101604,0.17027854919433594
410,0.20987853,0.20987853,0.15222548,0.12738119,0.024844283,0.17031073570251465,0.07121621,0.07121621
411,0.21244167,0.21244167,0.14917481,0.12465265,0.024522163,0.17101311683654785
412,0.20993039,0.20993039,0.15054655,0.125903,0.024643563,0.1752638816833496
413,0.20870802,0.20870802,0.14830503,0.12549943,0.022805601,0.1726691722869873
414,0.20391288,0.20391288,0.14343467,0.11965072,0.02378396,0.16985535621643066
415,0.20471275,0.20471275,0.1439237,0.11990128,0.024022426,0.17027759552001953,0.07104591,0.07104591
416,0.20718402,0.20718402,0.15672623,0.13091217,0.025814062,0.17110610008239746
417,0.20352454,0.20352454,0.15027648,0.124867685,0.025408791,0.17085742950439453
418,0.20716457,0.20716457,0.1455302,0.120943755,0.024586434,0.17038893699645996
419,0.21712624,0.21712624,0.14213042,0.11869678,0.02343364,0.17115235328674316
420,0.20739852,0.20739852,0.1457314,0.121461466,0.024269942,0.17995667457580566,0.070117556,0.070117556
421,0.20383613,0.20383613,0.15018243,0.12658891,0.023593508,0.17437314987182617
422,0.21001434,0.21001434,0.1441077,0.120759435,0.023348268,0.17333984375
423,0.20629846,0.20629846,0.14437564,0.12181464,0.022560997,0.1703178882598877
424,0.20413318,0.20413318,0.1400524,0.117955945,0.022096446,0.1698911190032959
425,0.20088176,0.20088176,0.13999502,0.11756449,0.02243053,0.16965842247009277,0.07067461,0.07067461
426,0.20396805,0.20396805,0.14273477,0.119219996,0.023514776,0.17058086395263672
427,0.20162925,0.20162925,0.1405107,0.11795484,0.022555856,0.1699986457824707
428,0.20176025,0.20176025,0.1363856,0.115086965,0.021298641,0.17610383033752441
429,0.20093396,0.20093396,0.14487475,0.123099424,0.021775326,0.17409634590148926
430,0.20376132,0.20376132,0.14141525,0.119851544,0.021563709,0.17895245552062988,0.07104593,0.07104593
431,0.20155399,0.20155399,0.14429379,0.12191009,0.02238369,0.18137073516845703
432,0.20894997,0.20894997,0.14345136,0.12143403,0.022017336,0.17093491554260254
433,0.20375726,0.20375726,0.14136204,0.119597524,0.021764515,0.17026710510253906
434,0.20128897,0.20128897,0.14442019,0.12178148,0.022638706,0.1711864471435547
435,0.20707263,0.20707263,0.14135396,0.11887075,0.02248322,0.17929387092590332,0.072009996,0.072009996
436,0.20607178,0.20607178,0.14052951,0.11831793,0.022211583,0.18642210960388184
437,0.2036546,0.2036546,0.13338396,0.11179388,0.021590082,0.18013787269592285
438,0.20678002,0.20678002,0.14338958,0.12067801,0.02271157,0.18071699142456055
439,0.20785068,0.20785068,0.14055653,0.11764334,0.022913191,0.18039703369140625
440,0.20306759,0.20306759,0.1412928,0.11961797,0.021674821,0.17960739135742188,0.07057328,0.07057328
441,0.20952415,0.20952415,0.14998437,0.12745754,0.022526834,0.17231130599975586
442,0.2028638,0.2028638,0.14337067,0.12082785,0.022542816,0.17024612426757812
443,0.20211875,0.20211875,0.14492393,0.12192758,0.022996347,0.17012310028076172
444,0.20392461,0.20392461,0.14486896,0.120164596,0.024704361,0.17130756378173828
445,0.20589748,0.20589748,0.13773647,0.11534399,0.022392485,0.17130231857299805,0.071492575,0.071492575
446,0.20615451,0.20615451,0.14416504,0.121407434,0.022757603,0.17060160636901855
447,0.2041959,0.2041959,0.13963574,0.11730318,0.022332571,0.17609119415283203
448,0.20243499,0.20243499,0.14610097,0.1229753,0.023125676,0.17075467109680176
449,0.20149244,0.20149244,0.1457242,0.12334562,0.022378594,0.17087864875793457
450,0.20296493,0.20296493,0.139896,0.11807374,0.02182227,0.17944073677062988,0.07040098,0.07040098
451,0.20204517,0.20204517,0.1449308,0.12175375,0.02317704,0.17136526107788086
452,0.2046344,0.2046344,0.13710602,0.11552274,0.02158327,0.17081117630004883
453,0.20324975,0.20324975,0.14546473,0.12334918,0.022115547,0.17101669311523438
454,0.20123294,0.20123294,0.14505744,0.122518435,0.022539001,0.1709918975830078
455,0.20030513,0.20030513,0.14219806,0.12043601,0.021762041,0.17114973068237305,0.07070938,0.07070938
456,0.20521784,0.20521784,0.14359495,0.12167351,0.021921434,0.1706697940826416
457,0.20041978,0.20041978,0.14067066,0.118920945,0.021749718,0.1696627140045166
458,0.20322993,0.20322993,0.14480443,0.12338066,0.021423774,0.1704719066619873
459,0.20467494,0.20467494,0.14321953,0.12181593,0.02140361,0.16982293128967285
460,0.19983843,0.19983843,0.14835536,0.12604979,0.022305582,0.17061161994934082,0.070149645,0.070149645
461,0.20107162,0.20107162,0.14188555,0.12052369,0.021361854,0.17955255508422852
462,0.2034238,0.2034238,0.13953534,0.11852899,0.021006351,0.18560242652893066
463,0.20311923,0.20311923,0.14272384,0.12134352,0.021380318,0.1821269989013672
464,0.20275906,0.20275906,0.14148486,0.11956179,0.021923061,0.18079018592834473
465,0.20370762,0.20370762,0.14291102,0.120968096,0.021942915,0.17513370513916016,0.07149913,0.07149913
466,0.20370568,0.20370568,0.13933541,0.118266635,0.02106877,0.1716921329498291
467,0.20258155,0.20258155,0.13572824,0.11432171,0.021406535,0.1709911823272705
468,0.20144399,0.20144399,0.14094952,0.119474545,0.021474965,0.17107057571411133
469,0.20396745,0.20396745,0.1396216,0.11834766,0.021273939,0.17155694961547852
470,0.19925418,0.19925418,0.14025557,0.120230556,0.020025019,0.17114925384521484,0.07054099,0.07054099
471,0.19988035,0.19988035,0.1338536,0.11335043,0.020503167,0.17226767539978027
472,0.20352946,0.20352946,0.13633168,0.11650253,0.019829148,0.17953181266784668
473,0.19988781,0.19988781,0.13633443,0.116667256,0.019667184,0.18103861808776855
474,0.2038553,0.2038553,0.13529812,0.1161117,0.019186419,0.1782526969909668
475,0.20539375,0.20539375,0.13022391,0.11120419,0.019019721,0.17272567749023438,0.07055602,0.07055602
476,0.20338565,0.20338565,0.12834983,0.10880787,0.019541955,0.1716015338897705
477,0.20439586,0.20439586,0.12937587,0.110179044,0.019196825,0.17039990425109863
478,0.2030902,0.2030902,0.13110884,0.11169213,0.01941671,0.170881986618042
479,0.20511132,0.20511132,0.13312353,0.11295865,0.020164883,0.1709299087524414
480,0.20397517,0.20397517,0.13365225,0.11453648,0.019115776,0.17144441604614258,0.06989645,0.06989645
481,0.1999223,0.1999223,0.13887806,0.11817084,0.020707218,0.17949223518371582
482,0.20060773,0.20060773,0.13892293,0.11819884,0.020724082,0.17539525032043457
483,0.20089246,0.20089246,0.13962679,0.119637944,0.019988848,0.1716480255126953
484,0.20296605,0.20296605,0.12932049,0.10957253,0.019747958,0.17306756973266602
485,0.19939372,0.19939372,0.14887607,0.12853268,0.020343386,0.17325234413146973,0.070788495,0.070788495
486,0.20309459,0.20309459,0.13783489,0.11845038,0.019384516,0.17548680305480957
487,0.20015174,0.20015174,0.12710308,0.108582504,0.018520575,0.17250537872314453
488,0.20225982,0.20225982,0.1343902,0.114971146,0.019419052,0.17251157760620117
489,0.20120107,0.20120107,0.12914746,0.11063935,0.018508108,0.17136812210083008
490,0.20649803,0.20649803,0.14004445,0.12028985,0.019754607,0.1723775863647461,0.07053692,0.07053692
491,0.2023727,0.2023727,0.12931657,0.11122692,0.018089648,0.17386603355407715
492,0.20026347,0.20026347,0.13793872,0.11869831,0.019240422,0.17277836799621582
493,0.2017061,0.2017061,0.1310254,0.11204063,0.01898478,0.17195606231689453
494,0.203358,0.203358,0.1296489,0.1108477,0.018801197,0.17083430290222168
495,0.20252432,0.20252432,0.13835488,0.118855916,0.019498972,0.17151999473571777,0.07033747,0.07033747
496,0.20071742,0.20071742,0.1291409,0.11007595,0.019064946,0.17101502418518066
497,0.20183581,0.20183581,0.12765577,0.10928236,0.018373415,0.17095685005187988
498,0.20270902,0.20270902,0.1332686,0.114558466,0.018710122,0.17000985145568848
499,0.20077598,0.20077598,0.13151668,0.11370056,0.01781612,0.17033982276916504
500,0.2011684,0.2011684,0.13698488,0.11743962,0.019545265,0.177659273147583,0.06993184,0.06993184
501,0.19788173,0.19788173,0.1265774,0.10872921,0.017848194,0.17031478881835938
502,0.19898911,0.19898911,0.13077356,0.11181645,0.018957114,0.17027902603149414
503,0.19855079,0.19855079,0.12067491,0.102654874,0.018020034,0.1713407039642334
504,0.19869281,0.19869281,0.1306737,0.11259126,0.01808244,0.17339849472045898
505,0.19893825,0.19893825,0.12877999,0.10982458,0.01895541,0.1814565658569336,0.07045784,0.07045784
506,0.19956271,0.19956271,0.12774234,0.10938941,0.01835293,0.18038702011108398
507,0.19907226,0.19907226,0.13094519,0.11255126,0.01839393,0.17430758476257324
508,0.19859459,0.19859459,0.13043147,0.112772636,0.017658832,0.17104363441467285
509,0.19939788,0.19939788,0.12555973,0.10777954,0.017780192,0.17148470878601074
510,0.1996244,0.1996244,0.13679297,0.11867107,0.018121902,0.17180514335632324,0.069812246,0.069812246
511,0.19930156,0.19930156,0.12391406,0.10586566,0.018048406,0.17012953758239746
512,0.19838734,0.19838734,0.12959732,0.11132182,0.018275503,0.17026162147521973
513,0.19776331,0.19776331,0.13562654,0.11643967,0.019186864,0.17124485969543457
514,0.2013771,0.2013771,0.132107,0.11350567,0.01860133,0.1804039478302002
515,0.19801654,0.19801654,0.13484952,0.11653732,0.018312203,0.1769392490386963,0.06997991,0.06997991
516,0.19923677,0.19923677,0.1312734,0.11277632,0.018497093,0.17212128639221191
517,0.19800125,0.19800125,0.13304752,0.115396366,0.017651161,0.17318367958068848
518,0.19869398,0.19869398,0.13238591,0.11515211,0.017233793,0.17784380912780762
519,0.1991211,0.1991211,0.12618631,0.10831694,0.017869366,0.17421722412109375
520,0.19790594,0.19790594,0.12253148,0.10547808,0.017053403,0.17267322540283203,0.07064743,0.07064743
521,0.19882715,0.19882715,0.13136779,0.11377925,0.017588545,0.1747269630432129
522,0.20139492,0.20139492,0.126394,0.109519444,0.016874552,0.18104863166809082
523,0.1987659,0.1987659,0.12427039,0.10770158,0.01656881,0.1817319393157959
524,0.20254257,0.20254257,0.12700787,0.10954708,0.01746079,0.18037176132202148
525,0.2009892,0.2009892,0.130482,0.112252235,0.018229768,0.17635583877563477,0.0699186,0.0699186
526,0.20033376,0.20033376,0.12845893,0.11068668,0.017772246,0.1723313331604004
527,0.19816716,0.19816716,0.12743269,0.10986836,0.017564328,0.17188739776611328
528,0.19877659,0.19877659,0.12927248,0.11120678,0.018065695,0.17294549942016602
529,0.20120819,0.20120819,0.12688543,0.109234065,0.01765136,0.17119336128234863
530,0.20085487,0.20085487,0.12256556,0.10586132,0.016704237,0.1722116470336914,0.07066651,0.07066651
531,0.20054524,0.20054524,0.13027011,0.112356015,0.0179141,0.1698455810546875
532,0.19969383,0.19969383,0.13602877,0.11784287,0.018185899,0.18140172958374023
533,0.1990946,0.1990946,0.12907809,0.11073769,0.018340394,0.18229341506958008
534,0.19931994,0.19931994,0.12751865,0.11010857,0.017410085,0.17771410942077637
535,0.19828838,0.19828838,0.1270858,0.10982336,0.017262446,0.17232561111450195,0.07010925,0.07010925
536,0.19861381,0.19861381,0.12890482,0.11169934,0.017205482,0.1701369285583496
537,0.19749096,0.19749096,0.13010676,0.1129185,0.017188264,0.17067956924438477
538,0.19899383,0.19899383,0.12858784,0.11142235,0.01716549,0.16899704933166504
539,0.19927102,0.19927102,0.13483512,0.11733441,0.017500717,0.1696913242340088
540,0.19854927,0.19854927,0.12817456,0.111518286,0.016656276,0.17159008979797363,0.06988515,0.06988515
541,0.1991005,0.1991005,0.12381629,0.10710593,0.016710354,0.18012142181396484
542,0.19764312,0.19764312,0.1299975,0.1131535,0.016844003,0.17650246620178223
543,0.19754234,0.19754234,0.12734763,0.110834405,0.016513227,0.17137670516967773
544,0.19827515,0.19827515,0.1304053,0.11325321,0.017152088,0.17086267471313477
545,0.19939975,0.19939975,0.12567505,0.10836897,0.01730609,0.1714305877685547,0.06999907,0.06999907
546,0.19944592,0.19944592,0.12917796,0.111971356,0.017206604,0.17316889762878418
547,0.19819756,0.19819756,0.12532221,0.10835877,0.016963437,0.16993212699890137
548,0.19874111,0.19874111,0.13052234,0.113663256,0.01685908,0.17553329467773438
549,0.1990052,0.1990052,0.13105948,0.1138258,0.01723368,0.17266583442687988
550,0.19714767,0.19714767,0.12255133,0.10592025,0.01663108,0.1717836856842041,0.06999596,0.06999596
551,0.1982787,0.1982787,0.12564225,0.10888314,0.016759114,0.17869925498962402
552,0.19787192,0.19787192,0.12625375,0.10994575,0.016308,0.17151117324829102
553,0.19886987,0.19886987,0.124402985,0.10777004,0.016632948,0.17015719413757324
554,0.19703282,0.19703282,0.1252721,0.10874662,0.016525479,0.16643667221069336
555,0.1968618,0.1968618,0.13329962,0.11615389,0.01714573,0.16556596755981445,0.070229,0.070229
556,0.19707213,0.19707213,0.12498918,0.10862726,0.016361924,0.1704542636871338
557,0.19863746,0.19863746,0.13138904,0.11490664,0.016482394,0.1715836524963379
558,0.19800036,0.19800036,0.12788783,0.11127988,0.016607953,0.17314434051513672
559,0.19667178,0.19667178,0.119389415,0.10319596,0.016193453,0.16593456268310547
560,0.19827896,0.19827896,0.1287932,0.11211388,0.016679322,0.17078948020935059,0.07120246,0.07120246
561,0.1970142,0.1970142,0.11961204,0.103615955,0.015996087,0.1712334156036377
562,0.19733725,0.19733725,0.12504256,0.10806893,0.016973635,0.16539788246154785
563,0.19891898,0.19891898,0.12521479,0.109414175,0.015800608,0.1715407371520996
564,0.19896236,0.19896236,0.1254336,0.10954728,0.01588632,0.1766047477722168
565,0.19849283,0.19849283,0.12880157,0.11250884,0.016292725,0.17904996871948242,0.06985133,0.06985133
566,0.19986422,0.19986422,0.1245454,0.10889631,0.015649095,0.16865110397338867
567,0.19874044,0.19874044,0.1247721,0.109396756,0.01537535,0.16531896591186523
568,0.1977958,0.1977958,0.12437297,0.1089848,0.015388171,0.16510772705078125
569,0.1982341,0.1982341,0.1225242,0.1060909,0.0164333,0.17064189910888672
570,0.19804172,0.19804172,0.12189663,0.10568996,0.016206672,0.17397284507751465,0.07009228,0.07009228
571,0.2000485,0.2000485,0.12403254,0.10826308,0.015769463,0.18102407455444336
572,0.19934978,0.19934978,0.12984736,0.11326965,0.016577719,0.17888474464416504
573,0.19882423,0.19882423,0.1317814,0.11509471,0.016686697,0.1722705364227295
574,0.19752815,0.19752815,0.12746094,0.11176674,0.015694201,0.1715857982635498
575,0.19740345,0.19740345,0.12409658,0.108182,0.015914584,0.17263484001159668,0.07002685,0.07002685
576,0.19789182,0.19789182,0.12461589,0.108460985,0.01615491,0.17104268074035645
577,0.1986478,0.1986478,0.12619889,0.11003345,0.016165437,0.17062044143676758
578,0.19926114,0.19926114,0.12228187,0.10680139,0.015480479,0.17149090766906738
579,0.1982068,0.1982068,0.12616822,0.10995097,0.016217252,0.17323589324951172
580,0.1984893,0.1984893,0.1202718,0.10442235,0.015849447,0.18097734451293945,0.07194706,0.07194706
581,0.19856842,0.19856842,0.120210975,0.1050293,0.015181672,0.17893385887145996
582,0.19819869,0.19819869,0.12008951,0.105304554,0.014784955,0.16845250129699707
583,0.1974432,0.1974432,0.11607436,0.10112578,0.014948586,0.16568374633789062
584,0.1978756,0.1978756,0.12514818,0.10940502,0.015743153,0.170501708984375
585,0.19765529,0.19765529,0.11751855,0.10228262,0.0152359335,0.1715993881225586,0.07128935,0.07128935
586,0.19874962,0.19874962,0.12165663,0.10614208,0.015514548,0.17138099670410156
587,0.19644603,0.19644603,0.123842865,0.10867017,0.015172697,0.17150115966796875
588,0.19878615,0.19878615,0.122153886,0.10688777,0.01526611,0.18060612678527832
589,0.19771121,0.19771121,0.11584541,0.10076697,0.01507844,0.1745738983154297
590,0.19736399,0.19736399,0.1243852,0.108771175,0.015614025,0.17021799087524414,0.069845065,0.069845065
591,0.19687477,0.19687477,0.12354402,0.10845509,0.015088928,0.1704850196838379
592,0.19648616,0.19648616,0.120471165,0.10519484,0.015276329,0.17072796821594238
593,0.19893394,0.19893394,0.12004885,0.10466081,0.015388045,0.16663050651550293
594,0.1991503,0.1991503,0.11652918,0.101798125,0.014731058,0.17101335525512695
595,0.19666488,0.19666488,0.11430035,0.09916491,0.015135438,0.1749567985534668,0.06964504,0.06964504
596,0.19926558,0.19926558,0.11524162,0.09958176,0.015659856,0.1684868335723877
597,0.1997326,0.1997326,0.12652291,0.110857956,0.015664954,0.16823148727416992
598,0.19705115,0.19705115,0.12569837,0.11013259,0.015565776,0.17264270782470703
599,0.19746448,0.19746448,0.11827889,0.10361364,0.0146652525,0.1703646183013916
600,0.19724636,0.19724636,0.11681764,0.101645075,0.015172566,0.17077207565307617,0.06990155,0.06990155
601,0.19689856,0.19689856,0.12146647,0.10599467,0.0154718,0.1647779941558838
602,0.19748689,0.19748689,0.11640558,0.101445965,0.014959608,0.17776942253112793
603,0.19813395,0.19813395,0.124754615,0.109692045,0.015062569,0.17703557014465332
604,0.19761947,0.19761947,0.120852485,0.106087625,0.014764863,0.1824963092803955
605,0.19843777,0.19843777,0.11884645,0.10361436,0.015232089,0.17728424072265625,0.07020058,0.07020058
606,0.19651657,0.19651657,0.11686847,0.10157735,0.015291127,0.17093920707702637
607,0.19622177,0.19622177,0.124480486,0.1095805,0.014899988,0.16611289978027344
608,0.1979922,0.1979922,0.12416958,0.108835906,0.015333673,0.17139792442321777
609,0.19808723,0.19808723,0.11896578,0.10407438,0.014891402,0.17109107971191406
610,0.19761287,0.19761287,0.11944857,0.10473458,0.014713998,0.17167377471923828,0.07100474,0.07100474
611,0.19764256,0.19764256,0.12105961,0.10613343,0.014926184,0.1704578399658203
612,0.19654857,0.19654857,0.119019374,0.103908226,0.015111145,0.17227864265441895
613,0.19738288,0.19738288,0.11888758,0.104466975,0.014420609,0.1707007884979248
614,0.19689037,0.19689037,0.1151886,0.10100784,0.014180761,0.16637372970581055
615,0.19627176,0.19627176,0.1212214,0.10660233,0.014619066,0.17105627059936523,0.07030306,0.07030306
616,0.19658718,0.19658718,0.12201841,0.107045785,0.014972625,0.17214345932006836
617,0.19693622,0.19693622,0.11713423,0.10256428,0.014569943,0.17111444473266602
618,0.19654801,0.19654801,0.12188418,0.10709429,0.014789895,0.17109966278076172
619,0.1968349,0.1968349,0.12324417,0.10855763,0.0146865435,0.1745302677154541
620,0.1970185,0.1970185,0.12291129,0.10841572,0.014495567,0.17477107048034668,0.06986228,0.06986228
621,0.19647859,0.19647859,0.118204795,0.10371305,0.014491745,0.17285370826721191
622,0.19808896,0.19808896,0.12028719,0.105688594,0.014598591,0.1713395118713379
623,0.19703397,0.19703397,0.12145025,0.10727102,0.014179228,0.17212414741516113
624,0.19781189,0.19781189,0.11952382,0.10519006,0.014333765,0.17119216918945312
625,0.19823943,0.19823943,0.117064625,0.10251059,0.014554041,0.17116284370422363,0.06986624,0.06986624
626,0.19631842,0.19631842,0.11422598,0.099785365,0.014440621,0.17233800888061523
627,0.1968097,0.1968097,0.12674597,0.11198287,0.014763104,0.17673826217651367
628,0.1970665,0.1970665,0.11498699,0.100770175,0.014216815,0.1807420253753662
629,0.1972251,0.1972251,0.119895905,0.105387874,0.014508033,0.17581868171691895
630,0.19617157,0.19617157,0.11561244,0.10130787,0.014304569,0.1719818115234375,0.06991277,0.06991277
631,0.19709823,0.19709823,0.119246714,0.104907066,0.014339646,0.1717383861541748
632,0.19814213,0.19814213,0.11673492,0.10217616,0.01455876,0.1707603931427002
633,0.19628917,0.19628917,0.11638758,0.102300175,0.014087407,0.171783447265625
634,0.19677375,0.19677375,0.12054567,0.10611631,0.014429363,0.17182612419128418
635,0.19730704,0.19730704,0.11769233,0.103023075,0.014669252,0.17045378684997559,0.069822274,0.069822274
636,0.19720642,0.19720642,0.12357689,0.10902988,0.014547006,0.18094348907470703
637,0.19983315,0.19983315,0.11022768,0.096571505,0.0136561785,0.18086552619934082
638,0.19745387,0.19745387,0.11853435,0.103941366,0.014592986,0.1799921989440918
639,0.19834436,0.19834436,0.120339096,0.105990164,0.0143489335,0.17431306838989258
640,0.19794343,0.19794343,0.117763296,0.103875816,0.013887481,0.17141461372375488,0.069687285,0.069687285
641,0.19633494,0.19633494,0.11535388,0.1018646,0.013489284,0.17090392112731934
642,0.19905104,0.19905104,0.11584954,0.10219086,0.013658683,0.1709141731262207
643,0.19826466,0.19826466,0.10566511,0.092503875,0.013161232,0.1712327003479004
644,0.19749922,0.19749922,0.11412445,0.10039454,0.013729909,0.1714801788330078
645,0.19623575,0.19623575,0.1153306,0.10203171,0.013298893,0.17580223083496094,0.070545815,0.070545815
646,0.19837593,0.19837593,0.115213126,0.102275416,0.012937708,0.1739037036895752
647,0.19757877,0.19757877,0.116606265,0.10301191,0.013594353,0.1709296703338623
648,0.1974302,0.1974302,0.12013238,0.10641031,0.0137220705,0.17122101783752441
649,0.19746286,0.19746286,0.11674689,0.10335763,0.013389257,0.1702263355255127
650,0.19645473,0.19645473,0.11735258,0.10357263,0.01377995,0.16747784614562988,0.06974663,0.06974663
651,0.1969097,0.1969097,0.11821648,0.10519285,0.013023629,0.1660771369934082
652,0.19730027,0.19730027,0.119950294,0.10638942,0.0135608725,0.1765749454498291
653,0.19708306,0.19708306,0.11623237,0.10324152,0.012990853,0.17871737480163574
654,0.19698955,0.19698955,0.119553536,0.106129676,0.01342386,0.17026090621948242
655,0.19620317,0.19620317,0.11511466,0.1025775,0.012537159,0.1653885841369629,0.06960252,0.06960252
656,0.19697402,0.19697402,0.10910666,0.095940776,0.013165881,0.1671147346496582
657,0.19732434,0.19732434,0.122332215,0.10943458,0.012897634,0.1687304973602295
658,0.19720004,0.19720004,0.110638894,0.09743971,0.013199185,0.16763091087341309
659,0.19661294,0.19661294,0.11314959,0.100159675,0.012989916,0.1682453155517578
660,0.19758469,0.19758469,0.11847946,0.10474871,0.013730751,0.16932964324951172,0.06998916,0.06998916
661,0.19669032,0.19669032,0.11157853,0.09916647,0.012412062,0.16852974891662598
662,0.19583832,0.19583832,0.12128409,0.10806158,0.013222509,0.16797351837158203
663,0.19678922,0.19678922,0.11523744,0.101638705,0.013598734,0.1684410572052002
664,0.19675998,0.19675998,0.116002284,0.10248067,0.013521614,0.16661453247070312
665,0.19694121,0.19694121,0.10785997,0.09535884,0.012501126,0.16573405265808105,0.069792144,0.069792144
666,0.19644023,0.19644023,0.11789003,0.10506086,0.0128291715,0.17177176475524902
667,0.19619584,0.19619584,0.11424947,0.101585954,0.012663517,0.17556500434875488
668,0.19661583,0.19661583,0.11588424,0.10293221,0.012952029,0.17452120780944824
669,0.1957474,0.1957474,0.12035973,0.10735871,0.0130010275,0.1705458164215088
670,0.19579111,0.19579111,0.11425839,0.101378046,0.0128803495,0.1711137294769287,0.06975644,0.06975644
671,0.19988567,0.19988567,0.1170253,0.103733525,0.013291778,0.17121577262878418
672,0.19633354,0.19633354,0.12131521,0.10803084,0.013284369,0.17152047157287598
673,0.19712287,0.19712287,0.11070667,0.098188825,0.012517847,0.17147254943847656
674,0.19727448,0.19727448,0.11779692,0.104801126,0.012995792,0.1726236343383789
675,0.19772121,0.19772121,0.12097533,0.10835511,0.012620216,0.18057489395141602,0.06971957,0.06971957
676,0.1987741,0.1987741,0.11944271,0.106519595,0.012923112,0.1760544776916504
677,0.19592716,0.19592716,0.11675077,0.10442664,0.012324132,0.17120981216430664
678,0.19706783,0.19706783,0.11053821,0.0975987,0.012939505,0.17170381546020508
679,0.19744793,0.19744793,0.12162728,0.108607255,0.013020022,0.1710367202758789
680,0.19670494,0.19670494,0.11242315,0.0990854,0.013337756,0.17178964614868164,0.06981542,0.06981542
681,0.19760884,0.19760884,0.11208213,0.09906717,0.013014968,0.17107510566711426
682,0.19646716,0.19646716,0.11558194,0.10255601,0.013025926,0.17379403114318848
683,0.19608794,0.19608794,0.11656993,0.10346234,0.0131075885,0.1820845603942871
684,0.19624162,0.19624162,0.114943996,0.10257758,0.012366416,0.18050312995910645
685,0.19609176,0.19609176,0.11762292,0.10482879,0.01279413,0.17487144470214844,0.069667034,0.069667034
686,0.19608627,0.19608627,0.118520066,0.105807275,0.012712789,0.1731092929840088
687,0.19603743,0.19603743,0.11426732,0.10154429,0.012723029,0.17237019538879395
688,0.19725311,0.19725311,0.11729254,0.10472523,0.0125673115,0.17233920097351074
689,0.19582698,0.19582698,0.114239305,0.101547584,0.012691718,0.16810178756713867
690,0.19635244,0.19635244,0.11656474,0.10394359,0.012621157,0.16724824905395508,0.069952235,0.069952235
691,0.19639485,0.19639485,0.11290985,0.10069163,0.012218218,0.1666276454925537
692,0.19609165,0.19609165,0.11367362,0.10150625,0.012167372,0.17587590217590332
693,0.19641986,0.19641986,0.11616542,0.103035234,0.013130188,0.16744470596313477
694,0.19712636,0.19712636,0.11455542,0.1020688,0.01248662,0.16656017303466797
695,0.1973095,0.1973095,0.11134289,0.098942704,0.01240019,0.17046833038330078,0.06980706,0.06980706
696,0.19637334,0.19637334,0.118419915,0.10601776,0.012402158,0.16982126235961914
697,0.19655156,0.19655156,0.12395721,0.11085778,0.013099429,0.16654634475708008
698,0.1957574,0.1957574,0.11291081,0.10017964,0.012731167,0.17041230201721191
699,0.1960395,0.1960395,0.107620604,0.09518389,0.012436719,0.17118263244628906
700,0.19626018,0.19626018,0.11255303,0.0996582,0.01289483,0.16984343528747559,0.06986047,0.06986047
701,0.19547322,0.19547322,0.11694146,0.10390166,0.0130397985,0.17031645774841309
702,0.19619495,0.19619495,0.11552983,0.103236884,0.012292944,0.17038249969482422
703,0.19607776,0.19607776,0.110405095,0.098155536,0.012249557,0.1769580841064453
704,0.19606993,0.19606993,0.11472981,0.102242514,0.012487292,0.16948151588439941
705,0.19600002,0.19600002,0.108566076,0.095948435,0.0126176365,0.1702730655670166,0.06966635,0.06966635
706,0.1958973,0.1958973,0.11110713,0.09866343,0.0124437045,0.18128013610839844
707,0.19575153,0.19575153,0.11693299,0.10442239,0.0125106,0.18158245086669922
708,0.1960769,0.1960769,0.116317764,0.10341002,0.012907743,0.17978978157043457
709,0.19760653,0.19760653,0.11175242,0.099717855,0.012034566,0.17316246032714844
710,0.19647285,0.19647285,0.11945614,0.106876254,0.012579892,0.17107868194580078,0.06978338,0.06978338
711,0.19585918,0.19585918,0.10701324,0.09483,0.01218324,0.1710526943206787
712,0.1965661,0.1965661,0.1160691,0.10338364,0.012685464,0.17151165008544922
713,0.1967374,0.1967374,0.11198074,0.09948278,0.012497963,0.1709728240966797
714,0.19677436,0.19677436,0.1232426,0.110578276,0.012664323,0.17261481285095215
715,0.19758527,0.19758527,0.11791359,0.104675226,0.013238367,0.1713089942932129,0.06978753,0.06978753
716,0.19622234,0.19622234,0.11964939,0.107213475,0.012435916,0.17363381385803223
717,0.19625427,0.19625427,0.10574896,0.09362643,0.01212253,0.17374372482299805
718,0.19574828,0.19574828,0.11467036,0.10238339,0.012286966,0.17331147193908691
719,0.19622512,0.19622512,0.112367555,0.1002563,0.012111258,0.1745166778564453
720,0.19728363,0.19728363,0.11537449,0.10361897,0.011755516,0.17246270179748535,0.06975682,0.06975682
721,0.19553314,0.19553314,0.11416853,0.10175708,0.012411452,0.17191433906555176
722,0.19522259,0.19522259,0.11436055,0.102339126,0.01202142,0.1709146499633789
723,0.19757667,0.19757667,0.11534719,0.103379905,0.011967283,0.17139983177185059
724,0.19660549,0.19660549,0.10639199,0.09443048,0.011961513,0.17079687118530273
725,0.19963847,0.19963847,0.110676154,0.09900372,0.011672436,0.17183279991149902,0.06983446,0.06983446
726,0.19796781,0.19796781,0.11609592,0.104264736,0.011831189,0.17108368873596191
727,0.19710094,0.19710094,0.108336896,0.09641412,0.011922776,0.17034578323364258
728,0.19710506,0.19710506,0.108818196,0.097271055,0.011547139,0.171217679977417
729,0.19656448,0.19656448,0.11386763,0.101842806,0.012024829,0.1710207462310791
730,0.19778511,0.19778511,0.11314656,0.101711474,0.011435087,0.17256402969360352,0.06986894,0.06986894
731,0.19800772,0.19800772,0.110687405,0.09964283,0.01104458,0.1828145980834961
732,0.19943005,0.19943005,0.11301785,0.10163547,0.011382379,0.18001890182495117
733,0.19779232,0.19779232,0.11599703,0.10396512,0.012031913,0.1728839874267578
734,0.20278205,0.20278205,0.11519307,0.10327673,0.011916341,0.17008399963378906
735,0.20229428,0.20229428,0.10931797,0.09778719,0.011530789,0.17081689834594727,0.110992804,0.110992804
736,0.21946007,0.21946007,0.112107985,0.10014098,0.011967005,0.17192912101745605
737,0.2765454,0.2765454,0.119052365,0.10700526,0.012047101,0.17074108123779297
738,0.33698547,0.33698547,0.10609674,0.096068166,0.010028572,0.17105722427368164
739,0.61272436,0.61272436,0.11634333,0.1038435,0.012499821,0.17011070251464844
740,0.48677498,0.48677498,0.11907569,0.10670333,0.0123723615,0.17139029502868652,0.46867695,0.46867695
741,0.5244307,0.5244307,0.11579685,0.104000546,0.011796304,0.1726517677307129
742,0.53403485,0.53403485,0.11187041,0.099984914,0.011885494,0.17076683044433594
743,0.5042097,0.5042097,0.118019044,0.10605182,0.011967225,0.17301392555236816
744,0.48258963,0.48258963,0.111804284,0.1008874,0.010916884,0.17202019691467285
745,0.4590254,0.4590254,0.1073946,0.09655638,0.01083822,0.17111873626708984,0.28485116,0.28485116
746,0.43507135,0.43507135,0.11811297,0.107018664,0.011094302,0.1708996295928955
747,0.41247764,0.41247764,0.11471558,0.10379737,0.010918218,0.1780242919921875
748,0.41518524,0.41518524,0.11955274,0.107912295,0.011640445,0.17926645278930664
749,0.39341274,0.39341274,0.114514306,0.103517964,0.0109963445,0.17555737495422363
750,0.40097788,0.40097788,0.11432025,0.10310081,0.011219438,0.1719684600830078,0.1447283,0.1447283
751,0.4062752,0.4062752,0.107513234,0.09652262,0.010990609,0.17142415046691895
752,0.38254464,0.38254464,0.11250143,0.101041354,0.011460071,0.1701667308807373
753,0.36766112,0.36766112,0.112269655,0.100866735,0.011402916,0.17041587829589844
754,0.31579804,0.31579804,0.11297601,0.101898946,0.011077062,0.17781996726989746
755,0.33255434,0.33255434,0.11055845,0.09977153,0.010786918,0.17279767990112305,0.14434607,0.14434607
756,0.3275482,0.3275482,0.10164105,0.0913336,0.0103074545,0.18059325218200684
757,0.33177215,0.33177215,0.0971098,0.08669111,0.01041869,0.18079042434692383
758,0.29485342,0.29485342,0.105110705,0.094675094,0.010435609,0.1790010929107666
759,0.35434142,0.35434142,0.11318899,0.10134849,0.011840503,0.1716442108154297
760,0.34366852,0.34366852,0.10706692,0.09609485,0.010972075,0.17007708549499512,0.13164839,0.13164839
761,0.2990096,0.2990096,0.11316363,0.10125799,0.0119056385,0.17026996612548828
762,0.30512583,0.30512583,0.11707263,0.105416745,0.011655882,0.17098736763000488
763,0.31207478,0.31207478,0.11436268,0.10306384,0.01129884,0.17094731330871582
764,0.3294096,0.3294096,0.11307376,0.10169776,0.011376003,0.17071104049682617
765,0.3080326,0.3080326,0.111704975,0.10022956,0.011475414,0.1710033416748047,0.15205956,0.15205956
766,0.2856809,0.2856809,0.115838565,0.10404805,0.011790511,0.1706249713897705
767,0.25055504,0.25055504,0.11206362,0.10016825,0.011895368,0.17091155052185059
768,0.2691356,0.2691356,0.10806374,0.09628489,0.011778856,0.17112517356872559
769,0.27232444,0.27232444,0.11278522,0.10120095,0.011584268,0.17437076568603516
770,0.28365964,0.28365964,0.115807936,0.10394347,0.011864467,0.17153549194335938,0.09444233,0.09444233
771,0.2573985,0.2573985,0.111087605,0.09903447,0.012053135,0.17359471321105957
772,0.25238353,0.25238353,0.11369294,0.10167687,0.012016076,0.17949914932250977
773,0.2541142,0.2541142,0.11257074,0.10091807,0.011652669,0.18212223052978516
774,0.25690213,0.25690213,0.107192434,0.09628014,0.010912293,0.18271327018737793
775,0.25787467,0.25787467,0.1217035,0.1099991,0.011704401,0.17722702026367188,0.09539842,0.09539842
776,0.23712365,0.23712365,0.120998055,0.10925402,0.011744036,0.17140984535217285
777,0.2643911,0.2643911,0.115406446,0.10385852,0.011547923,0.16985034942626953
778,0.2632979,0.2632979,0.11613121,0.10507985,0.011051357,0.16992735862731934
779,0.24674109,0.24674109,0.1147288,0.102975495,0.011753308,0.17053461074829102
780,0.23923475,0.23923475,0.11210307,0.1009034,0.011199665,0.17102503776550293,0.07637244,0.07637244
781,0.23937665,0.23937665,0.11883567,0.10725323,0.011582439,0.18004226684570312
782,0.23702505,0.23702505,0.112931795,0.10138561,0.011546188,0.1793806552886963
783,0.24081717,0.24081717,0.11661614,0.10523428,0.011381854,0.17923617362976074
784,0.2465038,0.2465038,0.108314894,0.09652405,0.011790839,0.17271804809570312
785,0.23220266,0.23220266,0.10712394,0.09623716,0.010886783,0.17388248443603516,0.074411415,0.074411415
786,0.23260096,0.23260096,0.113199115,0.10167013,0.011528983,0.17477774620056152
787,0.23990062,0.23990062,0.11646637,0.105004735,0.011461638,0.17203211784362793
788,0.23127754,0.23127754,0.10465136,0.09337233,0.011279033,0.17059040069580078
789,0.25050965,0.25050965,0.1134996,0.10221471,0.011284885,0.1697235107421875
790,0.23635618,0.23635618,0.11171451,0.10058441,0.011130103,0.17107558250427246,0.0862866,0.0862866
791,0.23193742,0.23193742,0.11273205,0.10181334,0.010918718,0.17473602294921875
792,0.2203879,0.2203879,0.10763192,0.09650659,0.011125335,0.17176055908203125
793,0.23843312,0.23843312,0.10782626,0.09707887,0.010747399,0.16978859901428223
794,0.25356573,0.25356573,0.11095577,0.100436725,0.010519045,0.17016839981079102
795,0.2482789,0.2482789,0.11600475,0.10503973,0.010965017,0.17061138153076172,0.07693436,0.07693436
796,0.2510612,0.2510612,0.117249556,0.105869114,0.011380439,0.1706702709197998
797,0.25908005,0.25908005,0.11465135,0.1037149,0.010936453,0.1715831756591797
798,0.2309544,0.2309544,0.11836603,0.10694113,0.011424905,0.18084144592285156
799,0.24498424,0.24498424,0.117360674,0.10606736,0.011293313,0.1779942512512207
800,0.24782284,0.24782284,0.11562333,0.10465748,0.010965854,0.1668229103088379,0.07253843,0.07253843
801,0.23016216,0.23016216,0.11092248,0.09992848,0.010993996,0.16997838020324707
802,0.2312099,0.2312099,0.10668201,0.09601504,0.010666969,0.16547560691833496
803,0.2147997,0.2147997,0.10611112,0.09589489,0.010216231,0.17125248908996582
804,0.22217223,0.22217223,0.10947583,0.09870795,0.010767874,0.17007946968078613
805,0.24427679,0.24427679,0.109145425,0.09851193,0.010633498,0.1777029037475586,0.07052543,0.07052543
806,0.23900853,0.23900853,0.10487627,0.093900576,0.010975695,0.17701077461242676
807,0.23380268,0.23380268,0.109607376,0.0991704,0.010436974,0.18028998374938965
808,0.23564675,0.23564675,0.110877424,0.099955656,0.010921769,0.18070626258850098
809,0.22582394,0.22582394,0.10508414,0.094552554,0.010531587,0.16772675514221191
810,0.2313063,0.2313063,0.10835915,0.09756897,0.010790181,0.17072153091430664,0.07414574,0.07414574
811,0.22590673,0.22590673,0.11599198,0.10515445,0.010837532,0.16985297203063965
812,0.22552419,0.22552419,0.11417556,0.10365403,0.010521529,0.17015433311462402
813,0.23000666,0.23000666,0.10375209,0.09389569,0.009856407,0.16975641250610352
814,0.22998095,0.22998095,0.10096897,0.090970546,0.009998425,0.17032790184020996
815,0.22478165,0.22478165,0.10863152,0.0982806,0.010350922,0.17290902137756348,0.076179974,0.076179974
816,0.2323195,0.2323195,0.10969817,0.099491335,0.010206834,0.1717357635498047
817,0.22652523,0.22652523,0.11032009,0.10001054,0.010309553,0.1699533462524414
818,0.23199962,0.23199962,0.105801,0.09551063,0.010290371,0.17031025886535645
819,0.22434726,0.22434726,0.107218444,0.096940294,0.0102781495,0.17011809349060059
820,0.22280586,0.22280586,0.10901134,0.09858505,0.010426287,0.17034578323364258,0.075067475,0.075067475
821,0.23222387,0.23222387,0.109293565,0.099475026,0.009818542,0.1709153652191162
822,0.23487811,0.23487811,0.11196084,0.10223968,0.009721158,0.17944598197937012
823,0.22281975,0.22281975,0.108069316,0.09835057,0.00971875,0.17629456520080566
824,0.22488508,0.22488508,0.1125664,0.10247557,0.010090828,0.1717996597290039
825,0.22435409,0.22435409,0.10859088,0.09862849,0.009962385,0.17139124870300293,0.077929236,0.077929236
826,0.222628,0.222628,0.10897074,0.09897366,0.00999708,0.17211508750915527
827,0.23141141,0.23141141,0.111988336,0.10206518,0.009923153,0.17294001579284668
828,0.22889228,0.22889228,0.112685315,0.102516174,0.010169139,0.1724386215209961
829,0.2197644,0.2197644,0.11158603,0.10147872,0.010107309,0.17168450355529785
830,0.21842624,0.21842624,0.10000162,0.09013615,0.009865469,0.18160247802734375,0.07746071,0.07746071
831,0.22673035,0.22673035,0.10705684,0.09743301,0.009623835,0.18117666244506836
832,0.21624313,0.21624313,0.10523822,0.09540579,0.009832436,0.1801614761352539
833,0.2250416,0.2250416,0.114858024,0.104723774,0.01013425,0.17344903945922852
834,0.22450209,0.22450209,0.10690726,0.09700407,0.009903189,0.17150187492370605
835,0.22722095,0.22722095,0.10934004,0.09950776,0.009832284,0.17130136489868164,0.07821021,0.07821021
836,0.22997434,0.22997434,0.10619796,0.09669759,0.0095003685,0.17249321937561035
837,0.2223086,0.2223086,0.11677377,0.10718596,0.009587806,0.1721029281616211
838,0.21996887,0.21996887,0.10672285,0.09703919,0.009683651,0.17100286483764648
839,0.22077426,0.22077426,0.108223654,0.09900678,0.009216873,0.17160820960998535
840,0.22295576,0.22295576,0.110498115,0.100636944,0.009861168,0.1803574562072754,0.0710638,0.0710638
841,0.21896227,0.21896227,0.10527836,0.0956934,0.009584952,0.1756594181060791
842,0.21652685,0.21652685,0.10492622,0.09534501,0.009581206,0.16948580741882324
843,0.23115754,0.23115754,0.10966226,0.09988623,0.009776027,0.16996169090270996
844,0.2262516,0.2262516,0.10919959,0.099598594,0.009600994,0.17051911354064941
845,0.21197641,0.21197641,0.10257647,0.09297236,0.009604114,0.17098474502563477,0.070688955,0.070688955
846,0.21920075,0.21920075,0.106431395,0.09665373,0.009777666,0.17080450057983398
847,0.22794795,0.22794795,0.108677745,0.09879424,0.009883512,0.17579364776611328
848,0.2164334,0.2164334,0.11249599,0.10279461,0.0097013805,0.1799757480621338
849,0.22868374,0.22868374,0.10477786,0.095217414,0.0095604425,0.17769956588745117
850,0.22433071,0.22433071,0.10218948,0.09249428,0.009695206,0.17276668548583984,0.0743354,0.0743354
851,0.23247811,0.23247811,0.10778238,0.09788341,0.009898965,0.16942048072814941
852,0.2203922,0.2203922,0.107363984,0.09801477,0.009349208,0.16991424560546875
853,0.21240242,0.21240242,0.106658936,0.09701321,0.009645721,0.16951370239257812
854,0.22093306,0.22093306,0.09861244,0.08920573,0.009406714,0.17116379737854004
855,0.21795532,0.21795532,0.10963928,0.10018552,0.0094537595,0.17315030097961426,0.07249731,0.07249731
856,0.22278747,0.22278747,0.10149248,0.092912085,0.008580398,0.18686127662658691
857,0.21207081,0.21207081,0.10419727,0.09515156,0.009045713,0.18059086799621582
858,0.21264842,0.21264842,0.1027723,0.09382053,0.008951778,0.17420649528503418
859,0.21259671,0.21259671,0.10645623,0.097220324,0.0092359055,0.17059779167175293
860,0.21334624,0.21334624,0.10128712,0.092401676,0.008885443,0.1696920394897461,0.070675634,0.070675634
861,0.21688482,0.21688482,0.10498991,0.09592619,0.0090637235,0.17137956619262695
862,0.21763992,0.21763992,0.10656236,0.097436436,0.009125925,0.17108511924743652
863,0.21402048,0.21402048,0.10107997,0.09213892,0.008941047,0.17062973976135254
864,0.21081913,0.21081913,0.10227105,0.093199655,0.009071392,0.17115521430969238
865,0.21507846,0.21507846,0.09662178,0.087795034,0.008826746,0.17981624603271484,0.07034406,0.07034406
866,0.21468136,0.21468136,0.09990535,0.09095973,0.008945624,0.17803740501403809
867,0.21189153,0.21189153,0.09327878,0.08439038,0.008888398,0.17422246932983398
868,0.21797866,0.21797866,0.10242424,0.09356695,0.008857294,0.1698148250579834
869,0.21387015,0.21387015,0.09699619,0.08840014,0.008596044,0.17065143585205078
870,0.21403998,0.21403998,0.09419986,0.08545792,0.008741936,0.1704397201538086,0.07133749,0.07133749
871,0.21631332,0.21631332,0.10441194,0.0954466,0.008965336,0.17038869857788086
872,0.21942022,0.21942022,0.103987545,0.09488543,0.009102113,0.17145729064941406
873,0.21351512,0.21351512,0.099719964,0.09113324,0.008586725,0.1774141788482666
874,0.21353015,0.21353015,0.10079473,0.09195309,0.008841642,0.17459464073181152
875,0.21430476,0.21430476,0.09943611,0.09074658,0.008689528,0.17185044288635254,0.071731314,0.071731314
876,0.21670339,0.21670339,0.10907957,0.10034384,0.008735728,0.1710982322692871
877,0.21296167,0.21296167,0.1012864,0.092406616,0.008879784,0.17142271995544434
878,0.21657318,0.21657318,0.103314556,0.09482114,0.008493414,0.17021560668945312
879,0.20736949,0.20736949,0.10861039,0.09969525,0.008915138,0.17070221900939941
880,0.21651645,0.21651645,0.10638912,0.09779347,0.008595655,0.17132163047790527,0.07644973,0.07644973
881,0.20900877,0.20900877,0.107202224,0.09859103,0.008611197,0.18038606643676758
882,0.20937397,0.20937397,0.10569253,0.09718269,0.008509837,0.1810903549194336
883,0.21878177,0.21878177,0.110939264,0.10223294,0.008706322,0.1776444911956787
884,0.21357489,0.21357489,0.10592504,0.09742837,0.00849667,0.17487764358520508
885,0.21068314,0.21068314,0.103273146,0.094628274,0.0086448705,0.17011547088623047,0.07141517,0.07141517
886,0.20782104,0.20782104,0.10032379,0.09191329,0.008410499,0.17028307914733887
887,0.21397468,0.21397468,0.104270466,0.0958206,0.0084498655,0.17043614387512207
888,0.2077903,0.2077903,0.10378905,0.095155776,0.008633267,0.1712172031402588
889,0.21282837,0.21282837,0.09572157,0.08799026,0.0077313147,0.17472243309020996
890,0.20395385,0.20395385,0.10270689,0.09446895,0.0082379365,0.17225956916809082,0.07203173,0.07203173
891,0.21270774,0.21270774,0.09735884,0.08895194,0.008406903,0.17205286026000977
892,0.21359529,0.21359529,0.103034884,0.094496444,0.00853844,0.1721489429473877
893,0.20901178,0.20901178,0.09996703,0.09188574,0.008081292,0.17060327529907227
894,0.21575561,0.21575561,0.10440868,0.095791735,0.008616949,0.17101240158081055
895,0.21235646,0.21235646,0.10192049,0.09391714,0.008003357,0.1706833839416504,0.07253183,0.07253183
896,0.2247475,0.2247475,0.10291272,0.094795525,0.00811719,0.1703026294708252
897,0.20912811,0.20912811,0.10417824,0.09576065,0.008417591,0.17133808135986328
898,0.21233772,0.21233772,0.10483907,0.09672542,0.008113654,0.17064666748046875
899,0.2139944,0.2139944,0.09986543,0.09119997,0.008665455,0.1699385643005371
900,0.21386273,0.21386273,0.095538095,0.08741059,0.008127506,0.16979360580444336,0.07294911,0.07294911
901,0.21337341,0.21337341,0.10013253,0.091870464,0.008262066,0.17090559005737305
902,0.21807475,0.21807475,0.10430201,0.09597681,0.008325203,0.1715543270111084
903,0.20964317,0.20964317,0.09874596,0.09070826,0.008037692,0.17120599746704102
904,0.21238232,0.21238232,0.102604724,0.09442161,0.008183114,0.17498373985290527
905,0.21022575,0.21022575,0.10383927,0.09538182,0.008457454,0.17659282684326172,0.070505865,0.070505865
906,0.21548,0.21548,0.10204767,0.09355316,0.008494502,0.18180322647094727
907,0.21465309,0.21465309,0.09511067,0.087239504,0.007871166,0.17747759819030762
908,0.20666493,0.20666493,0.09383815,0.085872926,0.00796522,0.1718583106994629
909,0.21107677,0.21107677,0.10164347,0.09347339,0.008170084,0.17141962051391602
910,0.21070734,0.21070734,0.1008068,0.09269515,0.008111655,0.1712179183959961,0.072880484,0.072880484
911,0.2105666,0.2105666,0.099092565,0.090972796,0.008119767,0.17073559761047363
912,0.21291335,0.21291335,0.10249347,0.09440781,0.008085662,0.17002558708190918
913,0.21469875,0.21469875,0.103571765,0.09547826,0.008093508,0.17087411880493164
914,0.21558727,0.21558727,0.09806673,0.08999899,0.008067738,0.17934131622314453
915,0.22541435,0.22541435,0.09505766,0.08703667,0.0080209905,0.17534232139587402,0.07567912,0.07567912
916,0.21789882,0.21789882,0.09726961,0.08913163,0.008137977,0.17049741744995117
917,0.21399112,0.21399112,0.09416434,0.08644604,0.0077182995,0.17093324661254883
918,0.21345231,0.21345231,0.09942807,0.09135437,0.008073703,0.17034029960632324
919,0.2096233,0.2096233,0.10149844,0.09360851,0.00788993,0.17139005661010742
920,0.20989142,0.20989142,0.10221428,0.09409967,0.00811461,0.16991353034973145,0.072037525,0.072037525
921,0.20882747,0.20882747,0.09926405,0.09117813,0.008085923,0.17156720161437988
922,0.21476729,0.21476729,0.09964327,0.09170442,0.007938848,0.17521166801452637
923,0.20988005,0.20988005,0.09765911,0.089687794,0.007971316,0.1734027862548828
924,0.21197669,0.21197669,0.0941179,0.08671522,0.0074026827,0.17059731483459473
925,0.21261764,0.21261764,0.098042406,0.089964755,0.0080776485,0.17248845100402832,0.072807156,0.072807156
926,0.21734981,0.21734981,0.09894486,0.09121534,0.0077295187,0.17016935348510742
927,0.21585971,0.21585971,0.10613884,0.09802011,0.008118735,0.17070960998535156
928,0.21073993,0.21073993,0.10807894,0.09977519,0.008303751,0.17000722885131836
929,0.21250263,0.21250263,0.09639921,0.08858776,0.0078114523,0.17088580131530762
930,0.21109417,0.21109417,0.104520656,0.0967606,0.0077600535,0.18061256408691406,0.07015162,0.07015162
931,0.2136277,0.2136277,0.10227654,0.09451552,0.0077610244,0.1778414249420166
932,0.21742657,0.21742657,0.10794934,0.100023225,0.007926116,0.1730654239654541
933,0.20965737,0.20965737,0.10244752,0.09454807,0.007899451,0.1711881160736084
934,0.20642366,0.20642366,0.10579635,0.09823908,0.007557274,0.17095661163330078
935,0.20904629,0.20904629,0.10231399,0.09468194,0.0076320446,0.17118167877197266,0.07209164,0.07209164
936,0.20925122,0.20925122,0.10488107,0.09733993,0.007541145,0.1713411808013916
937,0.21308684,0.21308684,0.1122965,0.10410004,0.00819646,0.16985702514648438
938,0.2124177,0.2124177,0.09997544,0.09235618,0.007619257,0.1811208724975586
939,0.2074762,0.2074762,0.10691996,0.098899305,0.008020658,0.17441153526306152
940,0.20647788,0.20647788,0.09790747,0.09010068,0.0078067835,0.1710052490234375,0.07360094,0.07360094
941,0.2181507,0.2181507,0.10121113,0.093333036,0.007878097,0.1721174716949463
942,0.2108625,0.2108625,0.10017706,0.092779,0.0073980545,0.17107391357421875
943,0.21575283,0.21575283,0.10402597,0.096552834,0.0074731344,0.17089080810546875
944,0.23176913,0.23176913,0.09675321,0.08946358,0.007289633,0.17196178436279297
945,0.21301235,0.21301235,0.10228669,0.09494307,0.0073436196,0.17238998413085938,0.0745963,0.0745963
946,0.21038894,0.21038894,0.10589477,0.098108925,0.0077858395,0.18069958686828613
947,0.21694708,0.21694708,0.106229536,0.09866896,0.007560571,0.18035674095153809
948,0.22546673,0.22546673,0.10591832,0.09864692,0.0072714053,0.1768503189086914
949,0.2266994,0.2266994,0.098011166,0.09097452,0.007036646,0.17113065719604492
950,0.21471643,0.21471643,0.100235015,0.092671,0.0075640175,0.17075896263122559,0.07309708,0.07309708
951,0.21350558,0.21350558,0.10492852,0.097545475,0.0073830495,0.17161178588867188
952,0.2134843,0.2134843,0.09935535,0.09154703,0.0078083184,0.16994333267211914
953,0.21580835,0.21580835,0.10140991,0.09408643,0.007323484,0.17003178596496582
954,0.2126176,0.2126176,0.09712959,0.09000448,0.007125111,0.16956233978271484
955,0.21329132,0.21329132,0.105892345,0.09824072,0.007651625,0.16982483863830566,0.07487228,0.07487228
956,0.2136486,0.2136486,0.103886314,0.09664468,0.0072416374,0.1717677116394043
957,0.21369888,0.21369888,0.09760188,0.09051064,0.0070912447,0.17911720275878906
958,0.21778631,0.21778631,0.09618341,0.08910699,0.00707642,0.17415332794189453
959,0.21397334,0.21397334,0.0985264,0.09116604,0.007360358,0.17069005966186523
960,0.21169697,0.21169697,0.09768088,0.090401374,0.0072795074,0.16989922523498535,0.07138213,0.07138213
961,0.2141584,0.2141584,0.09722875,0.09001617,0.007212577,0.17031097412109375
962,0.22026263,0.22026263,0.10753173,0.09974564,0.0077860914,0.17024827003479004
963,0.20716654,0.20716654,0.101745166,0.0946744,0.0070707668,0.1739046573638916
964,0.21332994,0.21332994,0.09652319,0.08927312,0.007250074,0.17223310470581055
965,0.20998985,0.20998985,0.09749829,0.09048706,0.0070112245,0.16983246803283691,0.072504215,0.072504215
966,0.21227382,0.21227382,0.095841706,0.089034766,0.00680694,0.17084765434265137
967,0.20785469,0.20785469,0.10401316,0.09665382,0.0073593375,0.17111682891845703
968,0.211147,0.211147,0.09727767,0.09032449,0.006953178,0.17003107070922852
969,0.20962824,0.20962824,0.096208945,0.08919526,0.007013688,0.1706860065460205
970,0.20915024,0.20915024,0.10753823,0.100180715,0.007357518,0.17378759384155273,0.07109166,0.07109166
971,0.20468773,0.20468773,0.10026864,0.09283296,0.007435677,0.17143869400024414
972,0.21212287,0.21212287,0.0972192,0.090381056,0.0068381405,0.17124199867248535
973,0.20797117,0.20797117,0.09589439,0.08879161,0.007102778,0.1707913875579834
974,0.2056509,0.2056509,0.10072755,0.0936425,0.0070850495,0.17012429237365723
975,0.20338437,0.20338437,0.09872209,0.09155665,0.0071654376,0.17103028297424316,0.0696741,0.0696741
976,0.20770735,0.20770735,0.10062966,0.09337485,0.007254808,0.17059540748596191
977,0.20489208,0.20489208,0.096347205,0.08968117,0.006666037,0.17054033279418945
978,0.2136205,0.2136205,0.1013781,0.09404133,0.0073367665,0.173095703125
979,0.20942704,0.20942704,0.09233652,0.0853696,0.0069669182,0.17078900337219238
980,0.20686725,0.20686725,0.09333263,0.08658068,0.006751956,0.1709909439086914,0.07062936,0.07062936
981,0.20917526,0.20917526,0.09612287,0.08927655,0.0068463143,0.17071151733398438
982,0.20587909,0.20587909,0.10309689,0.095931396,0.0071654944,0.17048120498657227
983,0.2027103,0.2027103,0.098504715,0.09164572,0.0068589943,0.17034173011779785
984,0.20895378,0.20895378,0.09827046,0.09158351,0.006686946,0.16986298561096191
985,0.20537813,0.20537813,0.09916961,0.09196371,0.0072059,0.1711289882659912,0.070391886,0.070391886
986,0.20337896,0.20337896,0.09659122,0.0897803,0.0068109185,0.18030309677124023
987,0.20874172,0.20874172,0.09806138,0.091252,0.006809386,0.17747855186462402
988,0.20767261,0.20767261,0.09864999,0.09207847,0.0065715276,0.17195653915405273
989,0.20672975,0.20672975,0.096983984,0.090118915,0.006865071,0.1709613800048828
990,0.2149548,0.2149548,0.10117247,0.09439257,0.0067799045,0.17032980918884277,0.07082394,0.07082394
991,0.20564696,0.20564696,0.0927041,0.085845925,0.006858178,0.17092084884643555
992,0.20830706,0.20830706,0.10267421,0.09603554,0.0066386713,0.17121291160583496
993,0.20585686,0.20585686,0.09727611,0.09017654,0.007099565,0.17029619216918945
994,0.2063681,0.2063681,0.09215241,0.08558646,0.006565953,0.1809244155883789
995,0.20332871,0.20332871,0.09680559,0.0901549,0.0066506853,0.1745150089263916,0.070116125,0.070116125
996,0.20142986,0.20142986,0.09733095,0.09049972,0.0068312264,0.1706409454345703
997,0.20705791,0.20705791,0.09797332,0.09112518,0.006848131,0.17025423049926758
998,0.21109849,0.21109849,0.102277905,0.09564082,0.006637079,0.17107415199279785
999,0.20802917,0.20802917,0.098748,0.09173255,0.0070154555,0.16976618766784668
1000,0.20845158,0.20845158,0.10092177,0.09407628,0.006845489,0.17525696754455566,0.06974162,0.06974162
1001,0.20480949,0.20480949,0.09908975,0.09243398,0.0066557648,0.16990947723388672
1002,0.20471554,0.20471554,0.09581012,0.08908357,0.0067265583,0.17641830444335938
1003,0.2048605,0.2048605,0.09745604,0.09090683,0.0065492103,0.17671632766723633
1004,0.20138533,0.20138533,0.09319676,0.08702234,0.0061744163,0.17249011993408203
1005,0.20614524,0.20614524,0.1039267,0.09710546,0.006821243,0.17039990425109863,0.07589146,0.07589146
1006,0.20875345,0.20875345,0.1008639,0.09416084,0.006703059,0.1662459373474121
1007,0.20437834,0.20437834,0.10367413,0.09706058,0.0066135423,0.17840790748596191
1008,0.20718884,0.20718884,0.09541536,0.08895019,0.006465173,0.1657266616821289
1009,0.20710845,0.20710845,0.094636895,0.087998286,0.0066386107,0.1708836555480957
1010,0.20748195,0.20748195,0.09815118,0.09136221,0.0067889704,0.1750319004058838,0.07065838,0.07065838
1011,0.20332527,0.20332527,0.0975627,0.091007605,0.0065550953,0.17159104347229004
1012,0.20256937,0.20256937,0.101459965,0.09489285,0.0065671103,0.17086482048034668
1013,0.20328598,0.20328598,0.09622444,0.089495674,0.0067287674,0.17130804061889648
1014,0.2039312,0.2039312,0.09781841,0.09117707,0.0066413456,0.17079639434814453
1015,0.2047393,0.2047393,0.09760072,0.09107285,0.0065278704,0.17493677139282227,0.07072548,0.07072548
1016,0.20246208,0.20246208,0.0940283,0.08750615,0.0065221465,0.1706223487854004
1017,0.20078513,0.20078513,0.09448125,0.087975994,0.006505255,0.17099881172180176
1018,0.20484005,0.20484005,0.09848986,0.0920866,0.006403262,0.18036103248596191
1019,0.20378532,0.20378532,0.09851233,0.0921074,0.00640493,0.18129372596740723
1020,0.20317926,0.20317926,0.09696774,0.09078478,0.006182963,0.17669916152954102,0.06991753,0.06991753
1021,0.21097557,0.21097557,0.09875101,0.09231943,0.006431579,0.1742386817932129
1022,0.20394604,0.20394604,0.09893339,0.09261044,0.0063229497,0.1714949607849121
1023,0.20395038,0.20395038,0.08918984,0.08295885,0.006230992,0.1706395149230957
1024,0.20329963,0.20329963,0.09781445,0.091399916,0.0064145327,0.17136645317077637
1025,0.20328286,0.20328286,0.09808545,0.09181508,0.0062703732,0.165114164352417,0.069998324,0.069998324
1026,0.20437813,0.20437813,0.09923911,0.092636056,0.0066030556,0.1737065315246582
1027,0.20851715,0.20851715,0.10058301,0.094181895,0.0064011114,0.17580819129943848
1028,0.203334,0.203334,0.10153865,0.0951682,0.0063704504,0.17196917533874512
1029,0.20332652,0.20332652,0.099902615,0.093309194,0.0065934216,0.17026424407958984
1030,0.20796977,0.20796977,0.10466771,0.09801002,0.006657693,0.17046451568603516,0.0737081,0.0737081
1031,0.20344537,0.20344537,0.10490277,0.09805728,0.006845488,0.17131447792053223
1032,0.20632036,0.20632036,0.097431354,0.09107798,0.006353372,0.1748795509338379
1033,0.20577155,0.20577155,0.10008308,0.093399025,0.0066840593,0.17116189002990723
1034,0.20831792,0.20831792,0.096900806,0.090772726,0.0061280834,0.17214345932006836
1035,0.20124905,0.20124905,0.09323376,0.08747189,0.0057618674,0.17885851860046387,0.0700089,0.0700089
1036,0.20328063,0.20328063,0.09830382,0.09215119,0.0061526266,0.17430448532104492
1037,0.2030349,0.2030349,0.09922821,0.09301626,0.0062119546,0.17098760604858398
1038,0.2016603,0.2016603,0.09133944,0.08543861,0.0059008314,0.17068052291870117
1039,0.20289205,0.20289205,0.094587795,0.08856172,0.006026076,0.1706385612487793
1040,0.2061134,0.2061134,0.09416563,0.08798378,0.0061818496,0.17079830169677734,0.07110799,0.07110799
1041,0.20245117,0.20245117,0.09338328,0.08725954,0.0061237463,0.17018723487854004
1042,0.20267946,0.20267946,0.09584527,0.08953154,0.006313723,0.17551064491271973
1043,0.2028772,0.2028772,0.09522551,0.08908915,0.0061363634,0.17169737815856934
1044,0.20321447,0.20321447,0.096167125,0.090113245,0.006053879,0.1715531349182129
1045,0.20502265,0.20502265,0.09516328,0.0892196,0.0059436774,0.17061948776245117,0.0702263,0.0702263
1046,0.20289695,0.20289695,0.10027442,0.09422627,0.006048151,0.1711740493774414
1047,0.20162845,0.20162845,0.09331663,0.08717092,0.006145712,0.17001795768737793
1048,0.2025463,0.2025463,0.09699025,0.09087036,0.006119891,0.17087507247924805
1049,0.20246615,0.20246615,0.100326024,0.09420146,0.006124562,0.17120122909545898
1050,0.20189391,0.20189391,0.09830334,0.09229857,0.006004775,0.17840170860290527,0.06975543,0.06975543
1051,0.2020576,0.2020576,0.10280289,0.09677772,0.0060251653,0.17666292190551758
1052,0.19947167,0.19947167,0.09799229,0.09228619,0.005706104,0.1716322898864746
1053,0.2055582,0.2055582,0.0961749,0.09026663,0.005908275,0.1714189052581787
1054,0.2023071,0.2023071,0.105514064,0.09939411,0.0061199535,0.17039275169372559
1055,0.20665422,0.20665422,0.10051363,0.09442859,0.006085035,0.17120766639709473,0.07045603,0.07045603
1056,0.20084755,0.20084755,0.09465595,0.088788345,0.005867605,0.17134785652160645
1057,0.20364454,0.20364454,0.09277018,0.08699468,0.0057755015,0.17173051834106445
1058,0.20257768,0.20257768,0.10009702,0.094092734,0.006004288,0.17790889739990234
1059,0.20331684,0.20331684,0.0921503,0.08635393,0.0057963743,0.18117761611938477
1060,0.20043172,0.20043172,0.101710394,0.095867805,0.0058425884,0.1801469326019287,0.06980448,0.06980448
1061,0.20042351,0.20042351,0.100083515,0.09444304,0.0056404793,0.18352055549621582
1062,0.2008715,0.2008715,0.09554455,0.08957035,0.005974195,0.17604827880859375
1063,0.19924808,0.19924808,0.10003461,0.093977906,0.006056704,0.17338895797729492
1064,0.20319302,0.20319302,0.09633483,0.09057717,0.0057576606,0.17286252975463867
1065,0.2028067,0.2028067,0.09570032,0.08972021,0.0059801145,0.17335939407348633,0.070186526,0.070186526
1066,0.20061207,0.20061207,0.089452,0.08386286,0.0055891345,0.1742086410522461
1067,0.1992672,0.1992672,0.09661418,0.090816356,0.005797823,0.17435240745544434
1068,0.20029166,0.20029166,0.09891571,0.09290327,0.006012442,0.17396330833435059
1069,0.20032991,0.20032991,0.09558665,0.0897473,0.0058393464,0.18173003196716309
1070,0.20171863,0.20171863,0.099278726,0.09361334,0.005665382,0.17586159706115723,0.0708272,0.0708272
1071,0.2012802,0.2012802,0.10030501,0.094532825,0.005772186,0.17305588722229004
1072,0.20317611,0.20317611,0.09292943,0.08745151,0.005477918,0.1710669994354248
1073,0.2005281,0.2005281,0.09426769,0.088716835,0.0055508544,0.17118239402770996
1074,0.20028755,0.20028755,0.090605795,0.08490766,0.0056981407,0.17050600051879883
1075,0.19908212,0.19908212,0.09090073,0.085513696,0.005387031,0.1710343360900879,0.07074356,0.07074356
1076,0.20011455,0.20011455,0.09261969,0.08704889,0.0055707972,0.17290210723876953
1077,0.2037011,0.2037011,0.094004594,0.08825832,0.005746272,0.18157100677490234
1078,0.1994754,0.1994754,0.09201867,0.086588755,0.0054299175,0.18225336074829102
1079,0.20158148,0.20158148,0.09760635,0.0918008,0.0058055506,0.18001985549926758
1080,0.2003794,0.2003794,0.09785656,0.09219326,0.0056632957,0.17425775527954102,0.07006779,0.07006779
1081,0.19857222,0.19857222,0.09035869,0.08499212,0.0053665717,0.17182707786560059
1082,0.20065302,0.20065302,0.09606873,0.09043473,0.0056339996,0.17065858840942383
1083,0.19904716,0.19904716,0.10374671,0.097599566,0.0061471444,0.17165756225585938
1084,0.20090291,0.20090291,0.09526818,0.08988319,0.0053849863,0.17124295234680176
1085,0.20222054,0.20222054,0.097326644,0.09179298,0.005533664,0.17033791542053223,0.07127625,0.07127625
1086,0.20180841,0.20180841,0.10278165,0.096795365,0.0059862905,0.1717984676361084
1087,0.2010617,0.2010617,0.09258068,0.08715018,0.0054305065,0.17966890335083008
1088,0.20070603,0.20070603,0.08796125,0.08249957,0.005461681,0.17219972610473633
1089,0.20068428,0.20068428,0.09852777,0.09273497,0.0057927994,0.1719198226928711
1090,0.20018043,0.20018043,0.09322678,0.08775301,0.005473773,0.17233943939208984,0.06987908,0.06987908
1091,0.19885992,0.19885992,0.0938303,0.08804421,0.0057860934,0.1728353500366211
1092,0.20081626,0.20081626,0.09269107,0.087253876,0.005437196,0.17174553871154785
1093,0.2056282,0.2056282,0.08919755,0.08393158,0.0052659702,0.17150235176086426
1094,0.20210063,0.20210063,0.0903166,0.08519174,0.0051248614,0.17333436012268066
1095,0.20091377,0.20091377,0.09027694,0.085345946,0.0049309954,0.18210935592651367,0.0713179,0.0713179
1096,0.20102271,0.20102271,0.09547536,0.09015548,0.005319882,0.17775750160217285
1097,0.20196052,0.20196052,0.09755676,0.09190864,0.005648119,0.17125773429870605
1098,0.20125686,0.20125686,0.09725839,0.09202598,0.005232406,0.17014265060424805
1099,0.2011618,0.2011618,0.093033545,0.087571464,0.005462082,0.1709294319152832
1100,0.20309512,0.20309512,0.094984226,0.08947416,0.005510072,0.1702866554260254,0.07097643,0.07097643
1101,0.20108981,0.20108981,0.09074113,0.08552089,0.005220231,0.17112326622009277
1102,0.201065,0.201065,0.09860055,0.09297939,0.005621165,0.16980385780334473
1103,0.20075297,0.20075297,0.094052434,0.08879943,0.0052529993,0.17578864097595215
1104,0.20291343,0.20291343,0.09422527,0.08874387,0.0054813963,0.1700434684753418
1105,0.20134117,0.20134117,0.09464069,0.08937116,0.0052695237,0.1702730655670166,0.07028722,0.07028722
1106,0.20055877,0.20055877,0.09478499,0.0896295,0.005155492,0.17092370986938477
1107,0.20006745,0.20006745,0.09779344,0.092350975,0.0054424615,0.17027688026428223
1108,0.19913597,0.19913597,0.10090775,0.09558265,0.0053251004,0.1703016757965088
1109,0.20006484,0.20006484,0.09639288,0.0909312,0.0054616802,0.17708849906921387
1110,0.19992715,0.19992715,0.09628107,0.091179945,0.005101119,0.17759299278259277,0.06992858,0.06992858
1111,0.19920428,0.19920428,0.09796505,0.09262376,0.0053412877,0.1806788444519043
1112,0.20480339,0.20480339,0.0922311,0.086930186,0.0053009195,0.180403470993042
1113,0.19901869,0.19901869,0.09292631,0.08756477,0.0053615393,0.17918753623962402
1114,0.19780508,0.19780508,0.09700053,0.091514856,0.005485679,0.17516374588012695
1115,0.19848464,0.19848464,0.0917801,0.086780615,0.004999485,0.17173480987548828,0.07002323,0.07002323
1116,0.19992828,0.19992828,0.09428235,0.08926303,0.005019324,0.1703791618347168
1117,0.19992489,0.19992489,0.094434224,0.08906828,0.005365945,0.17020225524902344
1118,0.20061165,0.20061165,0.098034464,0.09276877,0.005265689,0.17150521278381348
1119,0.19822018,0.19822018,0.094350144,0.089523144,0.0048269993,0.16933822631835938
1120,0.1995796,0.1995796,0.08806605,0.08301859,0.0050474587,0.17198514938354492,0.070270665,0.070270665
1121,0.2010772,0.2010772,0.08871645,0.083739944,0.0049765008,0.17151188850402832
1122,0.20035632,0.20035632,0.099617645,0.09416921,0.005448441,0.17054510116577148
1123,0.1981285,0.1981285,0.09352504,0.08832451,0.0052005295,0.17112255096435547
1124,0.19825703,0.19825703,0.094414815,0.08946291,0.0049518985,0.1711568832397461
1125,0.20064254,0.20064254,0.10414117,0.098674506,0.0054666614,0.17125439643859863,0.06982796,0.06982796
1126,0.19947073,0.19947073,0.09293151,0.08796143,0.0049700793,0.1708998680114746
1127,0.19955346,0.19955346,0.098217845,0.093207784,0.0050100572,0.17493557929992676
1128,0.20060253,0.20060253,0.10078359,0.09568164,0.0051019504,0.18061351776123047
1129,0.19931237,0.19931237,0.09566784,0.0907972,0.0048706345,0.17963624000549316
1130,0.19915481,0.19915481,0.09426314,0.08890772,0.0053554163,0.17226290702819824,0.06968116,0.06968116
1131,0.19923049,0.19923049,0.09546944,0.09062329,0.004846151,0.17034339904785156
1132,0.19815472,0.19815472,0.09015055,0.085244715,0.004905837,0.1706247329711914
1133,0.19989748,0.19989748,0.09039114,0.08545201,0.004939123,0.1702892780303955
1134,0.19837706,0.19837706,0.09398712,0.08899814,0.004988987,0.17042112350463867
1135,0.20031275,0.20031275,0.087909594,0.083053164,0.0048564277,0.17035841941833496,0.07002033,0.07002033
1136,0.19849281,0.19849281,0.093062535,0.08854652,0.004516014,0.17113304138183594
1137,0.19870241,0.19870241,0.09249283,0.0877661,0.004726726,0.17751145362854004
1138,0.20106827,0.20106827,0.09058923,0.085788436,0.0048007984,0.17264890670776367
1139,0.20022777,0.20022777,0.092280895,0.08744609,0.004834799,0.17033839225769043
1140,0.20010099,0.20010099,0.09529247,0.090710066,0.004582408,0.17058801651000977,0.069794975,0.069794975
1141,0.19925167,0.19925167,0.0988312,0.09369759,0.0051336037,0.16999197006225586
1142,0.2005445,0.2005445,0.09694386,0.092000365,0.004943494,0.17043709754943848
1143,0.20268948,0.20268948,0.09720289,0.0923554,0.004847489,0.16986393928527832
1144,0.20063533,0.20063533,0.09060491,0.085647106,0.0049578003,0.1726241111755371
1145,0.19845441,0.19845441,0.09578814,0.090772375,0.005015768,0.17045807838439941,0.06972061,0.06972061
1146,0.19956617,0.19956617,0.09709713,0.09201276,0.005084368,0.1705029010772705
1147,0.19970474,0.19970474,0.09697421,0.09206709,0.0049071135,0.16996526718139648
1148,0.20253469,0.20253469,0.090796076,0.08597218,0.0048238966,0.16977834701538086
1149,0.19890995,0.19890995,0.09673422,0.091649346,0.005084873,0.1698927879333496
1150,0.19834343,0.19834343,0.090282775,0.08567635,0.0046064234,0.16999554634094238,0.06957806,0.06957806
1151,0.20036013,0.20036013,0.09610452,0.09110893,0.0049955873,0.17551946640014648
1152,0.20113212,0.20113212,0.09862978,0.0937334,0.0048963805,0.17590761184692383
1153,0.19956373,0.19956373,0.100691564,0.095834054,0.0048575127,0.17218589782714844
1154,0.19892666,0.19892666,0.09223901,0.08729629,0.0049427166,0.17287611961364746
1155,0.19968918,0.19968918,0.10632471,0.10127702,0.0050476864,0.1702287197113037,0.06957891,0.06957891
1156,0.20607914,0.20607914,0.09910837,0.09418674,0.004921632,0.17008399963378906
1157,0.19805053,0.19805053,0.09069835,0.08604952,0.0046488307,0.17038178443908691
1158,0.19994636,0.19994636,0.09800844,0.09267747,0.00533097,0.1705794334411621
1159,0.19880486,0.19880486,0.094727136,0.090026006,0.004701128,0.17128539085388184
1160,0.1997452,0.1997452,0.09239874,0.087419376,0.0049793655,0.17691540718078613,0.069542356,0.069542356
1161,0.20285083,0.20285083,0.094329506,0.089868076,0.0044614305,0.17130661010742188
1162,0.20092028,0.20092028,0.092266686,0.0875986,0.004668087,0.17173981666564941
1163,0.20015098,0.20015098,0.08973849,0.08528013,0.004458358,0.17003536224365234
1164,0.1995383,0.1995383,0.09066274,0.08587499,0.0047877477,0.16997885704040527
1165,0.19824764,0.19824764,0.09708957,0.09246303,0.0046265363,0.1701211929321289,0.07049944,0.07049944
1166,0.19888306,0.19888306,0.094842136,0.09022866,0.0046134726,0.17087340354919434
1167,0.20062637,0.20062637,0.0984974,0.09337214,0.005125261,0.17938804626464844
1168,0.19970249,0.19970249,0.09269066,0.087926105,0.0047645546,0.18046236038208008
1169,0.19855747,0.19855747,0.099738814,0.094965376,0.004773441,0.1801459789276123
1170,0.19863552,0.19863552,0.10063665,0.095658384,0.0049782675,0.1726086139678955,0.06965006,0.06965006
1171,0.2001949,0.2001949,0.09696796,0.092102416,0.0048655425,0.16988587379455566
1172,0.19933979,0.19933979,0.09494979,0.09012211,0.0048276763,0.1697094440460205
1173,0.20084526,0.20084526,0.09780268,0.09279236,0.005010325,0.16933965682983398
1174,0.19925912,0.19925912,0.10068931,0.095803946,0.004885358,0.16978669166564941
1175,0.20016943,0.20016943,0.09660924,0.09181966,0.00478958,0.17100119590759277,0.07037823,0.07037823
1176,0.19905017,0.19905017,0.09168845,0.08713327,0.0045551714,0.18039488792419434
1177,0.20024459,0.20024459,0.10729876,0.102638066,0.004660698,0.1798419952392578
1178,0.19800578,0.19800578,0.09709511,0.092490576,0.004604531,0.17408037185668945
1179,0.20008296,0.20008296,0.10359574,0.09874212,0.004853622,0.1702113151550293
1180,0.1972346,0.1972346,0.1053954,0.10043472,0.00496068,0.16995930671691895,0.06979093,0.06979093
1181,0.19901693,0.19901693,0.098523505,0.093641244,0.004882262,0.1710526943206787
1182,0.19847843,0.19847843,0.09509639,0.09056464,0.0045317486,0.17078208923339844
1183,0.19838177,0.19838177,0.099694505,0.094864786,0.0048297234,0.16979432106018066
1184,0.1965847,0.1965847,0.098418646,0.09363721,0.004781433,0.1776900291442871
1185,0.19701755,0.19701755,0.097778976,0.09316551,0.004613468,0.17032694816589355,0.06963169,0.06963169
1186,0.19882584,0.19882584,0.099578336,0.09509041,0.004487927,0.17095708847045898
1187,0.19938329,0.19938329,0.08990205,0.08564627,0.0042557763,0.16998934745788574
1188,0.19809297,0.19809297,0.08999328,0.08540204,0.00459124,0.17110586166381836
1189,0.19780323,0.19780323,0.0944217,0.08984545,0.004576249,0.17066574096679688
1190,0.2006813,0.2006813,0.10245406,0.09765564,0.004798418,0.17158818244934082,0.069943555,0.069943555
1191,0.19912583,0.19912583,0.09685457,0.092423685,0.0044308817,0.1718430519104004
1192,0.19784957,0.19784957,0.09483904,0.09040211,0.004436924,0.17396116256713867
1193,0.19861987,0.19861987,0.0928282,0.08842546,0.004402745,0.17213010787963867
1194,0.19777526,0.19777526,0.093647905,0.08888991,0.0047579897,0.17015624046325684
1195,0.20041114,0.20041114,0.09173408,0.08740891,0.004325173,0.1701829433441162,0.06992003,0.06992003
1196,0.20662183,0.20662183,0.09686858,0.092470564,0.00439802,0.17089056968688965
1197,0.19808298,0.19808298,0.09097569,0.08653445,0.004441237,0.17161965370178223
1198,0.20321254,0.20321254,0.09826747,0.093703985,0.0045634895,0.17241835594177246
1199,0.20106392,0.20106392,0.097372904,0.09278239,0.0045905095,0.1713106632232666
1200,0.20088108,0.20088108,0.09370105,0.08902228,0.004678772,0.18139028549194336,0.07012276,0.07012276
1201,0.2006512,0.2006512,0.100331165,0.09557232,0.004758839,0.17539095878601074
1202,0.20238625,0.20238625,0.09951035,0.09489589,0.0046144566,0.1718761920928955
1203,0.20213453,0.20213453,0.09775796,0.0931344,0.004623556,0.17222023010253906
1204,0.2002449,0.2002449,0.090924084,0.086726315,0.004197765,0.17136240005493164
1205,0.19855724,0.19855724,0.09820092,0.093713105,0.004487809,0.17158126831054688,0.072433256,0.072433256
1206,0.20150234,0.20150234,0.09016393,0.08552646,0.004637469,0.17093539237976074
1207,0.20117873,0.20117873,0.09824184,0.09370327,0.004538576,0.1765906810760498
1208,0.20072277,0.20072277,0.089031674,0.084425546,0.004606126,0.18117046356201172
1209,0.1987418,0.1987418,0.10435013,0.09964031,0.004709819,0.18112468719482422
1210,0.19991924,0.19991924,0.09485403,0.08999781,0.00485621,0.185011625289917,0.0703193,0.0703193
1211,0.19757012,0.19757012,0.09125866,0.08707702,0.0041816416,0.17261028289794922
1212,0.19967297,0.19967297,0.101455845,0.0967688,0.0046870466,0.17141962051391602
1213,0.20225318,0.20225318,0.10163099,0.09692927,0.004701727,0.17194604873657227
1214,0.20062965,0.20062965,0.095026575,0.09024845,0.0047781267,0.17104411125183105
1215,0.20152034,0.20152034,0.09159713,0.08683597,0.0047611594,0.17110037803649902,0.06989574,0.06989574
1216,0.20443939,0.20443939,0.09490342,0.090299785,0.0046036337,0.1713862419128418
1217,0.20871261,0.20871261,0.0882593,0.08408542,0.004173879,0.1797621250152588
1218,0.20380232,0.20380232,0.09806136,0.09326926,0.0047921017,0.18079519271850586
1219,0.20756286,0.20756286,0.095433705,0.09091258,0.004521124,0.16640090942382812
1220,0.20535648,0.20535648,0.089011215,0.08457434,0.0044368715,0.16917920112609863,0.06981075,0.06981075
1221,0.20175102,0.20175102,0.09445847,0.09002511,0.0044333553,0.17096447944641113
1222,0.20295852,0.20295852,0.09917745,0.09477927,0.0043981783,0.17039132118225098
1223,0.2006454,0.2006454,0.09801628,0.09322471,0.0047915685,0.16476774215698242
1224,0.20041426,0.20041426,0.098463014,0.09380493,0.0046580844,0.17105913162231445
1225,0.19870074,0.19870074,0.09479136,0.09040724,0.0043841247,0.17323756217956543,0.072388224,0.072388224
1226,0.19999844,0.19999844,0.09176084,0.08741656,0.004344274,0.16813230514526367
1227,0.19936562,0.19936562,0.09327794,0.08905886,0.004219078,0.17093825340270996
1228,0.2044918,0.2044918,0.0936025,0.08913412,0.00446838,0.1696615219116211
1229,0.20083502,0.20083502,0.08862166,0.08449189,0.0041297656,0.16984915733337402
1230,0.20052034,0.20052034,0.08764153,0.08381882,0.0038227031,0.17067742347717285,0.071838014,0.071838014
1231,0.1982686,0.1982686,0.09227887,0.08815659,0.0041222777,0.1707766056060791
1232,0.1979679,0.1979679,0.091482446,0.087309144,0.004173304,0.17448210716247559
1233,0.20040897,0.20040897,0.09637063,0.09192864,0.0044419933,0.1772596836090088
1234,0.20273834,0.20273834,0.09019805,0.08605744,0.0041406085,0.17066097259521484
1235,0.1998482,0.1998482,0.09538883,0.091328405,0.0040604286,0.17162013053894043,0.06967816,0.06967816
1236,0.19778423,0.19778423,0.09648918,0.092579626,0.003909559,0.16398262977600098
1237,0.19965042,0.19965042,0.09147083,0.08750201,0.0039688186,0.16968059539794922
1238,0.20000337,0.20000337,0.09388271,0.089750335,0.0041323784,0.16997289657592773
1239,0.1990236,0.1990236,0.0984927,0.09427419,0.004218501,0.17037677764892578
1240,0.19806919,0.19806919,0.097767636,0.093827195,0.003940438,0.18020248413085938,0.07052383,0.07052383
1241,0.19969456,0.19969456,0.096565396,0.09238001,0.0041853897,0.17428255081176758
1242,0.19920085,0.19920085,0.08672749,0.08292331,0.003804183,0.18036961555480957
1243,0.21102262,0.21102262,0.09233803,0.08851057,0.0038274573,0.17592930793762207
1244,0.2015055,0.2015055,0.09227636,0.08825113,0.0040252265,0.1710524559020996
1245,0.20802078,0.20802078,0.09277594,0.08871051,0.004065435,0.17035627365112305,0.06990276,0.06990276
1246,0.2027467,0.2027467,0.093070254,0.08896328,0.0041069766,0.17136597633361816
1247,0.20892085,0.20892085,0.093560904,0.08956314,0.003997766,0.16632938385009766
1248,0.21268243,0.21268243,0.0899106,0.08587725,0.004033347,0.16962122917175293
1249,0.20332427,0.20332427,0.085483916,0.0816589,0.0038250173,0.18003010749816895
1250,0.20301363,0.20301363,0.09128641,0.08709986,0.004186556,0.1743617057800293,0.06978502,0.06978502
1251,0.2005038,0.2005038,0.08323643,0.0796466,0.0035898325,0.17124605178833008
1252,0.19931912,0.19931912,0.092894986,0.08877652,0.004118461,0.17079949378967285
1253,0.20073171,0.20073171,0.0881479,0.084254034,0.0038938676,0.17105436325073242
1254,0.20117535,0.20117535,0.087688126,0.083904855,0.0037832672,0.17131280899047852
1255,0.1997184,0.1997184,0.0950943,0.09118803,0.003906273,0.1707170009613037,0.06961454,0.06961454
1256,0.2049203,0.2049203,0.09224092,0.08837163,0.003869297,0.16704273223876953
1257,0.19768192,0.19768192,0.0857447,0.0820679,0.0036768015,0.17410659790039062
1258,0.19953127,0.19953127,0.09372612,0.08983377,0.0038923456,0.17193603515625
1259,0.19975376,0.19975376,0.094170846,0.09012141,0.0040494357,0.16556119918823242
1260,0.19942051,0.19942051,0.096616425,0.09253592,0.004080506,0.17032122611999512,0.06974681,0.06974681
1261,0.19947216,0.19947216,0.09356866,0.089611806,0.0039568525,0.17202496528625488
1262,0.19877231,0.19877231,0.091940194,0.088240035,0.0037001579,0.17032456398010254
1263,0.20271137,0.20271137,0.095823646,0.091978885,0.0038447597,0.1715400218963623
1264,0.19861396,0.19861396,0.088398285,0.08441483,0.0039834525,0.17346596717834473
1265,0.19982776,0.19982776,0.090886265,0.08702388,0.003862392,0.1810016632080078,0.06968231,0.06968231
1266,0.19922389,0.19922389,0.09464435,0.090742335,0.0039020155,0.1762230396270752
1267,0.19851647,0.19851647,0.08968744,0.08609003,0.0035974074,0.16901659965515137
1268,0.19768111,0.19768111,0.09253763,0.08884044,0.003697185,0.17047882080078125
1269,0.20034274,0.20034274,0.091383286,0.08744124,0.003942046,0.17022275924682617
1270,0.19774473,0.19774473,0.092821345,0.08921782,0.003603524,0.17121505737304688,0.069561236,0.069561236
1271,0.20116094,0.20116094,0.08937479,0.08558254,0.003792251,0.16540265083312988
1272,0.19946249,0.19946249,0.0945904,0.09097599,0.0036144138,0.17479777336120605
1273,0.197396,0.197396,0.085357696,0.08175456,0.0036031373,0.17606210708618164
1274,0.19774291,0.19774291,0.096915945,0.09303271,0.003883237,0.16763639450073242
1275,0.19857796,0.19857796,0.08915065,0.08526614,0.0038845106,0.1729288101196289,0.0696461,0.0696461
1276,0.1979236,0.1979236,0.0860606,0.08251864,0.0035419578,0.1737663745880127
1277,0.20020671,0.20020671,0.09726803,0.093587115,0.003680912,0.1742870807647705
1278,0.19796939,0.19796939,0.09543827,0.09163675,0.0038015214,0.17221617698669434
1279,0.19718422,0.19718422,0.09581084,0.09169563,0.00411521,0.1722724437713623
1280,0.19686934,0.19686934,0.10297069,0.09894582,0.0040248693,0.17495179176330566,0.0696944,0.0696944
1281,0.1979698,0.1979698,0.094489,0.090799265,0.0036897336,0.1805126667022705
1282,0.19696794,0.19696794,0.09623666,0.09240234,0.0038343198,0.18102812767028809
1283,0.19831486,0.19831486,0.08944311,0.08565514,0.003787974,0.17403388023376465
1284,0.1985211,0.1985211,0.09853589,0.09472948,0.0038064031,0.17118620872497559
1285,0.19748859,0.19748859,0.09072679,0.08695566,0.0037711316,0.17134928703308105,0.06978863,0.06978863
1286,0.19752784,0.19752784,0.096856356,0.09278154,0.0040748185,0.17125868797302246
1287,0.19747564,0.19747564,0.098084554,0.094205275,0.0038792817,0.17091608047485352
1288,0.19864723,0.19864723,0.092527986,0.08842856,0.0040994296,0.1726527214050293
1289,0.19865881,0.19865881,0.10209723,0.09805012,0.0040471097,0.17731404304504395
1290,0.19700122,0.19700122,0.09265302,0.08874916,0.0039038619,0.17604899406433105,0.06963651,0.06963651
1291,0.19708844,0.19708844,0.094043724,0.0906169,0.0034268263,0.1719801425933838
1292,0.22387828,0.22387828,0.09150425,0.087909535,0.0035947189,0.17201995849609375
1293,0.20804754,0.20804754,0.086366855,0.082624786,0.0037420685,0.1706376075744629
1294,0.4417021,0.4417021,0.09243283,0.08872223,0.0037105966,0.17007732391357422
1295,0.28481337,0.28481337,0.08969995,0.08581224,0.0038877048,0.17023086547851562,0.08649086,0.08649086
1296,0.39965788,0.39965788,0.0947676,0.090916865,0.003850734,0.1698596477508545
1297,0.35680676,0.35680676,0.09298908,0.08925761,0.0037314647,0.17161822319030762
1298,0.37793615,0.37793615,0.084774144,0.08129994,0.0034742032,0.18069744110107422
1299,0.3532227,0.3532227,0.08876102,0.08503671,0.0037243103,0.1745600700378418
1300,0.36442593,0.36442593,0.093443654,0.08955942,0.0038842321,0.17166566848754883,0.24658476,0.24658476
1301,0.35029724,0.35029724,0.09966937,0.09560879,0.0040605776,0.17202162742614746
1302,0.34755164,0.34755164,0.0989951,0.0950499,0.003945195,0.17458248138427734
1303,0.3310849,0.3310849,0.0943128,0.09029595,0.004016854,0.17339444160461426
1304,0.29597443,0.29597443,0.09131666,0.087502696,0.0038139662,0.1678617000579834
1305,0.27450445,0.27450445,0.08763223,0.08406554,0.0035666863,0.1669752597808838,0.11288913,0.11288913
1306,0.27433613,0.27433613,0.0955459,0.09165788,0.003888028,0.16562747955322266
1307,0.2628551,0.2628551,0.09357824,0.08996282,0.0036154215,0.17198920249938965
1308,0.24215598,0.24215598,0.08962474,0.08640747,0.003217272,0.17186951637268066
1309,0.27303675,0.27303675,0.10236602,0.09851209,0.0038539302,0.16807198524475098
1310,0.2782321,0.2782321,0.08812449,0.08483807,0.0032864248,0.17300152778625488,0.11114208,0.11114208
1311,0.2690678,0.2690678,0.08780519,0.08423791,0.0035672814,0.1721799373626709
1312,0.24699065,0.24699065,0.087868944,0.08443191,0.0034370383,0.17838788032531738
1313,0.2595911,0.2595911,0.08044513,0.07694485,0.0035002823,0.18237781524658203
1314,0.253884,0.253884,0.089900404,0.08635517,0.0035452284,0.1811058521270752
1315,0.27452862,0.27452862,0.0867012,0.08321434,0.0034868598,0.16917657852172852,0.08298706,0.08298706
1316,0.24866955,0.24866955,0.08769069,0.084279306,0.003411383,0.17209839820861816
1317,0.27493012,0.27493012,0.085378364,0.081843704,0.0035346588,0.17204856872558594
1318,0.26028645,0.26028645,0.08997392,0.08656514,0.003408781,0.17350554466247559
1319,0.25752044,0.25752044,0.078467384,0.075178295,0.0032890916,0.1725296974182129
1320,0.25119433,0.25119433,0.08587521,0.08224536,0.0036298553,0.16985630989074707,0.094496325,0.094496325
1321,0.26159164,0.26159164,0.08750425,0.0839045,0.0035997524,0.17328524589538574
1322,0.25335833,0.25335833,0.08932973,0.08590272,0.0034270042,0.1819772720336914
1323,0.24823703,0.24823703,0.08340303,0.08026407,0.0031389615,0.18189144134521484
1324,0.2374708,0.2374708,0.08833996,0.08490379,0.0034361684,0.17995953559875488
1325,0.22918738,0.22918738,0.089053035,0.085445635,0.0036074026,0.1753549575805664,0.071697034,0.071697034
1326,0.22864868,0.22864868,0.08468929,0.08138291,0.003306379,0.17149567604064941
1327,0.24993317,0.24993317,0.082454205,0.07911874,0.0033354582,0.17146539688110352
1328,0.22375715,0.22375715,0.08700225,0.08379935,0.0032028991,0.17197346687316895
1329,0.229123,0.229123,0.0833742,0.08020941,0.0031647915,0.17229247093200684
1330,0.24168727,0.24168727,0.08690108,0.08391638,0.0029847047,0.17343711853027344,0.079706654,0.079706654
1331,0.2298101,0.2298101,0.086193174,0.082862206,0.0033309653,0.18301630020141602
1332,0.22612377,0.22612377,0.08962469,0.08627903,0.0033456585,0.18064188957214355
1333,0.23374042,0.23374042,0.089054346,0.085237294,0.0038170523,0.17538213729858398
1334,0.21998519,0.21998519,0.083348386,0.080256864,0.0030915202,0.1708354949951172
1335,0.23372051,0.23372051,0.08620697,0.08275427,0.0034527038,0.16923189163208008,0.079327345,0.079327345
1336,0.21884838,0.21884838,0.0866929,0.08341256,0.0032803398,0.17070269584655762
1337,0.21469125,0.21469125,0.084309764,0.08108798,0.0032217863,0.17017626762390137
1338,0.22140783,0.22140783,0.081726745,0.07857978,0.003146961,0.1710207462310791
1339,0.21829572,0.21829572,0.088941306,0.08538351,0.0035577954,0.17214012145996094
1340,0.2234524,0.2234524,0.07818003,0.07493774,0.003242292,0.1801917552947998,0.07932353,0.07932353
1341,0.224422,0.224422,0.08089149,0.07795517,0.0029363185,0.1784803867340088
1342,0.21572886,0.21572886,0.0826931,0.079647064,0.003046033,0.1692209243774414
1343,0.21428668,0.21428668,0.084029,0.08098448,0.0030445165,0.172271728515625
1344,0.21872707,0.21872707,0.084714375,0.08161798,0.0030963966,0.1703355312347412
1345,0.21409133,0.21409133,0.07592347,0.073102735,0.0028207346,0.17031049728393555,0.07500764,0.07500764
1346,0.21209732,0.21209732,0.084985815,0.08194095,0.0030448688,0.17014455795288086
1347,0.21687637,0.21687637,0.08059378,0.07733682,0.0032569629,0.17208576202392578
1348,0.222019,0.222019,0.08044913,0.0774573,0.0029918242,0.1801002025604248
1349,0.21015815,0.21015815,0.091164865,0.08780532,0.003359543,0.17543244361877441
1350,0.20909938,0.20909938,0.08491581,0.08210082,0.0028149858,0.16718673706054688,0.07113551,0.07113551
1351,0.2108042,0.2108042,0.08653905,0.0834835,0.003055548,0.1706862449645996
1352,0.21274132,0.21274132,0.089483365,0.086208746,0.0032746203,0.16475605964660645
1353,0.21361941,0.21361941,0.08702847,0.08393937,0.0030890994,0.17273879051208496
1354,0.21617065,0.21617065,0.08083774,0.077957585,0.0028801595,0.17136335372924805
1355,0.22404459,0.22404459,0.07805516,0.07505139,0.003003765,0.17193865776062012,0.073713355,0.073713355
1356,0.20938617,0.20938617,0.08555878,0.08257863,0.0029801521,0.18100810050964355
1357,0.20919664,0.20919664,0.08165425,0.078661285,0.002992964,0.18015241622924805
1358,0.21463497,0.21463497,0.0812876,0.07799735,0.0032902497,0.17661118507385254
1359,0.220574,0.220574,0.08651962,0.08368737,0.0028322486,0.173569917678833
1360,0.2141996,0.2141996,0.08756891,0.084364414,0.0032044975,0.17055392265319824,0.08142421,0.08142421
1361,0.2131837,0.2131837,0.088508934,0.08527517,0.00323376,0.1703946590423584
1362,0.21217981,0.21217981,0.08860763,0.08542626,0.0031813716,0.1723465919494629
1363,0.21883504,0.21883504,0.08467601,0.08189576,0.0027802528,0.17833590507507324
1364,0.21326919,0.21326919,0.0766913,0.07387136,0.0028199395,0.16901111602783203
1365,0.21377046,0.21377046,0.08260348,0.07963539,0.0029680862,0.17831659317016602,0.07306399,0.07306399
1366,0.2104566,0.2104566,0.08752263,0.084367104,0.003155531,0.16915011405944824
1367,0.2104892,0.2104892,0.08099941,0.07832518,0.0026742276,0.1713697910308838
1368,0.20615993,0.20615993,0.08681835,0.08385533,0.0029630212,0.17292404174804688
1369,0.213764,0.213764,0.081454575,0.07849905,0.0029555296,0.16830706596374512
1370,0.20883991,0.20883991,0.080603704,0.07773039,0.0028733185,0.17150044441223145,0.07271002,0.07271002
1371,0.20826533,0.20826533,0.08419505,0.08121402,0.002981033,0.16775894165039062
1372,0.21033138,0.21033138,0.08961465,0.08650099,0.0031136626,0.17972135543823242
1373,0.20995174,0.20995174,0.08334479,0.080567956,0.0027768342,0.175217866897583
1374,0.21636494,0.21636494,0.083509445,0.08050297,0.0030064736,0.16660189628601074
1375,0.21082313,0.21082313,0.08164171,0.07870303,0.0029386792,0.17186236381530762,0.075199865,0.075199865
1376,0.21438342,0.21438342,0.08383123,0.08081846,0.0030127678,0.17309021949768066
1377,0.21554825,0.21554825,0.083929315,0.080807924,0.0031213926,0.17296504974365234
1378,0.2204081,0.2204081,0.07932575,0.07651659,0.0028091623,0.16572260856628418
1379,0.21642672,0.21642672,0.078927934,0.07632455,0.0026033851,0.17159008979797363
1380,0.2157296,0.2157296,0.09287614,0.08962693,0.0032492082,0.1744248867034912,0.076907456,0.076907456
1381,0.21183579,0.21183579,0.08466037,0.08181433,0.0028460484,0.17444229125976562
1382,0.21402155,0.21402155,0.088389404,0.08537398,0.0030154216,0.17343616485595703
1383,0.20825346,0.20825346,0.08962846,0.08659423,0.0030342238,0.16724395751953125
1384,0.20969012,0.20969012,0.085542664,0.08244016,0.003102504,0.17159724235534668
1385,0.20734665,0.20734665,0.08215907,0.07939393,0.002765142,0.17260980606079102,0.07655992,0.07655992
1386,0.21263385,0.21263385,0.09060025,0.087659664,0.0029405854,0.17329049110412598
1387,0.20801926,0.20801926,0.07956356,0.076841384,0.0027221718,0.17279267311096191
1388,0.20984581,0.20984581,0.0859935,0.08296168,0.0030318224,0.16834664344787598
1389,0.2048838,0.2048838,0.08513808,0.08214641,0.00299167,0.1663200855255127
1390,0.20764062,0.20764062,0.07852414,0.075691506,0.0028326367,0.17261958122253418,0.072205484,0.072205484
1391,0.20682631,0.20682631,0.08533981,0.08237288,0.0029669271,0.1730947494506836
1392,0.21518219,0.21518219,0.08904912,0.08588575,0.0031633715,0.17160844802856445
1393,0.2062711,0.2062711,0.0879214,0.08499654,0.002924867,0.17259716987609863
1394,0.20816265,0.20816265,0.085261606,0.08239267,0.002868936,0.17234110832214355
1395,0.20965524,0.20965524,0.081367575,0.07860474,0.0027628304,0.17218351364135742,0.07418782,0.07418782
1396,0.20757087,0.20757087,0.082972154,0.080112755,0.0028594,0.183762788772583
1397,0.20680231,0.20680231,0.089737736,0.086942,0.002795733,0.18366026878356934
1398,0.20648555,0.20648555,0.094309695,0.09150717,0.002802529,0.18075156211853027
1399,0.2065304,0.2065304,0.091783464,0.08873787,0.0030455962,0.17267727851867676
1400,0.2058073,0.2058073,0.087298475,0.084588714,0.002709764,0.17199373245239258,0.07094384,0.07094384
1401,0.20778488,0.20778488,0.08624065,0.08332564,0.0029150122,0.17181062698364258
1402,0.20453,0.20453,0.09054641,0.08751503,0.0030313784,0.17173242568969727
1403,0.20795113,0.20795113,0.08395107,0.08121585,0.0027352173,0.17177629470825195
1404,0.20357138,0.20357138,0.08737686,0.08447406,0.002902805,0.17328763008117676
1405,0.20842828,0.20842828,0.08810791,0.08517663,0.0029312768,0.17598557472229004,0.07425372,0.07425372
1406,0.21336144,0.21336144,0.08412049,0.08136756,0.0027529327,0.17979717254638672
1407,0.21401098,0.21401098,0.087715216,0.08482965,0.0028855668,0.17248773574829102
1408,0.20689689,0.20689689,0.08057667,0.07767548,0.0029011937,0.17188215255737305
1409,0.20395316,0.20395316,0.07986668,0.076962814,0.002903862,0.16950726509094238
1410,0.20366092,0.20366092,0.08526294,0.08230005,0.0029628903,0.17211556434631348,0.07150926,0.07150926
1411,0.20647423,0.20647423,0.08172776,0.07910075,0.0026270056,0.16855072975158691
1412,0.21343349,0.21343349,0.08168223,0.07885268,0.0028295452,0.1705620288848877
1413,0.20419852,0.20419852,0.08122604,0.07851882,0.0027072178,0.17941641807556152
1414,0.20842636,0.20842636,0.0850491,0.08222694,0.0028221612,0.18117165565490723
1415,0.20536675,0.20536675,0.082181215,0.07962329,0.002557925,0.1806344985961914,0.0731346,0.0731346
1416,0.20584348,0.20584348,0.0755278,0.07305476,0.002473043,0.1721935272216797
1417,0.20747234,0.20747234,0.08523137,0.08233683,0.002894543,0.17422699928283691
1418,0.20720302,0.20720302,0.08194397,0.07888527,0.0030586908,0.17176485061645508
1419,0.2065119,0.2065119,0.08020206,0.07765163,0.002550429,0.16740107536315918
1420,0.20598051,0.20598051,0.07988676,0.07719734,0.0026894156,0.17264771461486816,0.07137241,0.07137241
1421,0.21326537,0.21326537,0.08164134,0.07896544,0.0026758981,0.17264080047607422
1422,0.20480718,0.20480718,0.08455707,0.08162826,0.00292881,0.17524504661560059
1423,0.2067987,0.2067987,0.0853242,0.08264348,0.002680718,0.18233823776245117
1424,0.20815305,0.20815305,0.0858557,0.08314148,0.0027142165,0.16916728019714355
1425,0.202443,0.202443,0.08593216,0.08319179,0.002740366,0.17140460014343262,0.07124652,0.07124652
1426,0.20408557,0.20408557,0.07746995,0.07485271,0.0026172432,0.17366504669189453
1427,0.20789316,0.20789316,0.07869598,0.07622975,0.0024662311,0.17318034172058105
1428,0.20834684,0.20834684,0.08583581,0.08312091,0.002714896,0.17250657081604004
1429,0.20332056,0.20332056,0.08209828,0.07940506,0.0026932221,0.1736154556274414
1430,0.20553452,0.20553452,0.0833942,0.08061148,0.0027827143,0.17397069931030273,0.0718878,0.0718878
1431,0.20294607,0.20294607,0.081913516,0.07916438,0.0027491394,0.18355607986450195
1432,0.20699939,0.20699939,0.077073246,0.07446625,0.0026069942,0.18147683143615723
1433,0.20698847,0.20698847,0.08645384,0.08360224,0.0028516003,0.17154812812805176
1434,0.20325376,0.20325376,0.08335047,0.08059242,0.0027580461,0.17281508445739746
1435,0.20998175,0.20998175,0.08499988,0.082329705,0.0026701794,0.1719815731048584,0.0727664,0.0727664
1436,0.2058913,0.2058913,0.086459585,0.08368709,0.0027724935,0.17265057563781738
1437,0.20242645,0.20242645,0.08352255,0.080967,0.0025555522,0.1679840087890625
1438,0.20836581,0.20836581,0.08286149,0.0801305,0.0027309894,0.17248845100402832
1439,0.20469722,0.20469722,0.08084533,0.07815369,0.002691644,0.17192554473876953
1440,0.20636669,0.20636669,0.08384599,0.08113726,0.002708723,0.16924381256103516,0.07332503,0.07332503
1441,0.20565104,0.20565104,0.08903421,0.0859683,0.0030659046,0.17085504531860352
1442,0.2047913,0.2047913,0.086373046,0.0836607,0.002712345,0.1725008487701416
1443,0.20695321,0.20695321,0.08722152,0.08420879,0.003012729,0.17262887954711914
1444,0.2034836,0.2034836,0.0777111,0.075083874,0.0026272226,0.1717982292175293
1445,0.20636545,0.20636545,0.085907266,0.08342569,0.0024815735,0.1723945140838623,0.07333147,0.07333147
1446,0.203587,0.203587,0.08001676,0.07727825,0.0027385135,0.17224860191345215
1447,0.20542291,0.20542291,0.0832167,0.080382735,0.0028339631,0.17760229110717773
1448,0.20723027,0.20723027,0.08386074,0.08109729,0.0027634485,0.17776203155517578
1449,0.2058596,0.2058596,0.08621833,0.083641864,0.0025764664,0.1758568286895752
1450,0.20156997,0.20156997,0.082686305,0.079938486,0.0027478158,0.17512989044189453,0.073673084,0.073673084
1451,0.20438944,0.20438944,0.083474725,0.08088351,0.0025912144,0.16993999481201172
1452,0.20853843,0.20853843,0.078986906,0.07645441,0.0025324991,0.17337274551391602
1453,0.20346323,0.20346323,0.084993675,0.08241143,0.0025822422,0.16684269905090332
1454,0.20164198,0.20164198,0.07800731,0.075444795,0.0025625147,0.1725015640258789
1455,0.2047538,0.2047538,0.0855954,0.08296341,0.002631991,0.1728055477142334,0.07216524,0.07216524
1456,0.20335914,0.20335914,0.0791632,0.07639209,0.0027711077,0.17285513877868652
1457,0.20257638,0.20257638,0.082245,0.07963698,0.0026080182,0.16836142539978027
1458,0.20751308,0.20751308,0.081464775,0.07894191,0.0025228632,0.17244482040405273
1459,0.20417629,0.20417629,0.08192962,0.07943701,0.0024926031,0.17250967025756836
1460,0.20345424,0.20345424,0.079047866,0.07642782,0.002620049,0.17223501205444336,0.07201343,0.07201343
1461,0.20415153,0.20415153,0.086593956,0.083821155,0.002772803,0.1730632781982422
1462,0.2035906,0.2035906,0.079726964,0.07711714,0.0026098255,0.1678791046142578
1463,0.20285752,0.20285752,0.08063117,0.07818698,0.0024441849,0.16762113571166992
1464,0.20359702,0.20359702,0.07852831,0.07619032,0.0023379864,0.1887073516845703
1465,0.20124428,0.20124428,0.084974445,0.08214696,0.0028274844,0.18179655075073242,0.07150332,0.07150332
1466,0.20454033,0.20454033,0.08290951,0.08035936,0.0025501456,0.1786658763885498
1467,0.20381218,0.20381218,0.08315819,0.08053886,0.0026193291,0.17249178886413574
1468,0.20307834,0.20307834,0.08309561,0.08070593,0.0023896769,0.17267441749572754
1469,0.20343715,0.20343715,0.08328612,0.08053655,0.0027495685,0.1684279441833496
1470,0.20253319,0.20253319,0.08052386,0.078011945,0.0025119185,0.1726076602935791,0.07230809,0.07230809
1471,0.20164749,0.20164749,0.08576191,0.08307844,0.0026834756,0.17331838607788086
1472,0.20566301,0.20566301,0.08226527,0.07977574,0.0024895312,0.17367291450500488
1473,0.2027673,0.2027673,0.082533486,0.07996712,0.002566364,0.17779994010925293
1474,0.20285478,0.20285478,0.08121067,0.0785165,0.0026941763,0.175309419631958
1475,0.20493643,0.20493643,0.08526213,0.08249745,0.0027646795,0.17345380783081055,0.0742554,0.0742554
1476,0.20312713,0.20312713,0.07932715,0.07689801,0.0024291398,0.1677415370941162
1477,0.20144233,0.20144233,0.08168598,0.07917906,0.002506918,0.17257165908813477
1478,0.20330398,0.20330398,0.08672133,0.08407662,0.0026447128,0.17256855964660645
1479,0.20197563,0.20197563,0.082708985,0.079933226,0.0027757566,0.17241835594177246
1480,0.2038208,0.2038208,0.08014467,0.07779377,0.0023509052,0.16760873794555664,0.07425602,0.07425602
1481,0.20327932,0.20327932,0.08149734,0.07910689,0.0023904522,0.18167877197265625
1482,0.20106304,0.20106304,0.08210791,0.079552494,0.002555412,0.17788004875183105
1483,0.20378932,0.20378932,0.08185612,0.07923126,0.0026248523,0.17664384841918945
1484,0.2020783,0.2020783,0.07675165,0.07431009,0.0024415643,0.17364072799682617
1485,0.20460676,0.20460676,0.084070474,0.081639595,0.0024308763,0.17435121536254883,0.07314718,0.07314718
1486,0.20212232,0.20212232,0.07527075,0.07294998,0.002320763,0.1661975383758545
1487,0.201417,0.201417,0.08394604,0.0814621,0.0024839437,0.17156505584716797
1488,0.20518668,0.20518668,0.0855661,0.08281594,0.0027501667,0.17199325561523438
1489,0.20262095,0.20262095,0.093109116,0.09048353,0.0026255846,0.17312860488891602
1490,0.20116901,0.20116901,0.08620606,0.08361077,0.0025952938,0.17991232872009277,0.072148055,0.072148055
1491,0.20252514,0.20252514,0.07774017,0.07549484,0.0022453275,0.17767119407653809
1492,0.20653135,0.20653135,0.0874421,0.08493064,0.0025114554,0.17392325401306152
1493,0.20516601,0.20516601,0.082662895,0.080088876,0.00257402,0.17225217819213867
1494,0.21657474,0.21657474,0.07828428,0.075791106,0.00249317,0.16894316673278809
1495,0.21622276,0.21622276,0.08563729,0.08317281,0.0024644716,0.17144417762756348,0.09316237,0.09316237
1496,0.21123722,0.21123722,0.08312112,0.080578804,0.0025423134,0.1679673194885254
1497,0.21247874,0.21247874,0.07674335,0.07436942,0.002373925,0.17244815826416016
1498,0.20620151,0.20620151,0.08620571,0.08347129,0.0027344238,0.1692976951599121
1499,0.21002537,0.21002537,0.08004323,0.07770236,0.0023408716,0.1735239028930664
1500,0.20571403,0.20571403,0.08217576,0.07964418,0.002531578,0.17280101776123047,0.07008919,0.07008919
1501,0.21149124,0.21149124,0.0774349,0.07504592,0.0023889751,0.1673877239227295
1502,0.20613568,0.20613568,0.07950418,0.0768668,0.0026373798,0.16852498054504395
1503,0.20718296,0.20718296,0.08817512,0.085558556,0.0026165608,0.17295527458190918
1504,0.20742989,0.20742989,0.08356211,0.081086576,0.0024755339,0.17264938354492188
1505,0.20557836,0.20557836,0.08263132,0.07989356,0.002737764,0.17242980003356934,0.074082784,0.074082784
1506,0.20930716,0.20930716,0.08351075,0.08083119,0.0026795547,0.183668851852417
1507,0.20643045,0.20643045,0.083594576,0.080998406,0.0025961671,0.18395304679870605
1508,0.20322983,0.20322983,0.079893425,0.07755148,0.002341948,0.17879867553710938
1509,0.20471817,0.20471817,0.08631302,0.0834556,0.0028574204,0.17113876342773438
1510,0.20230529,0.20230529,0.082661375,0.08000668,0.0026546926,0.17074990272521973,0.0728267,0.0728267
1511,0.20355102,0.20355102,0.07918087,0.07663494,0.0025459228,0.17025160789489746
1512,0.20699736,0.20699736,0.07645551,0.07412211,0.0023333991,0.17053842544555664
1513,0.20432746,0.20432746,0.08497659,0.082469776,0.0025068133,0.17149901390075684
1514,0.20135456,0.20135456,0.08615852,0.0837206,0.00243792,0.17285680770874023
1515,0.203041,0.203041,0.07846102,0.076194935,0.0022660838,0.18732500076293945,0.072798334,0.072798334
1516,0.20198637,0.20198637,0.08236802,0.07981557,0.0025524588,0.18135738372802734
1517,0.20345569,0.20345569,0.08077846,0.0784015,0.0023769606,0.18103551864624023
1518,0.20138338,0.20138338,0.079757534,0.07729678,0.0024607533,0.17765378952026367
1519,0.20372656,0.20372656,0.07748528,0.075270824,0.0022144555,0.17078781127929688
1520,0.20139,0.20139,0.08391611,0.081420384,0.0024957268,0.17055797576904297,0.07199402,0.07199402
1521,0.20360525,0.20360525,0.079548486,0.07718356,0.0023649293,0.17090940475463867
1522,0.20661886,0.20661886,0.07823409,0.07567705,0.0025570362,0.17069053649902344
1523,0.20197693,0.20197693,0.082042426,0.07957239,0.0024700402,0.17062830924987793
1524,0.20279408,0.20279408,0.08146828,0.07872355,0.0027447264,0.17112421989440918
1525,0.20289633,0.20289633,0.08314535,0.08070592,0.002439431,0.17841315269470215,0.072744705,0.072744705
1526,0.20164602,0.20164602,0.08120887,0.07882044,0.0023884312,0.17313671112060547
1527,0.20294328,0.20294328,0.07813446,0.075812645,0.0023218186,0.17119932174682617
1528,0.20378742,0.20378742,0.085250326,0.08273974,0.0025105847,0.17095375061035156
1529,0.20612155,0.20612155,0.08230952,0.079941615,0.0023679088,0.17046141624450684
1530,0.20597064,0.20597064,0.08551197,0.083243184,0.002268786,0.17043328285217285,0.07262859,0.07262859
1531,0.20112203,0.20112203,0.07885863,0.07651561,0.0023430192,0.1704118251800537
1532,0.20211612,0.20211612,0.07896147,0.07638673,0.00257474,0.16612792015075684
1533,0.20305037,0.20305037,0.08014289,0.077693015,0.0024498801,0.1778101921081543
1534,0.20497577,0.20497577,0.084516324,0.08184499,0.0026713281,0.17096924781799316
1535,0.20334232,0.20334232,0.08336792,0.08084893,0.0025189924,0.16521787643432617,0.07436197,0.07436197
1536,0.20340443,0.20340443,0.08225097,0.07965335,0.002597618,0.17142605781555176
1537,0.2055411,0.2055411,0.08119763,0.07908233,0.002115295,0.17098259925842285
1538,0.20073491,0.20073491,0.080482155,0.0779134,0.0025687553,0.1700592041015625
1539,0.20115398,0.20115398,0.080384985,0.07787721,0.0025077735,0.1709592342376709
1540,0.20100673,0.20100673,0.07780195,0.07567333,0.002128623,0.1707315444946289,0.07239296,0.07239296
1541,0.19871211,0.19871211,0.07628538,0.074172504,0.0021128738,0.17309308052062988
1542,0.20114869,0.20114869,0.084295124,0.081839666,0.002455455,0.17360138893127441
1543,0.1973536,0.1973536,0.07529106,0.07300859,0.0022824705,0.17029213905334473
1544,0.19918731,0.19918731,0.091036886,0.088358894,0.0026779918,0.1704273223876953
1545,0.20222548,0.20222548,0.08107132,0.07856101,0.0025103122,0.17017197608947754,0.070946775,0.070946775
1546,0.19969791,0.19969791,0.082588114,0.08026396,0.00232416,0.17185759544372559
1547,0.20071453,0.20071453,0.07822456,0.07602755,0.0021970128,0.1734323501586914
1548,0.19921918,0.19921918,0.08157684,0.07922408,0.002352762,0.1797487735748291
1549,0.20193878,0.20193878,0.07591952,0.07363781,0.0022817063,0.17818951606750488
1550,0.19904494,0.19904494,0.08126455,0.07897924,0.0022853068,0.17431354522705078,0.072045125,0.072045125
1551,0.2008557,0.2008557,0.08209519,0.07971162,0.0023835646,0.1717696189880371
1552,0.20022011,0.20022011,0.08257908,0.07987319,0.0027058849,0.17146039009094238
1553,0.19883499,0.19883499,0.075488396,0.07312419,0.002364201,0.1708681583404541
1554,0.1993946,0.1993946,0.08621886,0.08328534,0.0029335136,0.17387747764587402
1555,0.20116052,0.20116052,0.07875132,0.07633703,0.002414285,0.17275667190551758,0.0734334,0.0734334
1556,0.19843654,0.19843654,0.077309586,0.0749518,0.0023577898,0.17385482788085938
1557,0.19968012,0.19968012,0.08200575,0.07981767,0.0021880807,0.1818082332611084
1558,0.19970576,0.19970576,0.08466146,0.08235843,0.0023030322,0.18206024169921875
1559,0.20257162,0.20257162,0.086110406,0.083540305,0.0025701022,0.17383670806884766
1560,0.20080398,0.20080398,0.08388735,0.08154032,0.0023470349,0.1721951961517334,0.07337239,0.07337239
1561,0.20024702,0.20024702,0.08144527,0.07928565,0.0021596167,0.1713855266571045
1562,0.20076945,0.20076945,0.086266026,0.08385828,0.0024077415,0.17195558547973633
1563,0.2014397,0.2014397,0.080297686,0.07802017,0.0022775175,0.17220306396484375
1564,0.2011767,0.2011767,0.082071945,0.07978753,0.0022844132,0.17393732070922852
1565,0.20004776,0.20004776,0.08268581,0.08007732,0.0026084967,0.1881999969482422,0.07185118,0.07185118
1566,0.20007032,0.20007032,0.07876572,0.076380804,0.002384914,0.18189740180969238
1567,0.20053752,0.20053752,0.085509725,0.08311426,0.0023954627,0.18185091018676758
1568,0.19945513,0.19945513,0.08223609,0.08016177,0.0020743187,0.1742565631866455
1569,0.19952857,0.19952857,0.085325204,0.08296898,0.0023562217,0.17278456687927246
1570,0.19906314,0.19906314,0.084708765,0.082190625,0.0025181426,0.17219758033752441,0.07220372,0.07220372
1571,0.19920437,0.19920437,0.083173186,0.08067327,0.002499917,0.17113089561462402
1572,0.2020787,0.2020787,0.079800494,0.07757447,0.0022260225,0.17174077033996582
1573,0.19765846,0.19765846,0.07832803,0.075849704,0.002478322,0.17145943641662598
1574,0.19909698,0.19909698,0.08005008,0.077883825,0.0021662593,0.17253971099853516
1575,0.19761291,0.19761291,0.0830787,0.08074454,0.0023341551,0.17890501022338867,0.071511164,0.071511164
1576,0.19957729,0.19957729,0.079069346,0.07682363,0.002245715,0.17670607566833496
1577,0.20076904,0.20076904,0.07906249,0.07689176,0.0021707325,0.17239642143249512
1578,0.1998928,0.1998928,0.08334956,0.08114062,0.0022089384,0.1721024513244629
1579,0.19988601,0.19988601,0.08212826,0.079827644,0.0023006143,0.17247223854064941
1580,0.19921719,0.19921719,0.0832517,0.08084976,0.0024019368,0.1719803810119629,0.071642235,0.071642235
1581,0.20076402,0.20076402,0.078480266,0.07620468,0.002275589,0.17249441146850586
1582,0.1981887,0.1981887,0.08443582,0.08197706,0.0024587554,0.172560453414917
1583,0.1995202,0.1995202,0.08120437,0.07861589,0.0025884772,0.1723926067352295
1584,0.19981104,0.19981104,0.08521543,0.08280131,0.0024141148,0.17214703559875488
1585,0.19772476,0.19772476,0.07728033,0.07505861,0.0022217184,0.17190122604370117,0.07123115,0.07123115
1586,0.19948462,0.19948462,0.07744482,0.07508599,0.002358832,0.17179179191589355
1587,0.19889335,0.19889335,0.08737066,0.0849173,0.0024533556,0.17216992378234863
1588,0.19790867,0.19790867,0.07837245,0.07621719,0.0021552613,0.17151165008544922
1589,0.19974214,0.19974214,0.077679284,0.07521611,0.0024631778,0.1712656021118164
1590,0.19991295,0.19991295,0.08239025,0.07990547,0.0024847747,0.17152905464172363,0.07110391,0.07110391
1591,0.1990778,0.1990778,0.081863,0.07951639,0.0023466158,0.1735701560974121
1592,0.19792973,0.19792973,0.0808546,0.07870906,0.002145541,0.178389310836792
1593,0.19980107,0.19980107,0.08606585,0.083874375,0.0021914777,0.17458391189575195
1594,0.19812298,0.19812298,0.08519688,0.08279974,0.0023971435,0.17241668701171875
1595,0.19986972,0.19986972,0.0817445,0.07934529,0.0023992045,0.17215704917907715,0.07254352,0.07254352
1596,0.19921741,0.19921741,0.07975638,0.077509925,0.0022464565,0.17179656028747559
1597,0.19863588,0.19863588,0.08824081,0.085867554,0.0023732553,0.17253446578979492
1598,0.2004119,0.2004119,0.081765465,0.07920756,0.0025579003,0.17202186584472656
1599,0.19917272,0.19917272,0.07955437,0.07722867,0.002325702,0.1721961498260498
1600,0.19796555,0.19796555,0.08118453,0.07879792,0.0023866084,0.18202805519104004,0.07169699,0.07169699
1601,0.1989142,0.1989142,0.07669949,0.074526615,0.002172873,0.1755199432373047
1602,0.19766536,0.19766536,0.08459788,0.08208941,0.0025084715,0.172684907913208
1603,0.2006073,0.2006073,0.084972575,0.08273853,0.0022340424,0.1722276210784912
1604,0.19813834,0.19813834,0.081218176,0.07889921,0.002318962,0.17052912712097168
1605,0.2018544,0.2018544,0.078221515,0.07596773,0.0022537878,0.17110562324523926,0.07092347,0.07092347
1606,0.19999433,0.19999433,0.07527252,0.07315034,0.0021221861,0.16710472106933594
1607,0.2000273,0.2000273,0.08736798,0.08490432,0.002463662,0.1704857349395752
1608,0.1996305,0.1996305,0.0770063,0.07483463,0.0021716699,0.16649341583251953
1609,0.20037843,0.20037843,0.08032653,0.07804647,0.00228006,0.1660017967224121
1610,0.20051217,0.20051217,0.08070835,0.07852875,0.0021795987,0.1729574203491211,0.07155959,0.07155959
1611,0.19884914,0.19884914,0.0862829,0.08408243,0.0022004677,0.17279648780822754
1612,0.19985554,0.19985554,0.07844614,0.07614267,0.0023034704,0.17142248153686523
1613,0.19991459,0.19991459,0.08338587,0.081012666,0.0023732048,0.17181634902954102
1614,0.19749199,0.19749199,0.079323515,0.0768898,0.0024337177,0.1716172695159912
1615,0.19806446,0.19806446,0.07866808,0.07641068,0.0022573974,0.17284345626831055,0.0709466,0.0709466
1616,0.19836605,0.19836605,0.07790405,0.07566683,0.002237224,0.18911433219909668
1617,0.19986518,0.19986518,0.077493146,0.07537879,0.0021143563,0.18220281600952148
1618,0.20200256,0.20200256,0.08488113,0.082678415,0.0022027153,0.17569589614868164
1619,0.19788328,0.19788328,0.082575396,0.0803414,0.002233999,0.17153167724609375
1620,0.19876872,0.19876872,0.072612904,0.070584126,0.00202878,0.17315125465393066,0.071813986,0.071813986
1621,0.19950712,0.19950712,0.076454856,0.07424615,0.0022087004,0.17293024063110352
1622,0.19962732,0.19962732,0.084261365,0.08181432,0.0024470435,0.17210149765014648
1623,0.19952352,0.19952352,0.080278315,0.078224346,0.0020539719,0.17316961288452148
1624,0.19918056,0.19918056,0.078679554,0.076359004,0.0023205492,0.1732802391052246
1625,0.19700772,0.19700772,0.081152044,0.07886931,0.0022827329,0.18261146545410156,0.07042604,0.07042604
1626,0.19915561,0.19915561,0.08485665,0.082418814,0.002437841,0.18076109886169434
1627,0.19991824,0.19991824,0.08583469,0.08323727,0.0025974233,0.17607593536376953
1628,0.19779873,0.19779873,0.08240349,0.08015697,0.0022465198,0.1728050708770752
1629,0.19732124,0.19732124,0.08117711,0.07869157,0.0024855393,0.17216897010803223
1630,0.20274696,0.20274696,0.079359345,0.07712728,0.0022320668,0.17186260223388672,0.07056945,0.07056945
1631,0.19792263,0.19792263,0.083259165,0.081084155,0.0021750086,0.17305517196655273
1632,0.19837353,0.19837353,0.0819127,0.079516985,0.002395713,0.171952486038208
1633,0.19894029,0.19894029,0.0785433,0.07635348,0.002189813,0.1720132827758789
1634,0.20079519,0.20079519,0.076751776,0.07479447,0.0019573064,0.17432212829589844
1635,0.19886066,0.19886066,0.080713876,0.07834148,0.0023723997,0.17456388473510742,0.07125566,0.07125566
1636,0.201445,0.201445,0.078694575,0.07614971,0.0025448615,0.17251348495483398
1637,0.19807476,0.19807476,0.076716594,0.07454035,0.002176244,0.17180156707763672
1638,0.19807413,0.19807413,0.078430764,0.07621464,0.0022161233,0.17725181579589844
1639,0.19773874,0.19773874,0.07894362,0.07683895,0.0021046693,0.1711723804473877
1640,0.19818945,0.19818945,0.07992503,0.07778442,0.0021406084,0.17084622383117676,0.07021951,0.07021951
1641,0.19994915,0.19994915,0.08068158,0.07835131,0.0023302669,0.1716325283050537
1642,0.19923107,0.19923107,0.0864038,0.08410573,0.002298072,0.17345881462097168
1643,0.20112705,0.20112705,0.07986857,0.077553086,0.0023154828,0.1714322566986084
1644,0.19798152,0.19798152,0.07972271,0.07760859,0.0021141206,0.17160773277282715
1645,0.20044892,0.20044892,0.08304661,0.08080765,0.0022389598,0.17142128944396973,0.07127046,0.07127046
1646,0.2012614,0.2012614,0.081102885,0.07885016,0.002252729,0.17347502708435059
1647,0.2043658,0.2043658,0.08698525,0.08464742,0.0023378339,0.17297601699829102
1648,0.20059769,0.20059769,0.07885865,0.07674775,0.0021108985,0.17369723320007324
1649,0.19984595,0.19984595,0.07571334,0.07360379,0.0021095506,0.17343354225158691
1650,0.20154855,0.20154855,0.08108555,0.07871036,0.0023751853,0.1764974594116211,0.07046499,0.07046499
1651,0.20196597,0.20196597,0.07275797,0.07049486,0.0022631076,0.17422986030578613
1652,0.19983383,0.19983383,0.07714793,0.074858434,0.0022894996,0.17207980155944824
1653,0.20113628,0.20113628,0.07807665,0.07570682,0.0023698364,0.17146992683410645
1654,0.19887932,0.19887932,0.077908725,0.07578008,0.0021286493,0.17137598991394043
1655,0.19880319,0.19880319,0.07467893,0.07254696,0.0021319694,0.17139863967895508,0.07143777,0.07143777
1656,0.20026843,0.20026843,0.0865922,0.08432125,0.0022709456,0.17210984230041504
1657,0.20336907,0.20336907,0.07603364,0.07388896,0.002144677,0.17086172103881836
1658,0.20217536,0.20217536,0.07829381,0.07622988,0.0020639321,0.17056679725646973
1659,0.21248706,0.21248706,0.07690038,0.074928306,0.001972072,0.18053650856018066
1660,0.20027141,0.20027141,0.08104459,0.07866552,0.0023790759,0.17479658126831055,0.070237726,0.070237726
1661,0.20696439,0.20696439,0.0811104,0.07899646,0.0021139437,0.17167997360229492
1662,0.20864496,0.20864496,0.08788337,0.08522359,0.0026597725,0.17350554466247559
1663,0.22290161,0.22290161,0.08494384,0.08247862,0.0024652183,0.17181086540222168
1664,0.2513177,0.2513177,0.08835188,0.08544435,0.0029075276,0.17182016372680664
1665,0.22257848,0.22257848,0.09106404,0.08846942,0.0025946207,0.17130231857299805,0.103148274,0.103148274
1666,0.263504,0.263504,0.08869339,0.08574337,0.0029500166,0.16691303253173828
1667,0.28824085,0.28824085,0.08588142,0.083038,0.0028434205,0.1791074275970459
1668,0.27659842,0.27659842,0.092846505,0.089812905,0.003033602,0.16936659812927246
1669,0.28560445,0.28560445,0.09565513,0.092378356,0.003276769,0.17195677757263184
1670,0.28927016,0.28927016,0.09408623,0.09099702,0.0030892096,0.1702277660369873,0.07744605,0.07744605
1671,0.278284,0.278284,0.0928171,0.089799486,0.003017615,0.16999483108520508
1672,0.27830136,0.27830136,0.09567014,0.09255681,0.003113331,0.1697690486907959
1673,0.24703586,0.24703586,0.082533844,0.07946423,0.003069618,0.16624712944030762
1674,0.27456364,0.27456364,0.087317966,0.084438525,0.0028794399,0.1657114028930664
1675,0.2793479,0.2793479,0.08890301,0.08600887,0.0028941424,0.1700284481048584,0.08978329,0.08978329
1676,0.25260085,0.25260085,0.08669126,0.083875045,0.0028162156,0.1650714874267578
1677,0.24981754,0.24981754,0.08261405,0.08027251,0.0023415375,0.17144060134887695
1678,0.24397212,0.24397212,0.0914883,0.088608444,0.0028798594,0.16561269760131836
1679,0.258689,0.258689,0.09108245,0.08846289,0.0026195587,0.17129087448120117
1680,0.24180265,0.24180265,0.09102967,0.08809228,0.0029373844,0.17047905921936035,0.10176992,0.10176992
1681,0.23922084,0.23922084,0.09107553,0.08851614,0.0025593967,0.17371177673339844
1682,0.22993729,0.22993729,0.08758502,0.084491655,0.0030933646,0.171142578125
1683,0.22865479,0.22865479,0.091794305,0.088814914,0.0029793913,0.17267560958862305
1684,0.22461483,0.22461483,0.08757112,0.08469022,0.0028809034,0.16994810104370117
1685,0.21970206,0.21970206,0.086226836,0.08331977,0.0029070675,0.16661810874938965,0.09201995,0.09201995
1686,0.22789276,0.22789276,0.09015158,0.0872936,0.002857979,0.17117953300476074
1687,0.22902459,0.22902459,0.09122352,0.087897345,0.0033261804,0.17046809196472168
1688,0.2341787,0.2341787,0.086800486,0.08404533,0.0027551542,0.1719062328338623
1689,0.22212406,0.22212406,0.0833326,0.080330394,0.003002202,0.17324542999267578
1690,0.21957126,0.21957126,0.09082918,0.08789242,0.002936756,0.17310142517089844,0.07274707,0.07274707
1691,0.22501503,0.22501503,0.0864229,0.083520845,0.0029020535,0.17274761199951172
1692,0.2272042,0.2272042,0.09172803,0.08873893,0.0029890968,0.17120122909545898
1693,0.21990772,0.21990772,0.087856874,0.08506992,0.0027869546,0.1706843376159668
1694,0.22597893,0.22597893,0.08609201,0.083255135,0.0028368745,0.171644926071167
1695,0.2185559,0.2185559,0.090830885,0.08788556,0.0029453281,0.17164254188537598,0.08915534,0.08915534
1696,0.21896696,0.21896696,0.09100336,0.087777905,0.0032254532,0.1722545623779297
1697,0.22112128,0.22112128,0.08952414,0.086627156,0.0028969839,0.1693263053894043
1698,0.22615258,0.22615258,0.090194136,0.08726433,0.0029298074,0.16507792472839355
1699,0.21838327,0.21838327,0.091070354,0.08809037,0.002979989,0.17010903358459473
1700,0.21194503,0.21194503,0.08448495,0.08147436,0.0030105913,0.1712334156036377,0.08066414,0.08066414
1701,0.22133428,0.22133428,0.0909746,0.0880233,0.0029513005,0.17234039306640625
1702,0.2164061,0.2164061,0.08879643,0.08591872,0.0028777116,0.1715831756591797
1703,0.21287173,0.21287173,0.08375913,0.08064599,0.0031131334,0.17148923873901367
1704,0.21618389,0.21618389,0.089629054,0.08662198,0.0030070776,0.17955303192138672
1705,0.21340714,0.21340714,0.08755568,0.08455769,0.0029979832,0.1740574836730957,0.07361181,0.07361181
1706,0.21228465,0.21228465,0.08917573,0.085818484,0.003357248,0.17139625549316406
1707,0.20741971,0.20741971,0.0909299,0.087988496,0.0029414045,0.17040634155273438
1708,0.21041301,0.21041301,0.090376854,0.08734049,0.0030363677,0.1721794605255127
1709,0.21082027,0.21082027,0.083370484,0.0806086,0.002761882,0.172576904296875
1710,0.20904459,0.20904459,0.086740285,0.0838393,0.0029009872,0.1714615821838379,0.0712507,0.0712507
1711,0.20803432,0.20803432,0.08288884,0.08013184,0.0027569986,0.17304158210754395
1712,0.2077228,0.2077228,0.08855573,0.08560927,0.0029464576,0.1813983917236328
1713,0.20570083,0.20570083,0.090312146,0.087283626,0.0030285167,0.18189620971679688
1714,0.2109143,0.2109143,0.08442982,0.08156997,0.002859851,0.17883586883544922
1715,0.21142241,0.21142241,0.08549509,0.08269822,0.0027968765,0.17282819747924805,0.07319119,0.07319119
1716,0.20652832,0.20652832,0.08636936,0.083335675,0.0030336792,0.17209339141845703
1717,0.21071106,0.21071106,0.084651046,0.08189572,0.0027553283,0.17960143089294434
1718,0.21264188,0.21264188,0.08842401,0.08555674,0.002867271,0.17183613777160645
1719,0.20632042,0.20632042,0.08937199,0.0867054,0.0026665884,0.17244958877563477
1720,0.20981906,0.20981906,0.08827757,0.085536025,0.0027415454,0.1718900203704834,0.0732229,0.0732229
1721,0.20865116,0.20865116,0.09175907,0.08857037,0.0031887018,0.17146611213684082
1722,0.2065052,0.2065052,0.09383009,0.09066592,0.0031641657,0.17849111557006836
1723,0.20430614,0.20430614,0.08483202,0.08184174,0.002990285,0.17647552490234375
1724,0.20574354,0.20574354,0.09919283,0.09591257,0.0032802562,0.17197751998901367
1725,0.20382245,0.20382245,0.09139292,0.088160306,0.0032326137,0.1723017692565918,0.072898865,0.072898865
1726,0.20948161,0.20948161,0.09455436,0.09146768,0.0030866768,0.1726241111755371
1727,0.20696637,0.20696637,0.088559076,0.08584052,0.0027185527,0.1723933219909668
1728,0.21211539,0.21211539,0.084076904,0.08125162,0.002825279,0.1711282730102539
1729,0.20458537,0.20458537,0.083034955,0.079991706,0.0030432523,0.1710805892944336
1730,0.20860454,0.20860454,0.093307436,0.09022695,0.0030804893,0.17149972915649414,0.0714945,0.0714945
1731,0.20480159,0.20480159,0.09131216,0.08833181,0.0029803487,0.17370057106018066
1732,0.20427005,0.20427005,0.090651445,0.08750037,0.0031510706,0.171342134475708
1733,0.20890284,0.20890284,0.08332858,0.08052367,0.002804913,0.17151260375976562
1734,0.20812649,0.20812649,0.079638824,0.076831795,0.0028070305,0.1719503402709961
1735,0.20196125,0.20196125,0.08514325,0.082194984,0.002948269,0.17135214805603027,0.074298166,0.074298166
1736,0.20467693,0.20467693,0.0829255,0.080045946,0.0028795537,0.17194080352783203
1737,0.20594941,0.20594941,0.09157812,0.08842803,0.0031500873,0.17311406135559082
1738,0.20882072,0.20882072,0.08357666,0.08105507,0.002521586,0.1788322925567627
1739,0.20695539,0.20695539,0.0893256,0.08651495,0.0028106484,0.17890572547912598
1740,0.20471321,0.20471321,0.088129885,0.08499953,0.0031303542,0.17542743682861328,0.07146505,0.07146505
1741,0.20176323,0.20176323,0.08522871,0.08233336,0.0028953473,0.17182683944702148
1742,0.20257613,0.20257613,0.087698154,0.08487779,0.002820366,0.1737205982208252
1743,0.20826128,0.20826128,0.092032045,0.08892358,0.0031084667,0.17306113243103027
1744,0.20384394,0.20384394,0.089849114,0.086964965,0.00288415,0.17288804054260254
1745,0.20504196,0.20504196,0.09146538,0.08856353,0.0029018428,0.17238068580627441,0.0714439,0.0714439
1746,0.20040767,0.20040767,0.09092868,0.087886795,0.0030418858,0.1719512939453125
1747,0.20445614,0.20445614,0.08925588,0.086289525,0.0029663553,0.17835211753845215
1748,0.20287727,0.20287727,0.08549283,0.08263635,0.002856481,0.18218493461608887
1749,0.20840327,0.20840327,0.09381328,0.09097834,0.0028349408,0.18082904815673828
1750,0.20322517,0.20322517,0.08384253,0.08080378,0.003038752,0.1741797924041748,0.07185603,0.07185603
1751,0.20437354,0.20437354,0.09061694,0.087624334,0.0029926102,0.17183279991149902
1752,0.2025402,0.2025402,0.08898251,0.08608492,0.002897592,0.17203283309936523
1753,0.20610577,0.20610577,0.088228844,0.08533901,0.0028898316,0.1729879379272461
1754,0.20045662,0.20045662,0.08903741,0.085988365,0.0030490472,0.17247366905212402
1755,0.20314786,0.20314786,0.08646069,0.08362959,0.0028310975,0.17247581481933594,0.071517676,0.071517676
1756,0.20558521,0.20558521,0.08294107,0.08002084,0.0029202297,0.181593656539917
1757,0.2015232,0.2015232,0.086314395,0.08371842,0.002595975,0.17869138717651367
1758,0.20377949,0.20377949,0.08810806,0.084764995,0.0033430676,0.17359161376953125
1759,0.2021495,0.2021495,0.08320566,0.08033754,0.0028681243,0.17238926887512207
1760,0.20628878,0.20628878,0.087146275,0.08417874,0.0029675364,0.17142295837402344,0.071404554,0.071404554
1761,0.20406339,0.20406339,0.08997603,0.086922325,0.003053705,0.17181754112243652
1762,0.20374468,0.20374468,0.0886298,0.08559761,0.0030321877,0.1720411777496338
1763,0.20236215,0.20236215,0.08496153,0.08215667,0.0028048605,0.17242836952209473
1764,0.20368361,0.20368361,0.088902526,0.08574879,0.0031537334,0.17362594604492188
1765,0.20426093,0.20426093,0.09269647,0.08978009,0.0029163784,0.1816563606262207,0.07218339,0.07218339
1766,0.2031863,0.2031863,0.087885454,0.08487151,0.003013944,0.1792311668395996
1767,0.20609389,0.20609389,0.09365574,0.0905108,0.0031449408,0.1743767261505127
1768,0.20369858,0.20369858,0.09782534,0.09444765,0.0033776914,0.1784348487854004
1769,0.20293672,0.20293672,0.086008474,0.082651876,0.003356601,0.17163562774658203
1770,0.20258063,0.20258063,0.08608945,0.08300904,0.0030804032,0.1712336540222168,0.07152664,0.07152664
1771,0.20395392,0.20395392,0.08831754,0.08529292,0.0030246205,0.17208600044250488
1772,0.19998284,0.19998284,0.088185735,0.08518677,0.0029989597,0.1715247631072998
1773,0.20056497,0.20056497,0.08584795,0.082535036,0.0033129186,0.17276740074157715
1774,0.20438498,0.20438498,0.077515215,0.074701585,0.0028136314,0.17209625244140625
1775,0.20298605,0.20298605,0.08826459,0.08533835,0.002926246,0.17516422271728516,0.071019284,0.071019284
1776,0.2009039,0.2009039,0.08725021,0.08445438,0.0027958327,0.17166757583618164
1777,0.20040613,0.20040613,0.08598391,0.08316449,0.0028194156,0.17221784591674805
1778,0.20168123,0.20168123,0.09274448,0.08969692,0.0030475557,0.17377305030822754
1779,0.20486651,0.20486651,0.094055966,0.091088794,0.0029671714,0.17142534255981445
1780,0.20102817,0.20102817,0.086351335,0.08341245,0.0029388797,0.17161774635314941,0.07038001,0.07038001
1781,0.20183018,0.20183018,0.09093517,0.08780457,0.0031306036,0.17142105102539062
1782,0.20278376,0.20278376,0.08166539,0.078387424,0.0032779635,0.17627787590026855
1783,0.20125595,0.20125595,0.08944412,0.08653232,0.0029118052,0.18015313148498535
1784,0.20288986,0.20288986,0.08850583,0.08525459,0.0032512418,0.1752762794494629
1785,0.20470898,0.20470898,0.08565647,0.082911395,0.0027450777,0.17203426361083984,0.07042108,0.07042108
1786,0.20036134,0.20036134,0.08076879,0.07774259,0.0030261965,0.17165827751159668
1787,0.20123778,0.20123778,0.08750881,0.084280275,0.0032285405,0.17225337028503418
1788,0.20353122,0.20353122,0.09400558,0.091127016,0.0028785614,0.17231082916259766
1789,0.19927107,0.19927107,0.08685576,0.08385656,0.002999198,0.17121028900146484
1790,0.2041347,0.2041347,0.08517009,0.0823008,0.0028692896,0.1737809181213379,0.07102014,0.07102014
1791,0.20292278,0.20292278,0.086685814,0.08354455,0.003141261,0.18277573585510254
1792,0.2000385,0.2000385,0.092080384,0.088695794,0.0033845885,0.1820967197418213
1793,0.20072353,0.20072353,0.09017951,0.08694445,0.003235059,0.1816878318786621
1794,0.20109531,0.20109531,0.08767699,0.08456664,0.0031103473,0.17426013946533203
1795,0.20313838,0.20313838,0.087960824,0.08492268,0.003038145,0.17189908027648926,0.0711006,0.0711006
1796,0.20149466,0.20149466,0.08991125,0.08678742,0.003123836,0.1728222370147705
1797,0.2000743,0.2000743,0.08218314,0.07937793,0.0028052072,0.17194867134094238
1798,0.20189892,0.20189892,0.083661236,0.08082476,0.0028364758,0.17238187789916992
1799,0.20197359,0.20197359,0.08751546,0.08452044,0.0029950212,0.17365121841430664
1800,0.20028107,0.20028107,0.091475196,0.08863723,0.00283796,0.17290854454040527,0.070993535,0.070993535
1801,0.20084888,0.20084888,0.08299843,0.08016275,0.002835686,0.17909455299377441
1802,0.20030949,0.20030949,0.08252003,0.079840876,0.002679156,0.1752922534942627
1803,0.19857709,0.19857709,0.08666275,0.083825186,0.0028375639,0.17212152481079102
1804,0.20102705,0.20102705,0.08531025,0.082307994,0.003002259,0.1719837188720703
1805,0.2002486,0.2002486,0.084666386,0.082083456,0.0025829265,0.17298388481140137,0.071168154,0.071168154
1806,0.19962992,0.19962992,0.08507492,0.08232865,0.0027462721,0.17365455627441406
1807,0.19903812,0.19903812,0.08237321,0.079470105,0.0029031027,0.17350387573242188
1808,0.19975212,0.19975212,0.088871434,0.08567019,0.0032012498,0.17248177528381348
1809,0.19834527,0.19834527,0.08892998,0.08585956,0.0030704187,0.1831066608428955
1810,0.20029001,0.20029001,0.078421876,0.0758075,0.0026143782,0.1837921142578125,0.070863865,0.070863865
1811,0.19956645,0.19956645,0.085859805,0.08305957,0.002800233,0.17665600776672363
1812,0.20092285,0.20092285,0.08639048,0.08325673,0.0031337508,0.17271041870117188
1813,0.2005349,0.2005349,0.08657163,0.08349845,0.0030731764,0.17238450050354004
1814,0.1980204,0.1980204,0.08135769,0.07852184,0.0028358446,0.17260980606079102
1815,0.19845806,0.19845806,0.083814844,0.0811012,0.0027136456,0.17259454727172852,0.07050639,0.07050639
1816,0.19776626,0.19776626,0.08440811,0.081611104,0.002797005,0.17377328872680664
1817,0.19829924,0.19829924,0.0870477,0.08410869,0.002939014,0.1746532917022705
1818,0.19911404,0.19911404,0.08431217,0.08124463,0.0030675353,0.18338418006896973
1819,0.19881824,0.19881824,0.08786293,0.08496652,0.0028964148,0.18524909019470215
1820,0.19951312,0.19951312,0.087869585,0.085104086,0.0027654995,0.18157219886779785,0.070817105,0.070817105
1821,0.19928114,0.19928114,0.08838511,0.08532113,0.0030639807,0.17442560195922852
1822,0.1989392,0.1989392,0.08661412,0.08377919,0.0028349236,0.1728525161743164
1823,0.1995593,0.1995593,0.085422866,0.082310535,0.0031123294,0.1726372241973877
1824,0.20031412,0.20031412,0.08335001,0.080811776,0.0025382352,0.17220735549926758
1825,0.1994733,0.1994733,0.08593876,0.08307896,0.002859798,0.17285370826721191,0.0717772,0.0717772
1826,0.19842415,0.19842415,0.0823913,0.079544395,0.002846904,0.17275285720825195
1827,0.1991952,0.1991952,0.084836245,0.08183453,0.003001711,0.1717214584350586
1828,0.20119049,0.20119049,0.09442586,0.09141213,0.0030137275,0.1717073917388916
1829,0.20006204,0.20006204,0.09255478,0.0896444,0.002910376,0.1723649501800537
1830,0.19826569,0.19826569,0.089471795,0.08624755,0.0032242446,0.17292428016662598,0.07123693,0.07123693
1831,0.19910854,0.19910854,0.089932606,0.08664032,0.0032922842,0.1733403205871582
1832,0.19915123,0.19915123,0.093778126,0.091060326,0.002717804,0.17194914817810059
1833,0.19800758,0.19800758,0.08861706,0.08572057,0.0028964898,0.17384076118469238
1834,0.20058793,0.20058793,0.08741013,0.084453836,0.0029562938,0.17373418807983398
1835,0.19725496,0.19725496,0.0876689,0.084681615,0.0029872875,0.17345356941223145,0.07079532,0.07079532
1836,0.19874007,0.19874007,0.084158935,0.081413284,0.002745653,0.18351387977600098
1837,0.20205376,0.20205376,0.083427615,0.08091389,0.0025137325,0.18227219581604004
1838,0.2001268,0.2001268,0.08327329,0.08057712,0.0026961744,0.18019390106201172
1839,0.19968158,0.19968158,0.09113803,0.08798502,0.0031530096,0.17480182647705078
1840,0.19806217,0.19806217,0.08599007,0.083359875,0.0026301984,0.1678028106689453,0.07062765,0.07062765
1841,0.1992081,0.1992081,0.084059715,0.0810696,0.0029901082,0.17078566551208496
1842,0.20051806,0.20051806,0.08565939,0.08280663,0.002852762,0.17035293579101562
1843,0.19769494,0.19769494,0.085575856,0.08252486,0.0030510006,0.17119979858398438
1844,0.20214674,0.20214674,0.087301426,0.084448084,0.0028533433,0.17270565032958984
1845,0.20005096,0.20005096,0.084834345,0.0817586,0.0030757429,0.18067693710327148,0.071246475,0.071246475
1846,0.20055291,0.20055291,0.093262,0.090035506,0.0032264963,0.1744847297668457
1847,0.19927314,0.19927314,0.09174591,0.08883571,0.0029102024,0.1703791618347168
1848,0.1994603,0.1994603,0.08785132,0.08495455,0.0028967732,0.17090487480163574
1849,0.19875199,0.19875199,0.08610251,0.08325632,0.0028461907,0.16988277435302734
1850,0.2017839,0.2017839,0.081733845,0.07880342,0.0029304267,0.169844388961792,0.07167979,0.07167979
1851,0.19879977,0.19879977,0.07994222,0.077088445,0.0028537728,0.17022109031677246
1852,0.1984101,0.1984101,0.089205444,0.086141184,0.003064259,0.17024636268615723
1853,0.19812,0.19812,0.08218142,0.07939923,0.0027821893,0.17209792137145996
1854,0.19754682,0.19754682,0.082429945,0.07939077,0.003039176,0.18054580688476562
1855,0.19811304,0.19811304,0.08983853,0.086735755,0.0031027743,0.18030190467834473,0.07027515,0.07027515
1856,0.20015338,0.20015338,0.08556014,0.08291212,0.002648027,0.17375898361206055
1857,0.19965525,0.19965525,0.0874464,0.084655836,0.0027905651,0.17334198951721191
1858,0.19836381,0.19836381,0.09207598,0.088703014,0.00337297,0.1724236011505127
1859,0.19932787,0.19932787,0.08685379,0.0837724,0.0030813888,0.17080926895141602
1860,0.19766657,0.19766657,0.08942588,0.08659884,0.0028270334,0.17036771774291992,0.0704536,0.0704536
1861,0.1983192,0.1983192,0.08994947,0.08675386,0.0031956064,0.17090678215026855
1862,0.19894987,0.19894987,0.08315343,0.080055736,0.0030976871,0.18036222457885742
1863,0.19851732,0.19851732,0.078488305,0.07594416,0.0025441446,0.17390799522399902
1864,0.19887665,0.19887665,0.084596455,0.08190489,0.0026915646,0.169541597366333
1865,0.19791134,0.19791134,0.094586514,0.091819406,0.002767105,0.17024898529052734,0.07064903,0.07064903
1866,0.19806065,0.19806065,0.0847397,0.08195439,0.0027853067,0.1714797019958496
1867,0.20195717,0.20195717,0.08913022,0.086005464,0.0031247598,0.16715431213378906
1868,0.19831155,0.19831155,0.0818463,0.07897056,0.002875735,0.17029261589050293
1869,0.19922215,0.19922215,0.084507845,0.08163783,0.0028700146,0.17196893692016602
1870,0.198541,0.198541,0.08612227,0.083379276,0.0027429932,0.18220090866088867,0.07018254,0.07018254
1871,0.19770499,0.19770499,0.081628226,0.079109065,0.002519164,0.1802828311920166
1872,0.20288585,0.20288585,0.08305599,0.0800557,0.003000293,0.17752814292907715
1873,0.198774,0.198774,0.08428932,0.08139276,0.0028965627,0.1674511432647705
1874,0.19940338,0.19940338,0.0856552,0.082936086,0.002719115,0.1700119972229004
1875,0.19981898,0.19981898,0.08681304,0.08408992,0.0027231206,0.16545319557189941,0.07068228,0.07068228
1876,0.1989986,0.1989986,0.08820738,0.085447736,0.0027596413,0.17052602767944336
1877,0.19793232,0.19793232,0.08754504,0.08463767,0.0029073684,0.16431927680969238
1878,0.19804938,0.19804938,0.08613053,0.08323049,0.0029000442,0.17691850662231445
1879,0.19851081,0.19851081,0.08590512,0.083037905,0.002867211,0.17355132102966309
1880,0.19976136,0.19976136,0.08355016,0.08070049,0.002849678,0.17073726654052734,0.07046362,0.07046362
1881,0.19998093,0.19998093,0.084335335,0.081436224,0.0028991138,0.17099308967590332
1882,0.19775446,0.19775446,0.08357442,0.080976754,0.002597665,0.17316365242004395
1883,0.19775711,0.19775711,0.08027742,0.077584215,0.0026932093,0.1721973419189453
1884,0.19973259,0.19973259,0.08859095,0.08573331,0.0028576402,0.17223262786865234
1885,0.19890945,0.19890945,0.086315505,0.08340859,0.0029069216,0.17225122451782227,0.070658654,0.070658654
1886,0.19869988,0.19869988,0.08530206,0.08247507,0.0028269854,0.18229389190673828
1887,0.20168826,0.20168826,0.09261325,0.08938615,0.0032271033,0.18275189399719238
1888,0.19861086,0.19861086,0.08747832,0.08462684,0.002851482,0.1806621551513672
1889,0.20102221,0.20102221,0.0805976,0.07801971,0.0025778955,0.1720902919769287
1890,0.19728225,0.19728225,0.08655062,0.08351852,0.0030321004,0.17055821418762207,0.07062316,0.07062316
1891,0.20075896,0.20075896,0.08653093,0.08375725,0.0027736796,0.17141485214233398
1892,0.20075795,0.20075795,0.08444566,0.08150253,0.0029431344,0.1665956974029541
1893,0.1984924,0.1984924,0.083498895,0.08086332,0.0026355796,0.17154836654663086
1894,0.20012413,0.20012413,0.08043129,0.0774268,0.0030044885,0.1731395721435547
1895,0.1977679,0.1977679,0.09193263,0.08884727,0.0030853627,0.17844653129577637,0.07012236,0.07012236
1896,0.19786341,0.19786341,0.085948765,0.08316473,0.0027840396,0.17208623886108398
1897,0.19885619,0.19885619,0.090644285,0.08760932,0.0030349614,0.17254424095153809
1898,0.19767946,0.19767946,0.09133003,0.08822102,0.0031090048,0.16640663146972656
1899,0.20264813,0.20264813,0.086416334,0.08365379,0.002762545,0.17143702507019043
1900,0.19767074,0.19767074,0.08141198,0.07894085,0.002471128,0.17159366607666016,0.070763625,0.070763625
1901,0.19720244,0.19720244,0.08103233,0.07827798,0.002754349,0.17073321342468262
1902,0.2002867,0.2002867,0.0901977,0.087186635,0.0030110662,0.16814088821411133
1903,0.20073064,0.20073064,0.08854246,0.08564638,0.0028960807,0.17226529121398926
1904,0.19974928,0.19974928,0.080327205,0.07755388,0.0027733194,0.16524147987365723
1905,0.20352033,0.20352033,0.08897689,0.08577286,0.0032040318,0.16735553741455078,0.07232898,0.07232898
1906,0.20138034,0.20138034,0.08649053,0.08352976,0.0029607618,0.1697843074798584
1907,0.19982412,0.19982412,0.084495105,0.08176468,0.0027304217,0.16601967811584473
1908,0.20022485,0.20022485,0.08396057,0.08104668,0.0029138934,0.16768622398376465
1909,0.19846572,0.19846572,0.08181639,0.078630716,0.003185675,0.1700456142425537
1910,0.20066237,0.20066237,0.08721001,0.08449477,0.002715236,0.1699361801147461,0.070675984,0.070675984
1911,0.19860734,0.19860734,0.07817544,0.075430304,0.0027451336,0.1706860065460205
1912,0.19981992,0.19981992,0.093665406,0.090494744,0.0031706644,0.17080068588256836
1913,0.20018151,0.20018151,0.08287171,0.0800301,0.0028416123,0.17063355445861816
1914,0.20044737,0.20044737,0.08798936,0.0852999,0.0026894563,0.16978144645690918
1915,0.19708568,0.19708568,0.083467185,0.08066313,0.0028040556,0.17088770866394043,0.07105725,0.07105725
1916,0.19845308,0.19845308,0.0866921,0.08386035,0.0028317492,0.16540241241455078
1917,0.19943029,0.19943029,0.08402304,0.08148695,0.0025360978,0.17831206321716309
1918,0.19930671,0.19930671,0.08769528,0.084860556,0.0028347236,0.17619895935058594
1919,0.19798328,0.19798328,0.087711975,0.085062414,0.0026495638,0.17193007469177246
1920,0.19792433,0.19792433,0.086984694,0.084019214,0.0029654815,0.17654752731323242,0.07178183,0.07178183
1921,0.19823141,0.19823141,0.08846736,0.08518422,0.0032831419,0.17144536972045898
1922,0.19883016,0.19883016,0.08398472,0.08130339,0.0026813326,0.16556906700134277
1923,0.19804879,0.19804879,0.09156754,0.088645376,0.002922159,0.1707451343536377
1924,0.19802639,0.19802639,0.08172915,0.0788106,0.0029185505,0.16811203956604004
1925,0.19885921,0.19885921,0.08279546,0.0799235,0.0028719604,0.17539596557617188,0.07101009,0.07101009
1926,0.19703235,0.19703235,0.08011255,0.07737826,0.002734288,0.17758893966674805
1927,0.19794594,0.19794594,0.08608982,0.0835422,0.0025476234,0.17212295532226562
1928,0.19968837,0.19968837,0.09445712,0.09133209,0.0031250266,0.17102599143981934
1929,0.19910423,0.19910423,0.08299767,0.08033033,0.002667348,0.17048954963684082
1930,0.19893847,0.19893847,0.08376215,0.081031896,0.0027302469,0.17090916633605957,0.07102009,0.07102009
1931,0.19983013,0.19983013,0.08439987,0.0818654,0.0025344747,0.1707017421722412
1932,0.19684464,0.19684464,0.08426925,0.08136658,0.0029026652,0.1643660068511963
1933,0.1972538,0.1972538,0.07997419,0.07714017,0.002834025,0.18230223655700684
1934,0.19849433,0.19849433,0.08762198,0.08475536,0.0028666211,0.17586708068847656
1935,0.1985125,0.1985125,0.08270039,0.079933435,0.0027669547,0.17212200164794922,0.070144005,0.070144005
1936,0.19834955,0.19834955,0.093873434,0.09102751,0.0028459202,0.17338967323303223
1937,0.19710411,0.19710411,0.08757791,0.08482439,0.0027535157,0.1725754737854004
1938,0.19828482,0.19828482,0.08738365,0.08461332,0.002770327,0.17226815223693848
1939,0.19885746,0.19885746,0.08371144,0.08090691,0.0028045278,0.17253994941711426
1940,0.19715557,0.19715557,0.081908464,0.079327784,0.002580677,0.17403316497802734,0.06963558,0.06963558
1941,0.19804607,0.19804607,0.08486259,0.08208657,0.0027760228,0.18221163749694824
1942,0.19713283,0.19713283,0.088180244,0.08531216,0.0028680835,0.18024468421936035
1943,0.19885002,0.19885002,0.0869954,0.084241845,0.002753555,0.17647767066955566
1944,0.19679236,0.19679236,0.09055868,0.08748496,0.0030737128,0.17230463027954102
1945,0.19607116,0.19607116,0.08828348,0.085598946,0.00268453,0.1720902919769287,0.06998385,0.06998385
1946,0.1989896,0.1989896,0.07899704,0.07619752,0.002799521,0.1735515594482422
1947,0.197144,0.197144,0.09103767,0.08806569,0.0029719805,0.17278790473937988
1948,0.19763525,0.19763525,0.07934324,0.07673389,0.0026093514,0.1727581024169922
1949,0.19750285,0.19750285,0.07818416,0.07543777,0.0027463858,0.17266607284545898
1950,0.19784738,0.19784738,0.077236794,0.07456715,0.0026696485,0.17740869522094727,0.070531905,0.070531905
1951,0.19681875,0.19681875,0.08462595,0.08158132,0.0030446325,0.17744994163513184
1952,0.1976609,0.1976609,0.08659971,0.083468504,0.003131205,0.17538714408874512
1953,0.19683845,0.19683845,0.08411764,0.08114715,0.0029704915,0.17284059524536133
1954,0.19956782,0.19956782,0.086558975,0.08346683,0.0030921486,0.17268753051757812
1955,0.19933507,0.19933507,0.08379738,0.08104433,0.0027530484,0.17215657234191895,0.06996566,0.06996566
1956,0.19873558,0.19873558,0.08455192,0.08202714,0.002524783,0.17302942276000977
1957,0.19791389,0.19791389,0.07601108,0.073580064,0.0024310143,0.172898530960083
1958,0.1971572,0.1971572,0.0858044,0.08307328,0.0027311214,0.17534756660461426
1959,0.1960955,0.1960955,0.08877071,0.08627678,0.0024939296,0.18328094482421875
1960,0.19779167,0.19779167,0.089240834,0.08627896,0.0029618728,0.1779928207397461,0.069844835,0.069844835
1961,0.19719958,0.19719958,0.08531034,0.082482584,0.002827753,0.17356085777282715
1962,0.19760379,0.19760379,0.08287492,0.07998877,0.0028861456,0.17265057563781738
1963,0.1967461,0.1967461,0.08239135,0.0798106,0.002580753,0.1726229190826416
1964,0.19654936,0.19654936,0.08620945,0.0832547,0.002954752,0.17348885536193848
1965,0.19831069,0.19831069,0.083821334,0.08082262,0.002998718,0.17321276664733887,0.070022725,0.070022725
1966,0.19721834,0.19721834,0.08449312,0.081762195,0.0027309286,0.1727921962738037
1967,0.197262,0.197262,0.09092086,0.087696485,0.003224371,0.18135643005371094
1968,0.20006229,0.20006229,0.08276837,0.080156654,0.0026117186,0.18287205696105957
1969,0.21536255,0.21536255,0.08531264,0.08240903,0.0029036112,0.1806020736694336
1970,0.19881195,0.19881195,0.08453939,0.08189357,0.0026458201,0.17864465713500977,0.100810386,0.100810386
1971,0.20326044,0.20326044,0.08384619,0.0811675,0.0026786944,0.18078947067260742
1972,0.24156696,0.24156696,0.08356062,0.080969706,0.002590916,0.1714634895324707
1973,0.21819922,0.21819922,0.08050581,0.07789374,0.0026120658,0.1733715534210205
1974,0.22021157,0.22021157,0.08053499,0.078181304,0.0023536817,0.17398881912231445
1975,0.22308393,0.22308393,0.08625028,0.083287716,0.0029625697,0.1734764575958252,0.08428808,0.08428808
1976,0.22598983,0.22598983,0.08688199,0.08437775,0.0025042384,0.17307567596435547
1977,0.22700588,0.22700588,0.07873553,0.076144695,0.0025908384,0.17960906028747559
1978,0.2180296,0.2180296,0.084825024,0.08224195,0.0025830723,0.18328595161437988
1979,0.21997881,0.21997881,0.081605606,0.079395875,0.0022097314,0.1829369068145752
1980,0.21810234,0.21810234,0.07804123,0.0754825,0.0025587298,0.18262887001037598,0.09130164,0.09130164
1981,0.22146125,0.22146125,0.08737837,0.0844463,0.0029320666,0.178206205368042
1982,0.21846248,0.21846248,0.0843111,0.08127581,0.0030352825,0.17464709281921387
1983,0.21062797,0.21062797,0.08476994,0.08192258,0.002847357,0.17284202575683594
1984,0.21963897,0.21963897,0.07897602,0.07598747,0.002988547,0.17304348945617676
1985,0.22066669,0.22066669,0.08853314,0.08567943,0.0028537167,0.17277741432189941,0.07033748,0.07033748
1986,0.21059366,0.21059366,0.087128036,0.08399439,0.0031336483,0.17371010780334473
1987,0.20919167,0.20919167,0.08189975,0.07894593,0.002953817,0.17280960083007812
1988,0.21680017,0.21680017,0.081020325,0.07862513,0.0023951975,0.17307305335998535
1989,0.21075639,0.21075639,0.08241414,0.079922624,0.0024915189,0.18001842498779297
1990,0.21226189,0.21226189,0.08831417,0.08540409,0.0029100804,0.17239165306091309,0.071166985,0.071166985
1991,0.21156605,0.21156605,0.07961253,0.07692005,0.0026924852,0.1731879711151123
1992,0.20753996,0.20753996,0.08365087,0.08109003,0.0025608419,0.1727135181427002
1993,0.20630716,0.20630716,0.085932255,0.08320862,0.0027236363,0.17284464836120605
1994,0.21096534,0.21096534,0.08503176,0.08206048,0.0029712822,0.17278122901916504
1995,0.20612319,0.20612319,0.08209849,0.07934148,0.0027570152,0.17252349853515625,0.07099749,0.07099749
1996,0.20786542,0.20786542,0.085832566,0.083051324,0.002781245,0.1732783317565918
1997,0.20736583,0.20736583,0.08516891,0.08245672,0.0027121925,0.17489290237426758
1998,0.20894092,0.20894092,0.08761487,0.084974214,0.0026406585,0.17438864707946777
1999,0.20603952,0.20603952,0.077247545,0.074816965,0.0024305806,0.17171382904052734
2000,0.20702243,0.20702243,0.09077469,0.087899104,0.0028755893,0.1778426170349121,0.07199695,0.07199695
2001,0.20264716,0.20264716,0.084879905,0.08188583,0.0029940738,0.1680295467376709
2002,0.20201029,0.20201029,0.085178696,0.082209945,0.0029687525,0.17045831680297852
2003,0.2100346,0.2100346,0.080957554,0.07827376,0.002683799,0.17051434516906738
2004,0.20354702,0.20354702,0.086063914,0.08361442,0.0024494966,0.1711714267730713
2005,0.2042071,0.2042071,0.085151926,0.08250004,0.0026518852,0.17446184158325195,0.07197085,0.07197085
2006,0.20599666,0.20599666,0.090010494,0.0872742,0.002736295,0.17356538772583008
2007,0.2046518,0.2046518,0.08301832,0.07989592,0.003122394,0.1655430793762207
2008,0.20363982,0.20363982,0.08569514,0.082823515,0.0028716263,0.1704545021057129
2009,0.22278844,0.22278844,0.083052315,0.080005765,0.003046547,0.17137765884399414
2010,0.20002319,0.20002319,0.08703694,0.0839825,0.0030544377,0.17084002494812012,0.073415674,0.073415674
2011,0.2060005,0.2060005,0.092270896,0.08913274,0.0031381554,0.17070269584655762
2012,0.20113307,0.20113307,0.079409,0.07690138,0.0025076172,0.1737196445465088
2013,0.20124973,0.20124973,0.08289463,0.07996326,0.0029313748,0.1736137866973877
2014,0.2023628,0.2023628,0.0859025,0.08327881,0.0026236828,0.17161226272583008
2015,0.20118518,0.20118518,0.09094338,0.087686524,0.0032568595,0.17188501358032227,0.07202997,0.07202997
2016,0.20211372,0.20211372,0.0806766,0.07781202,0.0028645773,0.17207646369934082
2017,0.20155773,0.20155773,0.08858411,0.085705884,0.0028782296,0.17125535011291504
2018,0.20509365,0.20509365,0.08014777,0.07713352,0.003014251,0.17062139511108398
2019,0.20696074,0.20696074,0.08662756,0.08377734,0.0028502233,0.17120957374572754
2020,0.20636371,0.20636371,0.084765516,0.08209638,0.0026691332,0.17090487480163574,0.07083773,0.07083773
2021,0.20645863,0.20645863,0.085089736,0.082249105,0.0028406316,0.1817612648010254
2022,0.20678629,0.20678629,0.08364807,0.08114693,0.0025011378,0.1869502067565918
2023,0.2040583,0.2040583,0.087394066,0.084475726,0.0029183421,0.17261481285095215
2024,0.20080908,0.20080908,0.08551674,0.08271302,0.0028037205,0.1704244613647461
2025,0.19818756,0.19818756,0.081978716,0.079295725,0.0026829927,0.1706249713897705,0.070601776,0.070601776
2026,0.2003538,0.2003538,0.09610131,0.09282903,0.0032722785,0.17134404182434082
2027,0.20439366,0.20439366,0.0827201,0.07975901,0.002961092,0.1710672378540039
2028,0.20256957,0.20256957,0.090669766,0.0876931,0.002976663,0.17139911651611328
2029,0.20142055,0.20142055,0.084100276,0.081372075,0.0027281994,0.168290376663208
2030,0.20086543,0.20086543,0.08590105,0.08296432,0.0029367302,0.18135762214660645,0.07113835,0.07113835
2031,0.20302781,0.20302781,0.0854145,0.08264227,0.002772228,0.16822218894958496
2032,0.19857702,0.19857702,0.092487454,0.089508094,0.0029793587,0.17187857627868652
2033,0.20082837,0.20082837,0.08498253,0.081787735,0.0031947964,0.17148685455322266
2034,0.20421493,0.20421493,0.08758224,0.084270865,0.0033113733,0.16549134254455566
2035,0.19953415,0.19953415,0.0846173,0.08178187,0.0028354325,0.1713395118713379,0.07252177,0.07252177
2036,0.2013223,0.2013223,0.08470277,0.08143712,0.0032656488,0.17067742347717285
2037,0.19900425,0.19900425,0.08707017,0.08371169,0.0033584745,0.18039250373840332
2038,0.20049164,0.20049164,0.09029255,0.087489165,0.0028033864,0.1810898780822754
2039,0.20240082,0.20240082,0.08523253,0.08218855,0.0030439855,0.1777207851409912
2040,0.19942115,0.19942115,0.08860997,0.08527508,0.0033348913,0.16614747047424316,0.07321214,0.07321214
2041,0.20067222,0.20067222,0.08510172,0.082325436,0.0027762894,0.17041778564453125
2042,0.20143947,0.20143947,0.08200336,0.07922588,0.002777476,0.17014479637145996
2043,0.20259269,0.20259269,0.088825434,0.08560571,0.003219725,0.17039275169372559
2044,0.20365463,0.20365463,0.083522625,0.080708906,0.0028137187,0.17090678215026855
2045,0.19935246,0.19935246,0.083874196,0.08087935,0.002994839,0.1708674430847168,0.07137162,0.07137162
2046,0.20020302,0.20020302,0.08725258,0.0841493,0.0031032795,0.1694951057434082
2047,0.201843,0.201843,0.087856345,0.08497218,0.0028841665,0.17256379127502441
2048,0.20150086,0.20150086,0.08274684,0.07919132,0.0035555186,0.1705796718597412
2049,0.19903293,0.19903293,0.08567791,0.082514465,0.0031634388,0.17098069190979004
2050,0.20018612,0.20018612,0.084129326,0.081294,0.0028353254,0.1708390712738037,0.07201912,0.07201912
2051,0.1972491,0.1972491,0.08411998,0.08065735,0.003462636,0.17098689079284668
2052,0.20195372,0.20195372,0.08262789,0.07992265,0.0027052457,0.17121624946594238
2053,0.19810139,0.19810139,0.08531205,0.08230971,0.0030023444,0.17121171951293945
2054,0.19833496,0.19833496,0.094472386,0.091537505,0.0029348824,0.17073488235473633
2055,0.19916515,0.19916515,0.082008354,0.07942635,0.0025820073,0.16997623443603516,0.072779804,0.072779804
2056,0.19857892,0.19857892,0.08774005,0.08464409,0.0030959584,0.17293262481689453
2057,0.19839232,0.19839232,0.09239417,0.08927755,0.0031166207,0.17190957069396973
2058,0.19826327,0.19826327,0.08584937,0.082721904,0.0031274657,0.1660628318786621
2059,0.1989232,0.1989232,0.08841023,0.08533321,0.0030770153,0.1721022129058838
2060,0.19874236,0.19874236,0.08306567,0.080284394,0.0027812773,0.17053461074829102,0.07097446,0.07097446
2061,0.20543829,0.20543829,0.08857098,0.08557984,0.0029911427,0.17314910888671875
2062,0.19906576,0.19906576,0.09329001,0.090261415,0.0030285905,0.1715540885925293
2063,0.19835472,0.19835472,0.086797185,0.08396879,0.0028283948,0.17122483253479004
2064,0.19778582,0.19778582,0.08218468,0.079564266,0.0026204132,0.17200303077697754
2065,0.19939171,0.19939171,0.08640911,0.08360392,0.0028051853,0.1712331771850586,0.07105528,0.07105528
2066,0.19840224,0.19840224,0.09105631,0.08791912,0.0031371855,0.16851449012756348
2067,0.19801536,0.19801536,0.083604224,0.08092062,0.0026836046,0.1654808521270752
2068,0.19937687,0.19937687,0.086061634,0.082980506,0.0030811285,0.16547560691833496
2069,0.1966004,0.1966004,0.08284394,0.07950534,0.0033385989,0.1719801425933838
2070,0.19778946,0.19778946,0.08062821,0.077990025,0.0026381805,0.17177820205688477,0.07079917,0.07079917
2071,0.19749595,0.19749595,0.07889098,0.075851016,0.0030399614,0.17080354690551758
2072,0.1991745,0.1991745,0.08869438,0.08561785,0.0030765329,0.17694664001464844
2073,0.19820155,0.19820155,0.08816793,0.08528514,0.002882784,0.17058396339416504
2074,0.19767772,0.19767772,0.090026334,0.08675194,0.003274399,0.1703169345855713
2075,0.1968965,0.1968965,0.08674206,0.08409804,0.0026440166,0.17215633392333984,0.07082696,0.07082696
2076,0.19786549,0.19786549,0.08608881,0.08338987,0.0026989342,0.18097972869873047
2077,0.19844669,0.19844669,0.084507026,0.08174956,0.0027574648,0.1759788990020752
2078,0.19701777,0.19701777,0.08376471,0.080890305,0.0028744035,0.17089080810546875
2079,0.19813398,0.19813398,0.09020212,0.08700259,0.0031995364,0.17017579078674316
2080,0.20239335,0.20239335,0.08481641,0.08185758,0.0029588356,0.17086219787597656,0.07047992,0.07047992
2081,0.19716664,0.19716664,0.087405875,0.08445974,0.0029461377,0.17154216766357422
2082,0.19740987,0.19740987,0.08591344,0.08317715,0.0027362907,0.17145752906799316
2083,0.19605987,0.19605987,0.0894141,0.086607605,0.0028064926,0.16785812377929688
2084,0.19674228,0.19674228,0.08476038,0.081743084,0.0030172954,0.18171262741088867
2085,0.2021159,0.2021159,0.08123746,0.07850033,0.0027371293,0.17501044273376465,0.07206863,0.07206863
2086,0.19832188,0.19832188,0.08656476,0.08374219,0.0028225721,0.1728992462158203
2087,0.20251629,0.20251629,0.07953856,0.07683326,0.0027052995,0.17052030563354492
2088,0.20570232,0.20570232,0.08842406,0.085644074,0.0027799823,0.16989517211914062
2089,0.20246528,0.20246528,0.08374002,0.08099219,0.0027478233,0.16680073738098145
2090,0.20413661,0.20413661,0.08931864,0.08642477,0.0028938719,0.17023658752441406,0.072274014,0.072274014
2091,0.19975513,0.19975513,0.08467024,0.08174865,0.0029215906,0.170607328414917
2092,0.20399731,0.20399731,0.09176717,0.08849982,0.003267346,0.1740410327911377
2093,0.19919588,0.19919588,0.083290465,0.0804783,0.0028121618,0.1727156639099121
2094,0.20002453,0.20002453,0.08134088,0.07865373,0.0026871476,0.17043638229370117
2095,0.20469867,0.20469867,0.086652376,0.08356175,0.0030906308,0.1660468578338623,0.07070974,0.07070974
2096,0.20203094,0.20203094,0.08196579,0.07946582,0.002499969,0.17075634002685547
2097,0.20277481,0.20277481,0.09008561,0.087083176,0.003002435,0.17076897621154785
2098,0.22922784,0.22922784,0.08013025,0.077352494,0.002777758,0.1706993579864502
2099,0.20398124,0.20398124,0.08472097,0.081870645,0.002850326,0.1794729232788086
2100,0.2101242,0.2101242,0.086089134,0.082957454,0.003131678,0.17368197441101074,0.07199176,0.07199176
2101,0.21986549,0.21986549,0.084693424,0.081720516,0.0029729053,0.17135930061340332
2102,0.20916055,0.20916055,0.08362603,0.0805949,0.003031132,0.1705019474029541
2103,0.21074462,0.21074462,0.08136029,0.07852754,0.0028327499,0.17104101181030273
2104,0.2339743,0.2339743,0.080371335,0.077145435,0.0032259002,0.17031431198120117
2105,0.22344817,0.22344817,0.0882255,0.085362025,0.0028634737,0.1717228889465332,0.16082251,0.16082251
2106,0.2183799,0.2183799,0.08300369,0.08022789,0.002775804,0.17154359817504883
2107,0.20527107,0.20527107,0.08220007,0.07950011,0.0026999672,0.17742681503295898
2108,0.20324482,0.20324482,0.08777991,0.08491237,0.0028675457,0.18059659004211426
2109,0.20371528,0.20371528,0.0775545,0.074700154,0.0028543437,0.17816758155822754
2110,0.20226496,0.20226496,0.084337525,0.081199944,0.0031375838,0.1725599765777588,0.073340885,0.073340885
2111,0.20832062,0.20832062,0.08775648,0.08455241,0.0032040717,0.17083168029785156
2112,0.21422389,0.21422389,0.08726522,0.083963186,0.0033020377,0.17150545120239258
2113,0.20760338,0.20760338,0.08489762,0.08181399,0.0030836295,0.1717073917388916
2114,0.21041206,0.21041206,0.08662656,0.08346135,0.0031652097,0.172590970993042
2115,0.21304604,0.21304604,0.0840913,0.080741204,0.003350093,0.1713118553161621,0.07194262,0.07194262
2116,0.20792472,0.20792472,0.08641652,0.08334438,0.0030721442,0.17712092399597168
2117,0.2058408,0.2058408,0.0817241,0.07857501,0.0031490896,0.17589569091796875
2118,0.21453524,0.21453524,0.08805988,0.08510932,0.002950553,0.17061185836791992
2119,0.20671241,0.20671241,0.088206775,0.08472864,0.00347813,0.17058467864990234
2120,0.2074338,0.2074338,0.07974895,0.07689192,0.0028570318,0.17085504531860352,0.07167389,0.07167389
2121,0.20568155,0.20568155,0.086939506,0.0836261,0.0033134068,0.17101669311523438
2122,0.20299117,0.20299117,0.083320774,0.08000297,0.0033178006,0.17051911354064941
2123,0.2063445,0.2063445,0.08268895,0.079618424,0.0030705247,0.17914104461669922
2124,0.20643584,0.20643584,0.08517967,0.08210959,0.003070078,0.18156909942626953
2125,0.20366557,0.20366557,0.08411367,0.08133167,0.002781999,0.18047475814819336,0.075117946,0.075117946
2126,0.20281978,0.20281978,0.085045055,0.08188178,0.0031632765,0.17778921127319336
2127,0.2106258,0.2106258,0.088149786,0.085076734,0.003073053,0.17265629768371582
2128,0.20353821,0.20353821,0.084808886,0.08131091,0.003497976,0.17125725746154785
2129,0.20975593,0.20975593,0.08787641,0.08451848,0.0033579334,0.1718757152557373
2130,0.22075717,0.22075717,0.08503636,0.0819496,0.0030867613,0.17079854011535645,0.08587935,0.08587935
2131,0.21117282,0.21117282,0.084318995,0.08113549,0.0031835092,0.17052555084228516
2132,0.20955639,0.20955639,0.085602075,0.082678996,0.0029230798,0.1709136962890625
2133,0.21891968,0.21891968,0.07878276,0.075856484,0.0029262756,0.1719191074371338
2134,0.20846954,0.20846954,0.090068914,0.086723335,0.003345577,0.17154908180236816
2135,0.21092422,0.21092422,0.08050118,0.07744278,0.003058394,0.1708223819732666,0.08512377,0.08512377
2136,0.20854066,0.20854066,0.080016896,0.07688237,0.0031345282,0.171036958694458
2137,0.21035823,0.21035823,0.08978266,0.085857235,0.0039254273,0.17185091972351074
2138,0.20705801,0.20705801,0.08635646,0.082880154,0.0034763066,0.17192554473876953
2139,0.2100087,0.2100087,0.08307676,0.0798375,0.0032392622,0.17241334915161133
2140,0.20691547,0.20691547,0.085555926,0.08216314,0.0033927865,0.1723189353942871,0.07827329,0.07827329
2141,0.20725606,0.20725606,0.08489804,0.081882544,0.003015497,0.18216657638549805
2142,0.20884769,0.20884769,0.08847495,0.08501118,0.003463778,0.1818389892578125
2143,0.20767535,0.20767535,0.08077761,0.07781563,0.0029619755,0.17969417572021484
2144,0.2065723,0.2065723,0.07968198,0.07656671,0.0031152666,0.1726374626159668
2145,0.20463844,0.20463844,0.08591606,0.08223498,0.0036810783,0.1705329418182373,0.07290786,0.07290786
2146,0.20570144,0.20570144,0.08493631,0.08122514,0.0037111714,0.17019152641296387
2147,0.20902109,0.20902109,0.08669383,0.08314724,0.0035465905,0.17139673233032227
2148,0.20812751,0.20812751,0.07477292,0.071812354,0.0029605594,0.17014765739440918
2149,0.21113175,0.21113175,0.08056368,0.07788597,0.0026777051,0.17032766342163086
2150,0.20389135,0.20389135,0.09645851,0.09316101,0.0032975036,0.17701482772827148,0.07121222,0.07121222
2151,0.20689489,0.20689489,0.085101925,0.08161521,0.0034867146,0.17198944091796875
2152,0.20764197,0.20764197,0.08208501,0.07877881,0.0033062054,0.1673426628112793
2153,0.20447563,0.20447563,0.08925439,0.086015485,0.0032388987,0.16975665092468262
2154,0.20379823,0.20379823,0.08816074,0.08403671,0.00412403,0.17170262336730957
2155,0.20187147,0.20187147,0.0906107,0.08674916,0.0038615374,0.1704409122467041,0.071099274,0.071099274
2156,0.20353873,0.20353873,0.08494852,0.080942854,0.004005665,0.17070865631103516
2157,0.20143369,0.20143369,0.08807316,0.08421385,0.0038593023,0.18089580535888672
2158,0.20471576,0.20471576,0.08468969,0.08164348,0.0030462118,0.18078923225402832
2159,0.20331302,0.20331302,0.07847824,0.07521053,0.003267713,0.17973732948303223
2160,0.20322627,0.20322627,0.085334204,0.081909716,0.003424485,0.17506694793701172,0.07049058,0.07049058
2161,0.20181678,0.20181678,0.08702295,0.083562516,0.0034604352,0.1701796054840088
2162,0.20020911,0.20020911,0.08780431,0.08376127,0.0040430403,0.16993308067321777
2163,0.20046364,0.20046364,0.084407166,0.081036545,0.0033706236,0.16673016548156738
2164,0.20743562,0.20743562,0.084637664,0.08105392,0.0035837414,0.16997623443603516
2165,0.19959232,0.19959232,0.07773582,0.074216366,0.0035194515,0.17050600051879883,0.07038095,0.07038095
2166,0.202277,0.202277,0.08459544,0.080942884,0.00365256,0.17955756187438965
2167,0.20536579,0.20536579,0.079813644,0.07631305,0.003500594,0.17843961715698242
2168,0.20610076,0.20610076,0.08714902,0.08363302,0.0035159986,0.17394399642944336
2169,0.21645275,0.21645275,0.08493806,0.081512235,0.0034258207,0.17230486869812012
2170,0.20780389,0.20780389,0.0802115,0.07689639,0.0033151028,0.17133355140686035,0.07573617,0.07573617
2171,0.20548896,0.20548896,0.083057374,0.07998514,0.003072234,0.1709747314453125
2172,0.20535961,0.20535961,0.08580953,0.08230035,0.0035091764,0.17040252685546875
2173,0.2025364,0.2025364,0.08091484,0.077853665,0.0030611735,0.17045807838439941
2174,0.20484588,0.20484588,0.083556294,0.080401555,0.003154737,0.17800354957580566
2175,0.20853138,0.20853138,0.085097514,0.081910536,0.0031869756,0.17815208435058594,0.07643769,0.07643769
2176,0.21062762,0.21062762,0.083745874,0.080345586,0.0034002888,0.170379638671875
2177,0.206985,0.206985,0.07615086,0.07335027,0.0028005831,0.17093396186828613
2178,0.20440224,0.20440224,0.082101695,0.07872231,0.0033793787,0.16986083984375
2179,0.20841487,0.20841487,0.086218804,0.083113454,0.0031053477,0.17003607749938965
2180,0.20533946,0.20533946,0.085616656,0.08226466,0.0033519971,0.17147040367126465,0.07316037,0.07316037
2181,0.20252034,0.20252034,0.08413697,0.080896586,0.003240387,0.17314410209655762
2182,0.20310599,0.20310599,0.07832103,0.07510715,0.0032138806,0.1819000244140625
2183,0.20176044,0.20176044,0.089089535,0.08591874,0.0031707967,0.1817035675048828
2184,0.20484321,0.20484321,0.08564814,0.08215234,0.0034958043,0.18129253387451172
2185,0.1996606,0.1996606,0.083389394,0.080363125,0.0030262729,0.17691302299499512,0.07244032,0.07244032
2186,0.20071997,0.20071997,0.07978834,0.07665895,0.003129395,0.17259979248046875
2187,0.20290828,0.20290828,0.08408664,0.08077551,0.0033111365,0.17122864723205566
2188,0.20009232,0.20009232,0.08285272,0.079972856,0.0028798666,0.17043757438659668
2189,0.20042355,0.20042355,0.0881598,0.08503091,0.0031288844,0.17241406440734863
2190,0.20008212,0.20008212,0.082010396,0.07923458,0.0027758186,0.1713428497314453,0.07135455,0.07135455
2191,0.20045923,0.20045923,0.08344333,0.080371946,0.0030713847,0.17893457412719727
2192,0.19932617,0.19932617,0.08432655,0.08089445,0.0034321004,0.17430758476257324
2193,0.19927692,0.19927692,0.0863073,0.08326733,0.0030399738,0.17137479782104492
2194,0.198989,0.198989,0.0844635,0.08155857,0.0029049271,0.16656494140625
2195,0.19894539,0.19894539,0.08132939,0.07802231,0.0033070853,0.17052793502807617,0.070835635,0.070835635
2196,0.19938682,0.19938682,0.07979092,0.077020235,0.0027706835,0.1676616668701172
2197,0.19877304,0.19877304,0.08524318,0.08171226,0.0035309172,0.17182350158691406
2198,0.19771148,0.19771148,0.07660478,0.0734183,0.003186485,0.165757417678833
2199,0.20066851,0.20066851,0.08194019,0.07875824,0.0031819458,0.16600728034973145
2200,0.19924709,0.19924709,0.08372784,0.08054649,0.0031813444,0.17666888236999512,0.071313076,0.071313076
2201,0.19961299,0.19961299,0.08359101,0.08041465,0.0031763567,0.1738300323486328
2202,0.19764446,0.19764446,0.079163246,0.075888805,0.003274442,0.1699082851409912
2203,0.19889458,0.19889458,0.08233182,0.079102896,0.0032289275,0.17062592506408691
2204,0.20146868,0.20146868,0.08639348,0.08313281,0.0032606756,0.17002177238464355
2205,0.19833559,0.19833559,0.08218017,0.07870788,0.0034722893,0.17002463340759277,0.07010762,0.07010762
2206,0.199036,0.199036,0.08198832,0.078623936,0.003364387,0.17070889472961426
2207,0.19854882,0.19854882,0.08583388,0.083048366,0.0027855122,0.17059087753295898
2208,0.19955683,0.19955683,0.088789575,0.08561154,0.0031780363,0.1709144115447998
2209,0.19764815,0.19764815,0.08073301,0.07760375,0.003129256,0.17028093338012695
2210,0.19930637,0.19930637,0.08021527,0.077343896,0.0028713737,0.17110967636108398,0.07095503,0.07095503
2211,0.19783756,0.19783756,0.07867775,0.07573231,0.0029454397,0.17151546478271484
2212,0.19706695,0.19706695,0.07620559,0.0733414,0.002864186,0.17069506645202637
2213,0.19811353,0.19811353,0.08326022,0.08026689,0.0029933339,0.16608309745788574
2214,0.1970766,0.1970766,0.07970808,0.07634422,0.0033638577,0.17037081718444824
2215,0.19758607,0.19758607,0.08984319,0.08595923,0.003883957,0.17070245742797852,0.07067721,0.07067721
2216,0.19869724,0.19869724,0.08123695,0.077805236,0.003431714,0.17064261436462402
2217,0.1973608,0.1973608,0.078030474,0.07462237,0.003408103,0.17079758644104004
2218,0.19802177,0.19802177,0.082000576,0.07882778,0.003172793,0.17072582244873047
2219,0.19780698,0.19780698,0.084290616,0.08067168,0.0036189312,0.17004871368408203
2220,0.19833621,0.19833621,0.07594168,0.0728937,0.003047983,0.16609930992126465,0.06970989,0.06970989
2221,0.19731039,0.19731039,0.08309595,0.07967398,0.0034219662,0.17089080810546875
2222,0.19755657,0.19755657,0.08608977,0.0825412,0.0035485672,0.1713864803314209
2223,0.19737516,0.19737516,0.08273346,0.079722606,0.0030108558,0.17680668830871582
2224,0.19709952,0.19709952,0.077375114,0.07396906,0.0034060585,0.17289400100708008
2225,0.19760437,0.19760437,0.08713353,0.08375713,0.003376398,0.17248821258544922,0.06975656,0.06975656
2226,0.19741794,0.19741794,0.07992652,0.076495446,0.003431073,0.16993927955627441
2227,0.1970175,0.1970175,0.08398786,0.08092994,0.0030579194,0.16925835609436035
2228,0.19727668,0.19727668,0.08150677,0.0782752,0.003231566,0.16989493370056152
2229,0.19755344,0.19755344,0.07972138,0.07685642,0.0028649557,0.1714015007019043
2230,0.19812715,0.19812715,0.08612048,0.08285092,0.0032695634,0.18059659004211426,0.069986485,0.069986485
2231,0.19626907,0.19626907,0.08364525,0.08009284,0.0035524075,0.17684078216552734
2232,0.19827265,0.19827265,0.082448274,0.07877749,0.0036707825,0.17238259315490723
2233,0.1984616,0.1984616,0.084908135,0.081810854,0.0030972832,0.1704392433166504
2234,0.19784014,0.19784014,0.08669102,0.08352231,0.0031687107,0.17122793197631836
2235,0.19563375,0.19563375,0.08086733,0.077665046,0.003202283,0.17088937759399414,0.06972984,0.06972984
2236,0.19779073,0.19779073,0.07629826,0.07269128,0.0036069844,0.17011308670043945
2237,0.19601253,0.19601253,0.08794635,0.08418025,0.003766099,0.17467522621154785
2238,0.19627437,0.19627437,0.078668155,0.075660594,0.0030075593,0.17473745346069336
2239,0.19682354,0.19682354,0.08343479,0.0801301,0.0033046915,0.17227602005004883
2240,0.19802624,0.19802624,0.08289409,0.07971364,0.003180445,0.17113494873046875,0.069566034,0.069566034
2241,0.1981802,0.1981802,0.081611566,0.07811538,0.003496186,0.1718151569366455
2242,0.19671504,0.19671504,0.07581108,0.072814114,0.0029969676,0.17045021057128906
2243,0.19663712,0.19663712,0.084277436,0.081136815,0.0031406197,0.1716136932373047
2244,0.19565646,0.19565646,0.08497954,0.08168967,0.0032898742,0.17033028602600098
2245,0.1963883,0.1963883,0.08385489,0.080530874,0.0033240193,0.17559051513671875,0.06964955,0.06964955
2246,0.19651432,0.19651432,0.084679864,0.08113736,0.0035425087,0.1806941032409668
2247,0.19866386,0.19866386,0.08206172,0.078846626,0.0032150985,0.18019986152648926
2248,0.19659887,0.19659887,0.08262159,0.079231955,0.0033896335,0.178544282913208
2249,0.19701391,0.19701391,0.08305319,0.07936664,0.0036865477,0.17084765434265137
2250,0.19595836,0.19595836,0.075163476,0.07140199,0.0037614882,0.17006659507751465,0.06977656,0.06977656
2251,0.19637142,0.19637142,0.08568147,0.08208378,0.0035976944,0.1701793670654297
2252,0.19692867,0.19692867,0.0820357,0.07817968,0.0038560187,0.17048263549804688
2253,0.19934517,0.19934517,0.08072824,0.07749814,0.003230102,0.17168354988098145
2254,0.19710517,0.19710517,0.083021246,0.0794621,0.0035591424,0.17363858222961426
2255,0.19679363,0.19679363,0.07751596,0.074476756,0.0030392045,0.18082165718078613,0.070080854,0.070080854
2256,0.19714683,0.19714683,0.08137865,0.07807844,0.0033002133,0.17536568641662598
2257,0.19692355,0.19692355,0.079230785,0.07611532,0.0031154682,0.1705789566040039
2258,0.19720127,0.19720127,0.0757491,0.07242367,0.003325429,0.17050957679748535
2259,0.19635235,0.19635235,0.08132319,0.077565946,0.0037572442,0.170851469039917
2260,0.19655189,0.19655189,0.088576175,0.08478317,0.0037930051,0.1728217601776123,0.07037276,0.07037276
2261,0.19702047,0.19702047,0.07988648,0.07607,0.0038164742,0.1716001033782959
2262,0.19672795,0.19672795,0.07853836,0.07529619,0.0032421649,0.1811962127685547
2263,0.19700667,0.19700667,0.079720736,0.07650735,0.0032133851,0.1815652847290039
2264,0.1971944,0.1971944,0.08207477,0.078856945,0.0032178243,0.18082308769226074
2265,0.1977241,0.1977241,0.07908128,0.07579841,0.0032828776,0.17873620986938477,0.069649406,0.069649406
2266,0.19641735,0.19641735,0.08468304,0.08168743,0.0029956086,0.17260122299194336
2267,0.19594005,0.19594005,0.080239065,0.0766753,0.0035637605,0.1711585521697998
2268,0.1963593,0.1963593,0.08341205,0.08001855,0.0033934992,0.1713547706604004
2269,0.19579753,0.19579753,0.08217038,0.07883404,0.003336339,0.17081618309020996
2270,0.19664131,0.19664131,0.081577316,0.07826922,0.0033080922,0.1707925796508789,0.06957201,0.06957201
2271,0.19723715,0.19723715,0.078687996,0.07570034,0.0029876544,0.16998934745788574
2272,0.19666374,0.19666374,0.082373835,0.07916707,0.0032067667,0.17722368240356445
2273,0.19694452,0.19694452,0.086811006,0.08319652,0.0036144888,0.1707475185394287
2274,0.1963008,0.1963008,0.085857056,0.08220495,0.0036521044,0.17122387886047363
2275,0.1968638,0.1968638,0.084131114,0.080952846,0.0031782687,0.17797088623046875,0.069688156,0.069688156
2276,0.1972019,0.1972019,0.08125468,0.077249,0.0040056864,0.1718311309814453
2277,0.1971113,0.1971113,0.080740914,0.07694948,0.0037914384,0.17059874534606934
2278,0.19599377,0.19599377,0.08574784,0.08179484,0.0039529935,0.17099952697753906
2279,0.19671428,0.19671428,0.07888444,0.075176835,0.003707605,0.17022109031677246
2280,0.19667423,0.19667423,0.084014595,0.08028193,0.003732667,0.17428255081176758,0.069618404,0.069618404
2281,0.19661948,0.19661948,0.08068414,0.07697974,0.0037043977,0.17313337326049805
2282,0.19570991,0.19570991,0.07877025,0.07564309,0.0031271607,0.17011427879333496
2283,0.19625305,0.19625305,0.082199,0.07929397,0.0029050314,0.17104148864746094
2284,0.19692294,0.19692294,0.08085056,0.077593714,0.0032568397,0.17062926292419434
2285,0.19594418,0.19594418,0.081064284,0.07759405,0.0034702355,0.1706690788269043,0.069512114,0.069512114
2286,0.19664325,0.19664325,0.085592255,0.0816433,0.003948953,0.17070412635803223
2287,0.19615479,0.19615479,0.080859564,0.0770375,0.0038220675,0.1713855266571045
2288,0.19799659,0.19799659,0.07348635,0.070588306,0.0028980465,0.18056869506835938
2289,0.19582854,0.19582854,0.080880776,0.07780545,0.0030753256,0.17491507530212402
2290,0.19613159,0.19613159,0.083910644,0.080231525,0.0036791193,0.17020344734191895,0.06950067,0.06950067
2291,0.19635203,0.19635203,0.07972457,0.076224215,0.0035003556,0.17153263092041016
2292,0.1956593,0.1956593,0.084804446,0.08082194,0.0039825053,0.17061424255371094
2293,0.19559905,0.19559905,0.07754511,0.07424833,0.0032967813,0.1704556941986084
2294,0.19633602,0.19633602,0.08405088,0.080366865,0.0036840108,0.17017626762390137
2295,0.19630499,0.19630499,0.07720914,0.07348768,0.0037214619,0.17031455039978027,0.069407724,0.069407724,2295,0.069407724
2296,0.1961476,0.1961476,0.079438604,0.07586899,0.003569615,0.17849159240722656
2297,0.19562401,0.19562401,0.085163295,0.08205119,0.003112105,0.1757667064666748
2298,0.19669704,0.19669704,0.08549528,0.081910536,0.0035847407,0.17690467834472656
2299,0.19645305,0.19645305,0.084132954,0.08027737,0.0038555844,0.17702507972717285
2300,0.19568759,0.19568759,0.0828898,0.078988574,0.0039012288,0.17877411842346191,0.06937709,0.06937709
2301,0.19569468,0.19569468,0.0796823,0.07646044,0.0032218567,0.17324304580688477
2302,0.19791354,0.19791354,0.082348056,0.07834817,0.003999887,0.17064332962036133
2303,0.19615786,0.19615786,0.081662364,0.078218535,0.003443827,0.17076921463012695
2304,0.1967243,0.1967243,0.082808584,0.07945872,0.00334986,0.1709742546081543
2305,0.1957677,0.1957677,0.079831004,0.07616989,0.0036611126,0.17031598091125488,0.06953876,0.06953876
2306,0.19596298,0.19596298,0.084223285,0.08033772,0.0038855646,0.17122244834899902
2307,0.19614945,0.19614945,0.076137744,0.07266479,0.0034729538,0.17497897148132324
2308,0.19550747,0.19550747,0.08353938,0.0798522,0.0036871817,0.17464399337768555
2309,0.19610186,0.19610186,0.07660328,0.07306101,0.0035422703,0.17252635955810547
2310,0.19649322,0.19649322,0.07645533,0.073110215,0.0033451146,0.17193126678466797,0.06951418,0.06951418
2311,0.19672646,0.19672646,0.08146116,0.07772806,0.0037331,0.17164230346679688
2312,0.19606254,0.19606254,0.08571903,0.08189572,0.0038233069,0.1706690788269043
2313,0.19644566,0.19644566,0.08395626,0.0800018,0.0039544553,0.1701200008392334
2314,0.19535507,0.19535507,0.08471874,0.080679365,0.0040393784,0.16992425918579102
2315,0.19553703,0.19553703,0.074615374,0.07111394,0.00350144,0.17290115356445312,0.06943903,0.06943903
2316,0.19627321,0.19627321,0.084262185,0.080171786,0.0040903986,0.1707305908203125
2317,0.19560303,0.19560303,0.07977917,0.07586985,0.003909323,0.17209911346435547
2318,0.19642468,0.19642468,0.0870164,0.08318186,0.0038345456,0.1713719367980957
2319,0.19670558,0.19670558,0.08292784,0.079358324,0.0035695117,0.17113971710205078
2320,0.19784243,0.19784243,0.08649062,0.08265699,0.003833635,0.17054367065429688,0.06946119,0.06946119
2321,0.19708587,0.19708587,0.08764273,0.083989844,0.0036528853,0.170609712600708
2322,0.19811375,0.19811375,0.080568,0.07643881,0.0041291947,0.17069625854492188
2323,0.19659527,0.19659527,0.08300705,0.07891004,0.0040970165,0.17822933197021484
2324,0.19643947,0.19643947,0.08265224,0.079384185,0.0032680584,0.1774463653564453
2325,0.19645537,0.19645537,0.08149589,0.077518515,0.0039773765,0.17233657836914062,0.06956907,0.06956907
2326,0.19604194,0.19604194,0.07765137,0.07446994,0.0031814282,0.17800259590148926
2327,0.19653127,0.19653127,0.08163606,0.0774292,0.0042068567,0.17142415046691895
2328,0.19644473,0.19644473,0.07861444,0.07502948,0.0035849637,0.1716899871826172
2329,0.19666842,0.19666842,0.08449333,0.080839984,0.0036533456,0.17075800895690918
2330,0.19613256,0.19613256,0.08704119,0.08320368,0.003837514,0.17026066780090332,0.06953964,0.06953964
2331,0.19590051,0.19590051,0.079097666,0.07533291,0.0037647577,0.17082595825195312
2332,0.19603841,0.19603841,0.0870159,0.0831953,0.0038205986,0.17628955841064453
2333,0.19624168,0.19624168,0.08287532,0.07911585,0.0037594684,0.17650794982910156
2334,0.1956443,0.1956443,0.080102235,0.075957805,0.004144428,0.17106270790100098
2335,0.19621634,0.19621634,0.08201215,0.07807686,0.0039352872,0.17137455940246582,0.06948421,0.06948421
2336,0.19525401,0.19525401,0.077127546,0.072890855,0.004236693,0.17180871963500977
2337,0.1959581,0.1959581,0.08568285,0.0818376,0.0038452423,0.1705918312072754
2338,0.19636676,0.19636676,0.0846185,0.08086423,0.0037542742,0.17074179649353027
2339,0.19652927,0.19652927,0.08793819,0.08372215,0.004216034,0.17123746871948242
2340,0.1957207,0.1957207,0.08155169,0.07767051,0.0038811874,0.1707453727722168,0.06974472,0.06974472
2341,0.19563583,0.19563583,0.07788057,0.0742291,0.0036514683,0.17175984382629395
2342,0.1961444,0.1961444,0.078460686,0.07455004,0.003910649,0.1722567081451416
2343,0.19801338,0.19801338,0.075751364,0.07218661,0.0035647526,0.17334985733032227
2344,0.19551092,0.19551092,0.0757281,0.07213864,0.003589466,0.17136931419372559
2345,0.19606231,0.19606231,0.08008416,0.075881734,0.0042024287,0.17167401313781738,0.0696631,0.0696631
2346,0.195587,0.195587,0.08706245,0.08255703,0.0045054164,0.17139244079589844
2347,0.1962616,0.1962616,0.084301196,0.080035545,0.0042656497,0.17156338691711426
2348,0.19614488,0.19614488,0.07737993,0.07335924,0.00402068,0.17721128463745117
2349,0.19565189,0.19565189,0.07887791,0.074935935,0.003941972,0.17460012435913086
2350,0.19615398,0.19615398,0.07615685,0.07193308,0.0042237635,0.17170023918151855,0.069426544,0.069426544
2351,0.19682118,0.19682118,0.07970942,0.07529513,0.004414292,0.17145133018493652
2352,0.19657652,0.19657652,0.08053387,0.07730317,0.0032306984,0.17220282554626465
2353,0.1973386,0.1973386,0.07736816,0.073727995,0.0036401697,0.17088913917541504
2354,0.1957758,0.1957758,0.0787175,0.07453138,0.004186122,0.17217373847961426
2355,0.19511639,0.19511639,0.079980955,0.075969666,0.0040112846,0.17208170890808105,0.06944427,0.06944427
2356,0.19699684,0.19699684,0.0828605,0.07903536,0.0038251467,0.1718745231628418
2357,0.19567356,0.19567356,0.08238171,0.078585364,0.0037963483,0.18163061141967773
2358,0.19642451,0.19642451,0.07890582,0.075031415,0.0038744067,0.17545413970947266
2359,0.19657703,0.19657703,0.087192036,0.08359668,0.0035953608,0.1719493865966797
2360,0.19552231,0.19552231,0.08465637,0.07997652,0.004679848,0.17507004737854004,0.06981968,0.06981968
2361,0.19628578,0.19628578,0.07982697,0.07562084,0.004206139,0.17179107666015625
2362,0.19561012,0.19561012,0.07570358,0.07196078,0.003742806,0.17006826400756836
2363,0.19617729,0.19617729,0.08131221,0.07738628,0.00392593,0.1722278594970703
2364,0.19568345,0.19568345,0.07361491,0.070302054,0.0033128574,0.17203640937805176
2365,0.19646631,0.19646631,0.077501945,0.07407011,0.003431833,0.18038439750671387,0.06952488,0.06952488
2366,0.19621801,0.19621801,0.079778634,0.07603569,0.0037429433,0.1781291961669922
2367,0.1954059,0.1954059,0.081432946,0.07795039,0.0034825574,0.173203706741333
2368,0.19580078,0.19580078,0.081359334,0.07787777,0.0034815643,0.17079544067382812
2369,0.19547655,0.19547655,0.07662635,0.07259904,0.0040273173,0.16994619369506836
2370,0.19854327,0.19854327,0.07998183,0.076007426,0.003974411,0.17196321487426758,0.06941624,0.06941624
2371,0.19580154,0.19580154,0.07863799,0.074881844,0.0037561443,0.1707620620727539
2372,0.1965275,0.1965275,0.083080396,0.079328075,0.0037523198,0.17107892036437988
2373,0.19540797,0.19540797,0.0825011,0.0789713,0.0035298057,0.17076921463012695
2374,0.19688047,0.19688047,0.07854573,0.07472275,0.0038229781,0.17032361030578613
2375,0.19529788,0.19529788,0.077159375,0.07387682,0.003282555,0.17114639282226562,0.0695179,0.0695179
2376,0.19634014,0.19634014,0.08442157,0.080234036,0.004187531,0.17705178260803223
2377,0.19588344,0.19588344,0.07823885,0.074287795,0.0039510587,0.17045116424560547
2378,0.19532295,0.19532295,0.083582625,0.07963339,0.0039492315,0.17049884796142578
2379,0.19521421,0.19521421,0.0777325,0.074215315,0.0035171905,0.17212295532226562
2380,0.19601549,0.19601549,0.08136653,0.0775719,0.0037946363,0.1712050437927246,0.069568776,0.069568776
2381,0.19621433,0.19621433,0.085718,0.08165782,0.00406018,0.17762541770935059
2382,0.19665332,0.19665332,0.08386252,0.07972983,0.004132686,0.17453885078430176
2383,0.19542527,0.19542527,0.08650025,0.082025595,0.0044746567,0.18015718460083008
2384,0.19569112,0.19569112,0.08259736,0.07855888,0.004038486,0.1757659912109375
2385,0.19516842,0.19516842,0.074002065,0.069799185,0.0042028795,0.1698925495147705,0.06946705,0.06946705
2386,0.19515161,0.19515161,0.083655775,0.07879534,0.0048604324,0.1703801155090332
2387,0.19553535,0.19553535,0.08089122,0.076573014,0.0043182066,0.17032599449157715
2388,0.1964347,0.1964347,0.08398981,0.08004492,0.003944892,0.16960358619689941
2389,0.19643024,0.19643024,0.07796384,0.07419688,0.0037669505,0.1708226203918457
2390,0.19613563,0.19613563,0.079396285,0.0757322,0.0036640838,0.17528891563415527,0.069847986,0.069847986
2391,0.1961989,0.1961989,0.080807604,0.077047266,0.0037603353,0.17414617538452148
2392,0.1963336,0.1963336,0.08084009,0.07676901,0.0040710787,0.1709425449371338
2393,0.19650085,0.19650085,0.07797093,0.073526576,0.004444353,0.1699519157409668
2394,0.19591011,0.19591011,0.07772688,0.07371968,0.0040071984,0.17024588584899902
2395,0.19587363,0.19587363,0.07922882,0.07549099,0.0037378315,0.16673064231872559,0.07034471,0.07034471
2396,0.1963316,0.1963316,0.08012134,0.07577535,0.004345991,0.17123866081237793
2397,0.19596417,0.19596417,0.076539665,0.072620116,0.0039195498,0.16774964332580566
2398,0.19565046,0.19565046,0.08465105,0.080782495,0.0038685545,0.17358613014221191
2399,0.19524957,0.19524957,0.07797514,0.07409176,0.0038833744,0.16739249229431152
2400,0.19572715,0.19572715,0.08168452,0.07731691,0.0043676123,0.1704726219177246,0.069568,0.069568
2401,0.19619687,0.19619687,0.07863386,0.074578606,0.0040552528,0.170851469039917
2402,0.19520123,0.19520123,0.072739236,0.069024265,0.0037149698,0.17143774032592773
2403,0.19555366,0.19555366,0.0752737,0.07087582,0.0043978784,0.1714639663696289
2404,0.1959254,0.1959254,0.082738176,0.07856243,0.0041757477,0.17036080360412598
2405,0.19699216,0.19699216,0.077780195,0.07386923,0.0039109653,0.1805589199066162,0.06955387,0.06955387
2406,0.1956659,0.1956659,0.08253265,0.078790285,0.0037423705,0.17351484298706055
2407,0.19520313,0.19520313,0.08638957,0.08184716,0.0045424136,0.1704859733581543
2408,0.19554827,0.19554827,0.08003544,0.0758345,0.0042009414,0.16736054420471191
2409,0.19540271,0.19540271,0.07541914,0.07084389,0.004575251,0.17124485969543457
2410,0.19620031,0.19620031,0.07734956,0.072944,0.004405558,0.1701507568359375,0.069494836,0.069494836
2411,0.1955621,0.1955621,0.0768366,0.07290895,0.0039276443,0.1707763671875
2412,0.19616419,0.19616419,0.07804698,0.073480055,0.004566922,0.17083501815795898
2413,0.19521168,0.19521168,0.07975592,0.07569306,0.004062855,0.17067432403564453
2414,0.19568431,0.19568431,0.08161432,0.07684945,0.0047648707,0.17074203491210938
2415,0.19570504,0.19570504,0.078506276,0.07429823,0.004208041,0.169921875,0.0693582,0.0693582
2416,0.19598001,0.19598001,0.08230263,0.0783707,0.0039319317,0.17098069190979004
2417,0.19574557,0.19574557,0.08256261,0.07702371,0.005538902,0.17088627815246582
2418,0.19552176,0.19552176,0.086857945,0.08168604,0.005171904,0.1703481674194336
2419,0.19669864,0.19669864,0.078951515,0.07480524,0.0041462756,0.17149853706359863
2420,0.19490781,0.19490781,0.08080932,0.07697389,0.0038354266,0.17594623565673828,0.06935036,0.06935036
2421,0.19560759,0.19560759,0.07876079,0.07488087,0.0038799194,0.17435860633850098
2422,0.19553016,0.19553016,0.07477619,0.07096376,0.0038124218,0.16649460792541504
2423,0.19568583,0.19568583,0.08145415,0.07718846,0.004265688,0.17096829414367676
2424,0.1983257,0.1983257,0.07771085,0.07449979,0.0032110598,0.17090845108032227
2425,0.1952822,0.1952822,0.080831945,0.07646362,0.004368329,0.17014479637145996,0.0693434,0.0693434
2426,0.19540264,0.19540264,0.07995491,0.07535264,0.0046022655,0.17056560516357422
2427,0.19548419,0.19548419,0.08043784,0.07566239,0.0047754473,0.1776425838470459
2428,0.19496517,0.19496517,0.0812062,0.077070616,0.0041355873,0.18047809600830078
2429,0.19751664,0.19751664,0.08608881,0.08181121,0.004277597,0.17037439346313477
2430,0.19538309,0.19538309,0.078037366,0.07406715,0.0039702137,0.16544818878173828,0.0693377,0.0693377
2431,0.19641075,0.19641075,0.08108416,0.07683678,0.004247384,0.17105889320373535
2432,0.19559322,0.19559322,0.07980014,0.07538923,0.0044109086,0.1704409122467041
2433,0.19615856,0.19615856,0.08110987,0.076913714,0.004196154,0.1701805591583252
2434,0.19586349,0.19586349,0.0847803,0.080090374,0.0046899267,0.17041611671447754
2435,0.19564876,0.19564876,0.07503665,0.07066678,0.0043698684,0.17072725296020508,0.06937688,0.06937688
2436,0.19540004,0.19540004,0.07803831,0.07341521,0.0046231025,0.18086576461791992
2437,0.19569461,0.19569461,0.08087787,0.07690112,0.0039767493,0.17935776710510254
2438,0.19502261,0.19502261,0.083641574,0.079138,0.0045035714,0.17564034461975098
2439,0.19663376,0.19663376,0.079870865,0.07532637,0.0045444937,0.17186689376831055
2440,0.19549903,0.19549903,0.07701679,0.0731553,0.0038614937,0.17006397247314453,0.06948254,0.06948254
2441,0.19510756,0.19510756,0.08297989,0.07857771,0.004402173,0.1702132225036621
2442,0.1949627,0.1949627,0.08547464,0.08072782,0.0047468194,0.17034482955932617
2443,0.1951194,0.1951194,0.08104488,0.076446004,0.0045988793,0.17012262344360352
2444,0.19547878,0.19547878,0.08309503,0.07876053,0.004334503,0.17571020126342773
2445,0.19527744,0.19527744,0.075930014,0.07162187,0.0043081455,0.17241716384887695,0.06942871,0.06942871
2446,0.19534752,0.19534752,0.07667928,0.072173454,0.0045058248,0.1706867218017578
2447,0.19546844,0.19546844,0.0793688,0.07483014,0.0045386655,0.17100954055786133
2448,0.19534488,0.19534488,0.0738858,0.070205584,0.003680215,0.1715688705444336
2449,0.19582683,0.19582683,0.084943205,0.08079198,0.0041512265,0.1717519760131836
2450,0.19556488,0.19556488,0.07743319,0.07337805,0.0040551433,0.17067575454711914,0.06934684,0.06934684
2451,0.19566974,0.19566974,0.0811957,0.076708555,0.0044871382,0.1707935333251953
2452,0.19666569,0.19666569,0.07369238,0.06924398,0.004448398,0.17764663696289062
2453,0.19528022,0.19528022,0.07736675,0.073781,0.0035857453,0.17522263526916504
2454,0.19521089,0.19521089,0.083712436,0.079790965,0.0039214715,0.1707923412322998
2455,0.19534345,0.19534345,0.07735818,0.07326718,0.0040910025,0.17069315910339355,0.0694407,0.0694407
2456,0.19575012,0.19575012,0.08281277,0.07878299,0.0040297825,0.17046904563903809
2457,0.1952335,0.1952335,0.08645734,0.08219077,0.004266572,0.1697845458984375
2458,0.19608192,0.19608192,0.07499096,0.07116013,0.003830829,0.16680502891540527
2459,0.19514962,0.19514962,0.078416854,0.07438332,0.0040335334,0.17166423797607422
2460,0.19475089,0.19475089,0.08028086,0.075947694,0.004333166,0.17944788932800293,0.06940629,0.06940629
2461,0.19528978,0.19528978,0.08092354,0.07643471,0.004488831,0.17725205421447754
2462,0.19501488,0.19501488,0.075583585,0.07123268,0.0043509076,0.17261552810668945
2463,0.19510616,0.19510616,0.07805922,0.074094705,0.003964517,0.1706690788269043
2464,0.19546273,0.19546273,0.081915185,0.07641889,0.0054962933,0.1649625301361084
2465,0.1963466,0.1963466,0.07891598,0.07472328,0.0041927053,0.16529417037963867,0.0693436,0.0693436
2466,0.19510727,0.19510727,0.07694254,0.07256014,0.0043824017,0.17015981674194336
2467,0.19686088,0.19686088,0.08322314,0.07791442,0.005308725,0.17262911796569824
2468,0.19497845,0.19497845,0.07925717,0.07484474,0.0044124294,0.1701502799987793
2469,0.19761486,0.19761486,0.07742198,0.07358723,0.0038347477,0.16648173332214355
2470,0.19521482,0.19521482,0.08251084,0.07707305,0.0054377844,0.16997241973876953,0.069411695,0.069411695
2471,0.1950018,0.1950018,0.074343674,0.0701066,0.0042370716,0.1716327667236328
2472,0.19568011,0.19568011,0.08164268,0.07696666,0.0046760244,0.17299938201904297
2473,0.19568962,0.19568962,0.08263136,0.077934645,0.0046967105,0.17277979850769043
2474,0.19563903,0.19563903,0.07537583,0.071195595,0.0041802395,0.17324566841125488
2475,0.19631556,0.19631556,0.07646243,0.072151706,0.0043107257,0.18280386924743652,0.071494125,0.071494125
2476,0.19710483,0.19710483,0.07194855,0.0671999,0.0047486513,0.18327903747558594
2477,0.19720061,0.19720061,0.085966974,0.08106397,0.004903002,0.17584586143493652
2478,0.19644886,0.19644886,0.07637472,0.07265792,0.0037167955,0.1790788173675537
2479,0.19754301,0.19754301,0.079095766,0.07465445,0.004441313,0.17261981964111328
2480,0.19652033,0.19652033,0.080961436,0.075694166,0.005267272,0.17246437072753906,0.07017727,0.07017727
2481,0.19688575,0.19688575,0.078255005,0.0740309,0.0042241057,0.1738276481628418
2482,0.19710152,0.19710152,0.079663105,0.075408876,0.0042542275,0.1729445457458496
2483,0.19682005,0.19682005,0.076783106,0.072131805,0.0046512973,0.17145848274230957
2484,0.19595991,0.19595991,0.07746963,0.07270519,0.004764442,0.1723179817199707
2485,0.1966048,0.1966048,0.08247697,0.0773769,0.0051000677,0.17728304862976074,0.07045903,0.07045903
2486,0.19679877,0.19679877,0.08046709,0.07527114,0.005195955,0.1714770793914795
2487,0.19690502,0.19690502,0.079936154,0.07491604,0.005020109,0.17100071907043457
2488,0.19601952,0.19601952,0.071978,0.06841097,0.0035670295,0.17279553413391113
2489,0.19698356,0.19698356,0.07842337,0.07302126,0.005402111,0.17349481582641602
2490,0.19614345,0.19614345,0.08590687,0.080834314,0.0050725546,0.17231321334838867,0.069796525,0.069796525
2491,0.19620441,0.19620441,0.08358499,0.07858166,0.005003327,0.17282342910766602
2492,0.19772258,0.19772258,0.07774668,0.07292723,0.0048194546,0.17145657539367676
2493,0.19564135,0.19564135,0.07086218,0.067516014,0.0033461691,0.18258428573608398
2494,0.19601634,0.19601634,0.08146255,0.07656018,0.0049023684,0.17917943000793457
2495,0.19611065,0.19611065,0.07831463,0.0738849,0.0044297357,0.16698861122131348,0.06945855,0.06945855
2496,0.19637756,0.19637756,0.07775227,0.07299216,0.004760108,0.17030119895935059
2497,0.19662891,0.19662891,0.07484028,0.07058244,0.004257832,0.17116570472717285
2498,0.19503447,0.19503447,0.07331707,0.06902477,0.0042923014,0.1709604263305664
2499,0.20486164,0.20486164,0.07870521,0.0741664,0.004538807,0.17084717750549316
2500,0.19621356,0.19621356,0.07965723,0.07506496,0.0045922715,0.17087388038635254,0.069348365,0.069348365
2501,0.20181656,0.20181656,0.07913248,0.07531553,0.003816951,0.18091988563537598
2502,0.19654548,0.19654548,0.08232718,0.07766329,0.00466389,0.17422842979431152
2503,0.19808273,0.19808273,0.07858978,0.074234076,0.0043557044,0.16983914375305176
2504,0.20069112,0.20069112,0.07674021,0.07238279,0.0043574194,0.17104482650756836
2505,0.2062227,0.2062227,0.07753162,0.072114445,0.005417174,0.17038798332214355,0.07015752,0.07015752
2506,0.2162155,0.2162155,0.080957085,0.07617405,0.0047830376,0.16518545150756836
2507,0.19895795,0.19895795,0.0778159,0.07318689,0.004629006,0.16849040985107422
2508,0.19985266,0.19985266,0.078289196,0.07413483,0.004154367,0.17128896713256836
2509,0.19713989,0.19713989,0.07669405,0.07342676,0.0032672856,0.18045353889465332
2510,0.20079117,0.20079117,0.078116134,0.073044926,0.0050712083,0.17488408088684082,0.07039936,0.07039936
2511,0.20128141,0.20128141,0.078445576,0.07421788,0.004227701,0.17148852348327637
2512,0.19860373,0.19860373,0.075811304,0.07226191,0.0035493958,0.170457124710083
2513,0.20130104,0.20130104,0.07369475,0.06994978,0.0037449696,0.17038297653198242
2514,0.20128477,0.20128477,0.075136386,0.07144264,0.0036937443,0.17020511627197266
2515,0.2014904,0.2014904,0.07406542,0.06971899,0.004346428,0.17182278633117676,0.071204044,0.071204044
2516,0.20054054,0.20054054,0.07724671,0.07321858,0.0040281345,0.17887496948242188
2517,0.20056997,0.20056997,0.08463795,0.079668,0.0049699494,0.1793651580810547
2518,0.19937313,0.19937313,0.06895972,0.06507894,0.0038807823,0.17791986465454102
2519,0.20013213,0.20013213,0.08482436,0.080657855,0.0041665053,0.17382383346557617
2520,0.198801,0.198801,0.07857747,0.07480089,0.0037765703,0.17059040069580078,0.07250421,0.07250421
2521,0.19847824,0.19847824,0.074104294,0.069920905,0.0041833865,0.16727113723754883
2522,0.19705442,0.19705442,0.07463003,0.070093594,0.004536435,0.17138099670410156
2523,0.19759981,0.19759981,0.07743413,0.07292685,0.004507281,0.17087841033935547
2524,0.19773649,0.19773649,0.081337094,0.07700879,0.004328301,0.1710219383239746
2525,0.19824667,0.19824667,0.0753831,0.07089423,0.0044888672,0.17565417289733887,0.07062728,0.07062728
2526,0.19680507,0.19680507,0.08322319,0.0793273,0.0038958834,0.16858339309692383
2527,0.19700749,0.19700749,0.07413453,0.069964044,0.0041704886,0.16993498802185059
2528,0.19956958,0.19956958,0.07902016,0.07506111,0.0039590467,0.16762495040893555
2529,0.19684976,0.19684976,0.079651706,0.074908786,0.0047429213,0.1806929111480713
2530,0.19902828,0.19902828,0.07699229,0.07277423,0.004218057,0.17238998413085938,0.0701813,0.0701813
2531,0.19678527,0.19678527,0.081099205,0.07602086,0.005078349,0.17248940467834473
2532,0.19759575,0.19759575,0.07714539,0.07248822,0.0046571693,0.1724870204925537
2533,0.19996129,0.19996129,0.080087095,0.07582058,0.0042665126,0.17211246490478516
2534,0.2000219,0.2000219,0.072676696,0.06868464,0.00399206,0.1815509796142578
2535,0.19752876,0.19752876,0.07821054,0.074620776,0.0035897614,0.17864108085632324,0.06990158,0.06990158
2536,0.1982689,0.1982689,0.08013567,0.07587754,0.004258136,0.1736621856689453
2537,0.19702727,0.19702727,0.0781071,0.07336707,0.0047400407,0.1716015338897705
2538,0.19590828,0.19590828,0.07835606,0.07401485,0.0043412065,0.1708540916442871
2539,0.19690077,0.19690077,0.08455015,0.08006249,0.0044876565,0.17100906372070312
2540,0.20215262,0.20215262,0.07965488,0.075388804,0.004266074,0.17267656326293945,0.06949682,0.06949682
2541,0.19797447,0.19797447,0.07655198,0.07246718,0.004084806,0.17269158363342285
2542,0.19593163,0.19593163,0.07743389,0.073195346,0.004238547,0.18148231506347656
2543,0.196461,0.196461,0.07169552,0.06742576,0.0042697643,0.18145346641540527
2544,0.19693588,0.19693588,0.07377423,0.06978655,0.003987684,0.17362546920776367
2545,0.1969498,0.1969498,0.076012135,0.07223734,0.003774792,0.17083525657653809,0.070338264,0.070338264
2546,0.19705816,0.19705816,0.07595465,0.07241571,0.0035389445,0.1715843677520752
2547,0.19742832,0.19742832,0.07841279,0.073950596,0.0044621965,0.17171883583068848
2548,0.19794345,0.19794345,0.07930274,0.07452839,0.004774355,0.17111968994140625
2549,0.19770326,0.19770326,0.08287186,0.07805055,0.0048213163,0.171220064163208
2550,0.19700664,0.19700664,0.078501195,0.0737091,0.004792093,0.1726210117340088,0.06997781,0.06997781
2551,0.19617662,0.19617662,0.071509324,0.067089505,0.0044198195,0.1819324493408203
2552,0.19678167,0.19678167,0.07933596,0.074337125,0.0049988306,0.18008041381835938
2553,0.19653971,0.19653971,0.0724584,0.068157405,0.0043009967,0.17548632621765137
2554,0.19584338,0.19584338,0.078405716,0.07372286,0.0046828543,0.1725788116455078
2555,0.19767125,0.19767125,0.078311,0.07320521,0.0051057874,0.17237305641174316,0.06962015,0.06962015
2556,0.19634601,0.19634601,0.07354094,0.06930424,0.0042366954,0.17280006408691406
2557,0.19649369,0.19649369,0.07637386,0.07206086,0.0043129963,0.1721653938293457
2558,0.19774672,0.19774672,0.0797386,0.07478782,0.0049507846,0.17049384117126465
2559,0.19651347,0.19651347,0.076812245,0.07253039,0.0042818533,0.1720871925354004
2560,0.19625187,0.19625187,0.07659046,0.0719744,0.0046160654,0.18125295639038086,0.06960667,0.06960667
2561,0.19707716,0.19707716,0.07662778,0.07112503,0.0055027506,0.17511749267578125
2562,0.1953705,0.1953705,0.07369699,0.068486325,0.005210668,0.17283844947814941
2563,0.19568248,0.19568248,0.079856254,0.07474101,0.005115244,0.1698589324951172
2564,0.1960295,0.1960295,0.07808621,0.07393987,0.0041463454,0.17000222206115723
2565,0.19563259,0.19563259,0.07501514,0.070451185,0.004563958,0.17003250122070312,0.069517046,0.069517046
2566,0.19664064,0.19664064,0.07506032,0.0711718,0.0038885223,0.16995763778686523
2567,0.1981863,0.1981863,0.077253126,0.07255622,0.0046969024,0.17095494270324707
2568,0.19560523,0.19560523,0.07540863,0.07150523,0.0039033997,0.1767439842224121
2569,0.19584818,0.19584818,0.0747099,0.0704217,0.0042881966,0.17495989799499512
2570,0.19520041,0.19520041,0.07721789,0.0724395,0.0047783908,0.17265677452087402,0.06939694,0.06939694
2571,0.19532135,0.19532135,0.08783999,0.082663,0.005176988,0.17243242263793945
2572,0.1956513,0.1956513,0.07778468,0.072280064,0.005504615,0.17280864715576172
2573,0.19570327,0.19570327,0.0812932,0.07572584,0.005567362,0.17226409912109375
2574,0.19679028,0.19679028,0.08117396,0.07563683,0.0055371337,0.1718902587890625
2575,0.19710048,0.19710048,0.0743912,0.069855295,0.004535905,0.17223787307739258,0.069356486,0.069356486
2576,0.19735914,0.19735914,0.073822714,0.06901106,0.0048116497,0.17054057121276855
2577,0.19585283,0.19585283,0.0811108,0.075610355,0.0055004437,0.17972803115844727
2578,0.1953371,0.1953371,0.08105538,0.07678656,0.0042688185,0.17331671714782715
2579,0.19528548,0.19528548,0.07958145,0.07446056,0.0051208916,0.18482232093811035
2580,0.19531812,0.19531812,0.081623964,0.076134376,0.005489591,0.17458224296569824,0.06932055,0.06932055
2581,0.19908741,0.19908741,0.07984779,0.07447939,0.005368394,0.16966938972473145
2582,0.19535404,0.19535404,0.075420894,0.07097127,0.004449622,0.16942119598388672
2583,0.19547802,0.19547802,0.07688418,0.07224095,0.004643232,0.16983342170715332
2584,0.19558294,0.19558294,0.079855345,0.07503062,0.00482473,0.17257070541381836
2585,0.19833905,0.19833905,0.07477347,0.07034277,0.004430694,0.17400050163269043,0.06939869,0.06939869
2586,0.1954004,0.1954004,0.07420084,0.06892987,0.005270967,0.18411540985107422
2587,0.1963001,0.1963001,0.08225191,0.077552244,0.004699666,0.1805276870727539
2588,0.1957551,0.1957551,0.076778404,0.07168128,0.00509712,0.1755993366241455
2589,0.19775973,0.19775973,0.080135636,0.075325035,0.0048106,0.1735367774963379
2590,0.19658881,0.19658881,0.07653494,0.07214812,0.004386816,0.17265844345092773,0.07003967,0.07003967
2591,0.1963175,0.1963175,0.08162506,0.07667517,0.00494989,0.17384886741638184
2592,0.19640118,0.19640118,0.07569418,0.070599586,0.0050945957,0.17361664772033691
2593,0.19764484,0.19764484,0.077235125,0.07293311,0.004302014,0.17240595817565918
2594,0.20008197,0.20008197,0.07365596,0.069605626,0.0040503335,0.17412757873535156
2595,0.19649652,0.19649652,0.08105353,0.07609684,0.0049566957,0.18230915069580078,0.07038355,0.07038355
2596,0.19792804,0.19792804,0.07945735,0.07462797,0.004829375,0.18008971214294434
2597,0.1999402,0.1999402,0.0739132,0.06956946,0.004343743,0.1747591495513916
2598,0.19668232,0.19668232,0.07806251,0.07396489,0.004097626,0.1721343994140625
2599,0.19748916,0.19748916,0.079340205,0.07418927,0.0051509375,0.17091989517211914
2600,0.19647145,0.19647145,0.07940574,0.07445753,0.004948209,0.16743135452270508,0.06963692,0.06963692
2601,0.1965974,0.1965974,0.082757406,0.07632267,0.0064347414,0.1687486171722412
2602,0.19667254,0.19667254,0.07960771,0.07495749,0.004650217,0.17304635047912598
2603,0.19553126,0.19553126,0.08081999,0.0758669,0.0049530887,0.17326736450195312
2604,0.1955891,0.1955891,0.075851984,0.07198386,0.003868125,0.17711257934570312
2605,0.1978875,0.1978875,0.07855158,0.072858036,0.005693547,0.17457270622253418,0.06971983,0.06971983
2606,0.19601364,0.19601364,0.08182077,0.07711033,0.0047104415,0.16874146461486816
2607,0.19644256,0.19644256,0.071466215,0.06590703,0.0055591855,0.1734318733215332
2608,0.19740696,0.19740696,0.07948418,0.07467833,0.004805849,0.17406797409057617
2609,0.19856918,0.19856918,0.07868896,0.07275086,0.005938101,0.17261910438537598
2610,0.20021793,0.20021793,0.076744094,0.07251065,0.004233446,0.17297744750976562,0.069793545,0.069793545
2611,0.19807914,0.19807914,0.076134495,0.07147992,0.004654578,0.17170071601867676
2612,0.19810787,0.19810787,0.08132836,0.07707137,0.004256996,0.1786510944366455
2613,0.19801986,0.19801986,0.08707715,0.08243973,0.00463742,0.17810535430908203
2614,0.20042108,0.20042108,0.07749043,0.07327647,0.0042139557,0.17239713668823242
2615,0.20153138,0.20153138,0.07340339,0.068859115,0.004544273,0.16786861419677734,0.06959863,0.06959863
2616,0.19966085,0.19966085,0.07624799,0.07274465,0.0035033398,0.16939496994018555
2617,0.19658871,0.19658871,0.081169754,0.07620976,0.0049599935,0.17345452308654785
2618,0.19873595,0.19873595,0.078382224,0.073520094,0.0048621264,0.17347311973571777
2619,0.19684474,0.19684474,0.071898654,0.06733439,0.004564262,0.17451143264770508
2620,0.1988691,0.1988691,0.078396596,0.07346195,0.0049346494,0.17372798919677734,0.07028796,0.07028796
2621,0.1966745,0.1966745,0.082428284,0.07757835,0.004849936,0.17778229713439941
2622,0.19700685,0.19700685,0.0772857,0.07289021,0.004395495,0.17755413055419922
2623,0.19729035,0.19729035,0.07751024,0.07324849,0.004261748,0.17466473579406738
2624,0.19614841,0.19614841,0.072528906,0.067672595,0.004856314,0.1737689971923828
2625,0.19715072,0.19715072,0.07837579,0.07340409,0.0049717017,0.17461466789245605,0.06998157,0.06998157
2626,0.20044892,0.20044892,0.07620439,0.07156222,0.004642166,0.173140287399292
2627,0.1961228,0.1961228,0.07037116,0.06514337,0.0052277893,0.1740560531616211
2628,0.2017821,0.2017821,0.08733258,0.082031354,0.0053012185,0.17417621612548828
2629,0.19938159,0.19938159,0.07692028,0.07234778,0.004572496,0.18192505836486816
2630,0.20272422,0.20272422,0.07230122,0.06788191,0.0044193068,0.1902785301208496,0.073094144,0.073094144
2631,0.20537004,0.20537004,0.0732183,0.06909702,0.004121284,0.17723870277404785
2632,0.2012226,0.2012226,0.079162024,0.07430149,0.0048605343,0.17411446571350098
2633,0.20182808,0.20182808,0.07829944,0.07328258,0.005016866,0.1734631061553955
2634,0.20001163,0.20001163,0.07477138,0.07049553,0.0042758523,0.17380738258361816
2635,0.20102409,0.20102409,0.079193056,0.0742821,0.004910956,0.17362499237060547,0.070200406,0.070200406
2636,0.20061234,0.20061234,0.08037803,0.07432807,0.0060499636,0.17367219924926758
2637,0.24077575,0.24077575,0.07278476,0.06862289,0.0041618687,0.17265677452087402
2638,0.22696029,0.22696029,0.07870819,0.07298416,0.0057240287,0.1737973690032959
2639,0.2907377,0.2907377,0.08623862,0.080559365,0.0056792605,0.1757669448852539
2640,0.30002403,0.30002403,0.07804815,0.071213104,0.0068350434,0.17549657821655273,0.17762122,0.17762122
2641,0.29377225,0.29377225,0.08797724,0.08203838,0.005938856,0.17369318008422852
2642,0.26239178,0.26239178,0.0795406,0.07433437,0.005206235,0.16783785820007324
2643,0.26898292,0.26898292,0.075002536,0.06913378,0.005868753,0.1725635528564453
2644,0.27612442,0.27612442,0.08096561,0.074942686,0.00602292,0.1717360019683838
2645,0.26277834,0.26277834,0.08378841,0.07855702,0.005231389,0.16791892051696777,0.08252605,0.08252605
2646,0.243592,0.243592,0.086051,0.0794154,0.0066356,0.17339134216308594
2647,0.24063683,0.24063683,0.07445641,0.069387354,0.0050690575,0.17250347137451172
2648,0.2613308,0.2613308,0.08227674,0.07663041,0.0056463275,0.17727231979370117
2649,0.2433805,0.2433805,0.08225159,0.076684475,0.005567119,0.17835092544555664
2650,0.2397034,0.2397034,0.08652659,0.07967378,0.006852809,0.17386603355407715,0.1291009,0.1291009
2651,0.24404877,0.24404877,0.07676286,0.07128326,0.005479601,0.16741132736206055
2652,0.24705246,0.24705246,0.08240216,0.07683823,0.0055639287,0.17273640632629395
2653,0.27780893,0.27780893,0.07569708,0.06990303,0.0057940483,0.17382192611694336
2654,0.24011077,0.24011077,0.073674,0.06776182,0.00591218,0.17380261421203613
2655,0.238693,0.238693,0.087274596,0.08147641,0.005798184,0.17468810081481934,0.07661323,0.07661323
2656,0.22703949,0.22703949,0.08821921,0.08164798,0.0065712347,0.18294286727905273
2657,0.21945503,0.21945503,0.07902795,0.073438905,0.005589047,0.1793069839477539
2658,0.22970118,0.22970118,0.089302965,0.08389949,0.0054034763,0.1733248233795166
2659,0.22404106,0.22404106,0.08087873,0.07485413,0.0060246,0.1727309226989746
2660,0.25440323,0.25440323,0.09160376,0.08482243,0.00678133,0.17290425300598145,0.08899169,0.08899169
2661,0.23486978,0.23486978,0.07983221,0.073610924,0.0062212907,0.17331480979919434
2662,0.2494128,0.2494128,0.08073713,0.0738634,0.0068737296,0.17216038703918457
2663,0.22449511,0.22449511,0.07146822,0.06574231,0.005725913,0.17267775535583496
2664,0.22681972,0.22681972,0.09051354,0.082814336,0.0076992097,0.17370033264160156
2665,0.2229662,0.2229662,0.07807949,0.07270183,0.0053776614,0.18331050872802734,0.08238657,0.08238657
2666,0.22029224,0.22029224,0.07957445,0.073514394,0.0060600527,0.17937946319580078
2667,0.21963212,0.21963212,0.076456465,0.07060236,0.0058541074,0.16791439056396484
2668,0.22665718,0.22665718,0.07451784,0.06818841,0.0063294345,0.17177534103393555
2669,0.21910518,0.21910518,0.07808573,0.071992405,0.006093323,0.17225909233093262
2670,0.22241698,0.22241698,0.0828494,0.07728505,0.0055643492,0.17309904098510742,0.07271402,0.07271402
2671,0.21381836,0.21381836,0.08251138,0.0763149,0.006196483,0.1735377311706543
2672,0.21640554,0.21640554,0.08047491,0.07331922,0.007155697,0.17404794692993164
2673,0.21278042,0.21278042,0.08084229,0.07395337,0.0068889167,0.17416691780090332
2674,0.21082047,0.21082047,0.08044816,0.07442644,0.006021717,0.18288779258728027
2675,0.21018676,0.21018676,0.084003694,0.07721408,0.006789617,0.1829850673675537,0.072329946,0.072329946
2676,0.20844555,0.20844555,0.07473843,0.06853905,0.0061993785,0.17621421813964844
2677,0.21530811,0.21530811,0.071384944,0.0654695,0.0059154434,0.16685724258422852
2678,0.21013618,0.21013618,0.08109534,0.074237935,0.006857406,0.17363739013671875
2679,0.20854516,0.20854516,0.08223699,0.0756886,0.006548389,0.17299938201904297
2680,0.2097716,0.2097716,0.07937016,0.0730603,0.0063098655,0.17261838912963867,0.07062661,0.07062661
2681,0.20467235,0.20467235,0.07989537,0.07336992,0.0065254504,0.18125438690185547
2682,0.21652201,0.21652201,0.085016906,0.07876542,0.0062514865,0.17268824577331543
2683,0.21146478,0.21146478,0.07185835,0.0650185,0.0068398523,0.17211127281188965
2684,0.2072069,0.2072069,0.08270174,0.07665746,0.006044284,0.18264269828796387
2685,0.21720594,0.21720594,0.08292938,0.07575678,0.0071725994,0.1762549877166748,0.07325488,0.07325488
2686,0.20848972,0.20848972,0.075234875,0.07007105,0.005163828,0.1733715534210205
2687,0.20494911,0.20494911,0.08147086,0.07514059,0.006330275,0.17409420013427734
2688,0.20968734,0.20968734,0.07620946,0.06997949,0.0062299757,0.17515063285827637
2689,0.21003588,0.21003588,0.07668785,0.07102893,0.0056589167,0.17444157600402832
2690,0.20740278,0.20740278,0.079657055,0.07343442,0.006222638,0.17432880401611328,0.074369,0.074369
2691,0.2049844,0.2049844,0.08212152,0.07522394,0.006897586,0.17470741271972656
2692,0.20838243,0.20838243,0.07985918,0.073575184,0.0062839994,0.17696261405944824
2693,0.21176444,0.21176444,0.0784815,0.07266316,0.0058183414,0.1850881576538086
2694,0.20538932,0.20538932,0.080051005,0.07373853,0.0063124783,0.18008971214294434
2695,0.20727852,0.20727852,0.08464908,0.07780057,0.0068485057,0.17396807670593262,0.07219576,0.07219576
2696,0.20635952,0.20635952,0.07972098,0.072988346,0.0067326324,0.17451119422912598
2697,0.20764093,0.20764093,0.08243995,0.07616401,0.006275944,0.17492461204528809
2698,0.20829143,0.20829143,0.07742967,0.07085287,0.0065768026,0.1740884780883789
2699,0.20454627,0.20454627,0.079811946,0.07414464,0.0056673093,0.1749567985534668
2700,0.20501004,0.20501004,0.08084871,0.074248075,0.0066006333,0.1758592128753662,0.06989345,0.06989345
2701,0.20745653,0.20745653,0.07121018,0.065476134,0.005734048,0.17496442794799805
2702,0.20543037,0.20543037,0.080433786,0.07388653,0.006547255,0.17487740516662598
2703,0.20618857,0.20618857,0.07829577,0.07264516,0.0056506125,0.1752619743347168
2704,0.20401461,0.20401461,0.08194568,0.07541775,0.0065279338,0.1761775016784668
2705,0.20201379,0.20201379,0.07772178,0.07149351,0.0062282775,0.17509841918945312,0.07126422,0.07126422
2706,0.20482475,0.20482475,0.075302444,0.06913162,0.0061708214,0.17521142959594727
2707,0.20352986,0.20352986,0.08069857,0.074339755,0.006358817,0.17483067512512207
2708,0.20198873,0.20198873,0.078138486,0.07265245,0.0054860334,0.17215895652770996
2709,0.20510864,0.20510864,0.07821876,0.07171898,0.0064997775,0.1716470718383789
2710,0.20739786,0.20739786,0.08419459,0.07821954,0.005975052,0.17203569412231445,0.069801494,0.069801494
2711,0.20088612,0.20088612,0.080071256,0.07364384,0.0064274175,0.1728215217590332
2712,0.20164572,0.20164572,0.078923106,0.07210582,0.0068172873,0.18048310279846191
2713,0.20185493,0.20185493,0.07467383,0.06838288,0.0062909485,0.18151593208312988
2714,0.20697246,0.20697246,0.08191123,0.07524552,0.00666571,0.17794370651245117
2715,0.20196956,0.20196956,0.07443601,0.068943895,0.005492114,0.1727275848388672,0.07042195,0.07042195
2716,0.20192865,0.20192865,0.079948016,0.07351914,0.006428877,0.1716294288635254
2717,0.20090488,0.20090488,0.07313222,0.068040855,0.0050913654,0.1714937686920166
2718,0.20393832,0.20393832,0.077445626,0.07125332,0.0061923014,0.17162871360778809
2719,0.20637016,0.20637016,0.07533538,0.06946772,0.0058676586,0.1709442138671875
2720,0.20608005,0.20608005,0.07552952,0.06964219,0.005887332,0.17095208168029785,0.07063694,0.07063694
2721,0.20608252,0.20608252,0.08308664,0.07696421,0.0061224317,0.18016982078552246
2722,0.20164339,0.20164339,0.07875745,0.07171073,0.007046718,0.17696809768676758
2723,0.20665012,0.20665012,0.078056544,0.07167474,0.006381805,0.17188239097595215
2724,0.20351905,0.20351905,0.0807184,0.07376071,0.006957686,0.1716899871826172
2725,0.20442924,0.20442924,0.079132885,0.072646864,0.0064860214,0.1716456413269043,0.071608566,0.071608566
2726,0.2047287,0.2047287,0.083543725,0.077409774,0.00613395,0.17223572731018066
2727,0.20306556,0.20306556,0.0817711,0.075338915,0.0064321863,0.17173171043395996
2728,0.2059204,0.2059204,0.080898955,0.074759685,0.0061392747,0.17136693000793457
2729,0.20196533,0.20196533,0.07576466,0.07032851,0.0054361504,0.17226099967956543
2730,0.20269834,0.20269834,0.0788418,0.07218655,0.006655244,0.17264628410339355,0.071046226,0.071046226
2731,0.20219395,0.20219395,0.07345184,0.06783699,0.0056148493,0.1774005889892578
2732,0.20201771,0.20201771,0.08040717,0.07448994,0.0059172274,0.17138147354125977
2733,0.20187373,0.20187373,0.07601663,0.07036327,0.0056533576,0.17270493507385254
2734,0.21185268,0.21185268,0.08012527,0.07349698,0.006628292,0.17319607734680176
2735,0.20429522,0.20429522,0.08116866,0.07581535,0.005353306,0.17244386672973633,0.07101637,0.07101637
2736,0.20314452,0.20314452,0.078096576,0.07196017,0.0061364016,0.17195439338684082
2737,0.20485775,0.20485775,0.08377361,0.07834935,0.0054242583,0.17172670364379883
2738,0.20389141,0.20389141,0.081353396,0.075252004,0.0061013885,0.1732006072998047
2739,0.20476547,0.20476547,0.07542619,0.06962866,0.005797525,0.17270588874816895
2740,0.20516342,0.20516342,0.07569693,0.070080966,0.0056159683,0.1710371971130371,0.07034629,0.07034629
2741,0.20331793,0.20331793,0.08581283,0.079175,0.0066378275,0.17231178283691406
2742,0.1998576,0.1998576,0.083777025,0.076734446,0.0070425775,0.17140841484069824
2743,0.20125961,0.20125961,0.08563086,0.0794202,0.006210655,0.18055319786071777
2744,0.20033847,0.20033847,0.07814409,0.07222421,0.005919881,0.18447089195251465
2745,0.20465054,0.20465054,0.08160296,0.07625263,0.0053503276,0.17142605781555176,0.06986996,0.06986996
2746,0.20258158,0.20258158,0.08213663,0.07609169,0.0060449378,0.17314863204956055
2747,0.20549472,0.20549472,0.079173476,0.07329852,0.0058749537,0.18038129806518555
2748,0.20070656,0.20070656,0.083745085,0.07691081,0.0068342765,0.18177390098571777
2749,0.20303763,0.20303763,0.07737352,0.0719444,0.005429122,0.18070316314697266
2750,0.1998734,0.1998734,0.080143966,0.07383909,0.0063048755,0.17673325538635254,0.06994985,0.06994985
2751,0.20280956,0.20280956,0.07969637,0.073254704,0.0064416677,0.1723034381866455
2752,0.20073722,0.20073722,0.07434139,0.06856456,0.005776832,0.17204666137695312
2753,0.20139092,0.20139092,0.07745063,0.07189479,0.0055558486,0.1719820499420166
2754,0.20306134,0.20306134,0.07989418,0.07309435,0.0067998227,0.17354917526245117
2755,0.20219544,0.20219544,0.08049033,0.075108096,0.0053822305,0.17208552360534668,0.069984846,0.069984846
2756,0.20306125,0.20306125,0.07950943,0.07470372,0.004805709,0.18036198616027832
2757,0.20087108,0.20087108,0.080056205,0.07401764,0.0060385666,0.17750334739685059
2758,0.2005155,0.2005155,0.08333334,0.07795666,0.005376678,0.1758263111114502
2759,0.20127228,0.20127228,0.0820496,0.075249955,0.006799649,0.17147588729858398
2760,0.20055649,0.20055649,0.07689803,0.07036348,0.006534551,0.17254304885864258,0.07015284,0.07015284
2761,0.20244366,0.20244366,0.078935586,0.07428021,0.0046553733,0.1714766025543213
2762,0.2008093,0.2008093,0.075742014,0.06884878,0.0068932315,0.1710057258605957
2763,0.20345634,0.20345634,0.07739452,0.07154967,0.005844851,0.17159271240234375
2764,0.201042,0.201042,0.08417159,0.07816273,0.0060088634,0.17213082313537598
2765,0.20166126,0.20166126,0.07568414,0.069812655,0.0058714855,0.1784684658050537,0.0706971,0.0706971
2766,0.20211194,0.20211194,0.080633394,0.073808104,0.00682529,0.17922496795654297
2767,0.20053405,0.20053405,0.07745231,0.07174704,0.005705268,0.1738877296447754
2768,0.20104484,0.20104484,0.07652498,0.07115621,0.0053687706,0.17082691192626953
2769,0.2003926,0.2003926,0.08195678,0.07624412,0.0057126614,0.17060422897338867
2770,0.20058693,0.20058693,0.07884764,0.07280779,0.0060398513,0.17162108421325684,0.07120269,0.07120269
2771,0.20244792,0.20244792,0.08230239,0.07643505,0.0058673434,0.17210912704467773
2772,0.20146148,0.20146148,0.08241894,0.07551442,0.0069045206,0.17225122451782227
2773,0.20221378,0.20221378,0.07502184,0.06992635,0.00509549,0.17246770858764648
2774,0.19960426,0.19960426,0.08774499,0.08158205,0.006162944,0.17215275764465332
2775,0.19955052,0.19955052,0.07487987,0.06901085,0.0058690244,0.1716747283935547,0.071274295,0.071274295
2776,0.19913349,0.19913349,0.080397025,0.0736941,0.0067029204,0.17220377922058105
2777,0.20048234,0.20048234,0.08339436,0.07727799,0.0061163786,0.17198562622070312
2778,0.20266837,0.20266837,0.0795507,0.07315846,0.006392244,0.17288804054260254
2779,0.20219752,0.20219752,0.07524586,0.06890065,0.006345208,0.17106318473815918
2780,0.20088348,0.20088348,0.08489501,0.07922589,0.005669117,0.17078685760498047,0.07065204,0.07065204
2781,0.20033222,0.20033222,0.07973682,0.072157115,0.0075797085,0.17247724533081055
2782,0.2002587,0.2002587,0.07744263,0.07151398,0.005928653,0.18928790092468262
2783,0.20098019,0.20098019,0.07702643,0.0711707,0.0058557275,0.18158459663391113
2784,0.20095256,0.20095256,0.07775572,0.071423166,0.0063325567,0.18134403228759766
2785,0.20075493,0.20075493,0.076327026,0.07005061,0.0062764147,0.17728638648986816,0.0706106,0.0706106
2786,0.19976106,0.19976106,0.07657238,0.07105659,0.005515791,0.17298221588134766
2787,0.20040983,0.20040983,0.08319639,0.07527421,0.007922179,0.17181944847106934
2788,0.19921727,0.19921727,0.07578719,0.06984004,0.005947154,0.17255449295043945
2789,0.19918384,0.19918384,0.08114534,0.07368293,0.007462415,0.17273592948913574
2790,0.19860263,0.19860263,0.08252263,0.076489404,0.006033223,0.16627788543701172,0.07043558,0.07043558
2791,0.1991236,0.1991236,0.075446084,0.06976932,0.0056767585,0.1726372241973877
2792,0.19980635,0.19980635,0.07922367,0.07344255,0.005781125,0.1736288070678711
2793,0.20078053,0.20078053,0.07592419,0.070001796,0.005922391,0.17381811141967773
2794,0.20031352,0.20031352,0.078687906,0.072584964,0.006102938,0.174302339553833
2795,0.19996381,0.19996381,0.077851966,0.07268918,0.0051627792,0.17437744140625,0.07046741,0.07046741
2796,0.198754,0.198754,0.07143214,0.06578674,0.0056454055,0.17474746704101562
2797,0.1991871,0.1991871,0.079957925,0.07377319,0.006184733,0.17495369911193848
2798,0.1990474,0.1990474,0.07687164,0.0705591,0.0063125445,0.17485332489013672
2799,0.19703725,0.19703725,0.07891693,0.07282708,0.00608985,0.17500591278076172
2800,0.19898622,0.19898622,0.08253259,0.0762487,0.006283892,0.1791832447052002,0.071466304,0.071466304
2801,0.19927905,0.19927905,0.074370034,0.06793863,0.006431401,0.1837630271911621
2802,0.20320296,0.20320296,0.08085201,0.07492926,0.0059227506,0.18519258499145508
2803,0.19921993,0.19921993,0.08108581,0.07438705,0.0066987597,0.17988133430480957
2804,0.19933473,0.19933473,0.079909034,0.073695615,0.0062134215,0.17616796493530273
2805,0.19991936,0.19991936,0.07696039,0.07062623,0.00633416,0.17430400848388672,0.070881955,0.070881955
2806,0.19908015,0.19908015,0.07928234,0.072999984,0.006282359,0.174607515335083
2807,0.19831525,0.19831525,0.07752515,0.07124834,0.0062768115,0.17456436157226562
2808,0.19963238,0.19963238,0.0816977,0.07485452,0.0068431776,0.17544174194335938
2809,0.19998783,0.19998783,0.07239258,0.06686009,0.0055324994,0.17390727996826172
2810,0.20138305,0.20138305,0.08339037,0.07775895,0.005631415,0.17562055587768555,0.07125665,0.07125665
2811,0.20050323,0.20050323,0.077198885,0.07026249,0.0069363965,0.18400049209594727
2812,0.20019458,0.20019458,0.07123317,0.06536827,0.0058648954,0.1848917007446289
2813,0.20137668,0.20137668,0.07794567,0.072459124,0.005486549,0.18217849731445312
2814,0.20030601,0.20030601,0.07802312,0.07165749,0.0063656284,0.17814183235168457
2815,0.19762294,0.19762294,0.076455906,0.07075611,0.005699801,0.17391419410705566,0.07108912,0.07108912
2816,0.19926718,0.19926718,0.080278166,0.074141435,0.0061367326,0.17471837997436523
2817,0.1991368,0.1991368,0.078723,0.07269159,0.006031409,0.17577123641967773
2818,0.19903286,0.19903286,0.08259905,0.07632393,0.006275128,0.17496585845947266
2819,0.20004363,0.20004363,0.08374013,0.07523554,0.008504595,0.17545700073242188
2820,0.19889316,0.19889316,0.0761828,0.06967597,0.006506829,0.17537307739257812,0.071320094,0.071320094
2821,0.198194,0.198194,0.07909403,0.07210049,0.0069935364,0.17421269416809082
2822,0.19758266,0.19758266,0.0759282,0.0704007,0.0055274963,0.18091154098510742
2823,0.19766678,0.19766678,0.080273874,0.07490988,0.005363996,0.17854046821594238
2824,0.19793728,0.19793728,0.07372365,0.06791516,0.0058084973,0.17474603652954102
2825,0.19876309,0.19876309,0.08016945,0.07461599,0.005553452,0.17481207847595215,0.0707639,0.0707639
2826,0.19884542,0.19884542,0.07981576,0.07281493,0.0070008347,0.16942882537841797
2827,0.19965452,0.19965452,0.07679705,0.07141224,0.0053848135,0.1687774658203125
2828,0.20104678,0.20104678,0.07978515,0.07341403,0.0063711223,0.17464756965637207
2829,0.19931552,0.19931552,0.07803179,0.0713193,0.0067124953,0.1713104248046875
2830,0.1987743,0.1987743,0.07376773,0.068516955,0.005250774,0.1701490879058838,0.071414195,0.071414195
2831,0.19819991,0.19819991,0.080408856,0.07352239,0.006886466,0.18408465385437012
2832,0.20033811,0.20033811,0.074353844,0.06883331,0.005520541,0.17901968955993652
2833,0.20047648,0.20047648,0.07987284,0.07321153,0.0066613117,0.18293547630310059
2834,0.19987021,0.19987021,0.074362166,0.06773556,0.0066266074,0.1753678321838379
2835,0.19912903,0.19912903,0.0740968,0.067930624,0.006166172,0.17517948150634766,0.0709644,0.0709644
2836,0.19954418,0.19954418,0.08002426,0.07352078,0.0065034814,0.17494487762451172
2837,0.2000169,0.2000169,0.071090855,0.065104276,0.005986577,0.17522644996643066
2838,0.19877172,0.19877172,0.068489105,0.062504515,0.005984592,0.1751706600189209
2839,0.19763203,0.19763203,0.07896116,0.07263202,0.006329135,0.17518091201782227
2840,0.19822004,0.19822004,0.072723605,0.066298425,0.0064251777,0.17617368698120117,0.07094067,0.07094067
2841,0.19728321,0.19728321,0.07239613,0.06743903,0.0049570985,0.17547082901000977
2842,0.1967955,0.1967955,0.073984586,0.06888122,0.0051033655,0.1796736717224121
2843,0.20063493,0.20063493,0.08140245,0.07567909,0.0057233605,0.1787869930267334
2844,0.19916263,0.19916263,0.07012387,0.06451744,0.0056064366,0.17487215995788574
2845,0.19806606,0.19806606,0.08313707,0.076485164,0.006651908,0.17233037948608398,0.07094083,0.07094083
2846,0.1994548,0.1994548,0.07631017,0.070296,0.0060141776,0.17199015617370605
2847,0.19861645,0.19861645,0.07363143,0.06743494,0.0061964937,0.1761636734008789
2848,0.19822666,0.19822666,0.078604326,0.07208113,0.0065231915,0.17501473426818848
2849,0.19843762,0.19843762,0.07437186,0.06856023,0.0058116294,0.17394781112670898
2850,0.19838503,0.19838503,0.079605214,0.072873175,0.0067320387,0.17481374740600586,0.0715164,0.0715164
2851,0.19892028,0.19892028,0.082222514,0.075634964,0.00658755,0.1821427345275879
2852,0.19887292,0.19887292,0.08143104,0.07471274,0.006718298,0.18290019035339355
2853,0.19964322,0.19964322,0.0794886,0.07416034,0.0053282613,0.1812131404876709
2854,0.19778839,0.19778839,0.07288077,0.06739214,0.005488626,0.17664718627929688
2855,0.19842193,0.19842193,0.08163842,0.07503967,0.0065987455,0.17690539360046387,0.07157903,0.07157903
2856,0.19897403,0.19897403,0.076552615,0.07079227,0.0057603386,0.17603564262390137
2857,0.19835407,0.19835407,0.081373855,0.0746447,0.0067291525,0.17658495903015137
2858,0.19736372,0.19736372,0.08512113,0.07881976,0.0063013765,0.1684870719909668
2859,0.19806005,0.19806005,0.084238276,0.079207785,0.0050304914,0.16849207878112793
2860,0.19764903,0.19764903,0.07923573,0.07324678,0.0059889583,0.1750197410583496,0.0716269,0.0716269
2861,0.19879723,0.19879723,0.08473119,0.077932104,0.0067990846,0.18255138397216797
2862,0.19750606,0.19750606,0.08084905,0.07438266,0.0064663873,0.18071532249450684
2863,0.19837001,0.19837001,0.080968276,0.073721886,0.0072463937,0.1777050495147705
2864,0.19763748,0.19763748,0.08688296,0.08073225,0.0061507095,0.1726386547088623
2865,0.19782968,0.19782968,0.07910425,0.07248733,0.0066169198,0.17126011848449707,0.07159663,0.07159663
2866,0.19767532,0.19767532,0.07794084,0.07215363,0.005787206,0.1751856803894043
2867,0.19864024,0.19864024,0.080037124,0.073543355,0.0064937705,0.17134904861450195
2868,0.19725673,0.19725673,0.08049337,0.0740442,0.006449171,0.172072172164917
2869,0.19714971,0.19714971,0.078885324,0.072405174,0.006480149,0.17469501495361328
2870,0.19786546,0.19786546,0.08028732,0.074244425,0.006042899,0.18116378784179688,0.07160682,0.07160682
2871,0.20360544,0.20360544,0.081134446,0.075234964,0.0058994787,0.17040705680847168
2872,0.20606375,0.20606375,0.07733184,0.07143308,0.005898761,0.17109036445617676
2873,0.21693604,0.21693604,0.08030744,0.07339676,0.0069106794,0.1736435890197754
2874,0.23330936,0.23330936,0.07885467,0.07269737,0.0061573004,0.17133164405822754
2875,0.22547962,0.22547962,0.074913815,0.06872032,0.0061934944,0.17240476608276367,0.1189759,0.1189759
2876,0.22271943,0.22271943,0.08185616,0.07507683,0.0067793303,0.16872930526733398
2877,0.24344271,0.24344271,0.07784217,0.07110152,0.006740649,0.17242145538330078
2878,0.21376552,0.21376552,0.0833026,0.07602859,0.0072740098,0.17769503593444824
2879,0.2094024,0.2094024,0.07780959,0.07063199,0.0071775955,0.17113995552062988
2880,0.21096778,0.21096778,0.07609161,0.06859769,0.007493921,0.173828125,0.076741435,0.076741435
2881,0.2151368,0.2151368,0.08263497,0.07614522,0.0064897514,0.17203736305236816
2882,0.20841864,0.20841864,0.08095243,0.07473943,0.0062130042,0.1756446361541748
2883,0.21137977,0.21137977,0.0798842,0.07429133,0.0055928677,0.1720268726348877
2884,0.21019147,0.21019147,0.080597974,0.074520044,0.0060779275,0.17892932891845703
2885,0.22396411,0.22396411,0.07344343,0.06732573,0.0061176918,0.17411541938781738,0.07080766,0.07080766
2886,0.20496295,0.20496295,0.07722926,0.07115341,0.006075854,0.1722874641418457
2887,0.21170357,0.21170357,0.07573238,0.06874677,0.0069856127,0.17586755752563477
2888,0.21253097,0.21253097,0.080177344,0.07444918,0.0057281656,0.17609000205993652
2889,0.21435979,0.21435979,0.07430746,0.068681106,0.0056263516,0.17192482948303223
2890,0.20954055,0.20954055,0.079507336,0.072405346,0.00710199,0.1721804141998291,0.07597667,0.07597667
2891,0.20848133,0.20848133,0.07359723,0.068144284,0.005452946,0.1706702709197998
2892,0.20737167,0.20737167,0.08123459,0.07457983,0.0066547594,0.17522764205932617
2893,0.20939098,0.20939098,0.068683065,0.06233496,0.006348108,0.17897844314575195
2894,0.206638,0.206638,0.08052912,0.07418825,0.006340874,0.17413067817687988
2895,0.20745762,0.20745762,0.074255206,0.06816701,0.006088197,0.17291903495788574,0.07188065,0.07188065
2896,0.20270392,0.20270392,0.07947567,0.074202836,0.005272834,0.18195152282714844
2897,0.20337193,0.20337193,0.07424308,0.06840964,0.0058334447,0.18098020553588867
2898,0.20636757,0.20636757,0.07848586,0.072614044,0.0058718207,0.17490029335021973
2899,0.2050753,0.2050753,0.069414236,0.06376058,0.0056536556,0.17404603958129883
2900,0.20557767,0.20557767,0.082553536,0.074942715,0.007610818,0.17352938652038574,0.0700432,0.0700432
2901,0.20428602,0.20428602,0.07754594,0.07156977,0.0059761736,0.17254233360290527
2902,0.20279792,0.20279792,0.071396135,0.064358994,0.0070371386,0.1719059944152832
2903,0.20241126,0.20241126,0.07747809,0.07269585,0.004782237,0.17242217063903809
2904,0.20455371,0.20455371,0.07991668,0.07322247,0.0066942037,0.1737062931060791
2905,0.20163,0.20163,0.07590449,0.06959403,0.0063104536,0.18277359008789062,0.07045889,0.07045889
2906,0.20510738,0.20510738,0.07909786,0.07289401,0.0062038554,0.18089842796325684
2907,0.20383126,0.20383126,0.07705539,0.07120151,0.005853877,0.17669177055358887
2908,0.20517753,0.20517753,0.07817142,0.07140572,0.0067656916,0.17081117630004883
2909,0.20415893,0.20415893,0.07186293,0.06544583,0.0064170957,0.1725139617919922
2910,0.20280844,0.20280844,0.07859302,0.07177406,0.0068189674,0.17219281196594238,0.07159514,0.07159514
2911,0.2020552,0.2020552,0.06957529,0.06317732,0.0063979733,0.178131103515625
2912,0.2025594,0.2025594,0.08287537,0.076218314,0.006657059,0.17493867874145508
2913,0.20194966,0.20194966,0.07724618,0.07116057,0.006085615,0.1748037338256836
2914,0.20057586,0.20057586,0.080411755,0.07441632,0.0059954366,0.17272281646728516
2915,0.19970283,0.19970283,0.07912651,0.073383525,0.005742982,0.18492889404296875,0.070724465,0.070724465
2916,0.19915637,0.19915637,0.081237935,0.07451939,0.0067185485,0.18671917915344238
2917,0.20062488,0.20062488,0.07894073,0.071881115,0.0070596114,0.1752490997314453
2918,0.20023635,0.20023635,0.08381786,0.076179504,0.0076383557,0.17498016357421875
2919,0.20210624,0.20210624,0.086950205,0.08071459,0.0062356135,0.1723334789276123
2920,0.20014873,0.20014873,0.07661959,0.07067314,0.005946449,0.1714801788330078,0.070321016,0.070321016
2921,0.1982283,0.1982283,0.07757593,0.07119634,0.0063795927,0.1717684268951416
2922,0.19911623,0.19911623,0.07702623,0.07058004,0.0064461883,0.17139101028442383
2923,0.20314166,0.20314166,0.0759879,0.06996393,0.006023965,0.17249512672424316
2924,0.19911763,0.19911763,0.07632794,0.06981787,0.0065100724,0.18089556694030762
2925,0.19835126,0.19835126,0.08045857,0.07366529,0.006793279,0.1748490333557129,0.07023547,0.07023547
2926,0.20057511,0.20057511,0.07766791,0.070841804,0.006826101,0.1672511100769043
2927,0.19815747,0.19815747,0.08015935,0.07431997,0.005839374,0.17215275764465332
2928,0.19928207,0.19928207,0.078372136,0.07262963,0.005742506,0.1730208396911621
2929,0.20184605,0.20184605,0.08010898,0.07346107,0.0066479044,0.1713237762451172
2930,0.20079395,0.20079395,0.078673765,0.07270185,0.005971914,0.1703956127166748,0.07056377,0.07056377
2931,0.20046107,0.20046107,0.08180509,0.07637781,0.005427277,0.17949748039245605
2932,0.19712578,0.19712578,0.08387596,0.07800652,0.005869443,0.18176054954528809
2933,0.19978707,0.19978707,0.081680775,0.07485543,0.0068253414,0.18168997764587402
2934,0.19853574,0.19853574,0.08126703,0.074665494,0.006601534,0.17855024337768555
2935,0.19885445,0.19885445,0.08472554,0.07806268,0.006662851,0.18410396575927734,0.07061704,0.07061704
2936,0.19746903,0.19746903,0.078747645,0.07324357,0.0055040736,0.1757512092590332
2937,0.19835128,0.19835128,0.080559455,0.07420096,0.006358494,0.17878031730651855
2938,0.19947624,0.19947624,0.073662475,0.06743472,0.006227755,0.1743149757385254
2939,0.19786818,0.19786818,0.068144344,0.061861236,0.006283107,0.17011713981628418
2940,0.19920659,0.19920659,0.075171724,0.06858164,0.0065900856,0.17146873474121094,0.071066245,0.071066245
2941,0.19944862,0.19944862,0.07442623,0.0674479,0.006978326,0.1786355972290039
2942,0.19922283,0.19922283,0.081478834,0.07404476,0.0074340776,0.17323780059814453
2943,0.20224155,0.20224155,0.085556656,0.07856346,0.006993196,0.18923211097717285
2944,0.19849859,0.19849859,0.08424175,0.07598183,0.008259912,0.1848592758178711
2945,0.19812764,0.19812764,0.07690403,0.07028903,0.0066149984,0.18319463729858398,0.0708663,0.0708663
2946,0.19791968,0.19791968,0.0765034,0.06971951,0.0067838975,0.17599940299987793
2947,0.19874957,0.19874957,0.07462545,0.06844572,0.0061797258,0.17154765129089355
2948,0.19867668,0.19867668,0.07660038,0.07088995,0.005710432,0.1728971004486084
2949,0.1975145,0.1975145,0.08101398,0.07420609,0.0068078865,0.17223691940307617
2950,0.19805095,0.19805095,0.08597415,0.07949613,0.006478021,0.1711270809173584,0.07066777,0.07066777
2951,0.19818431,0.19818431,0.07476052,0.06783727,0.0069232527,0.17278099060058594
2952,0.19855815,0.19855815,0.083692744,0.07725297,0.006439774,0.1705172061920166
2953,0.19873881,0.19873881,0.08354196,0.077264294,0.0062776646,0.17684245109558105
2954,0.19797504,0.19797504,0.073217355,0.06692571,0.006291646,0.17314910888671875
2955,0.19805473,0.19805473,0.07455397,0.06788871,0.006665263,0.17192721366882324,0.07104007,0.07104007
2956,0.19762519,0.19762519,0.07896339,0.07268649,0.0062769004,0.17131638526916504
2957,0.19783598,0.19783598,0.0746645,0.069354825,0.0053096768,0.17128324508666992
2958,0.19720311,0.19720311,0.08366127,0.078702234,0.0049590366,0.17169761657714844
2959,0.19940992,0.19940992,0.07610181,0.07086177,0.00524004,0.1723489761352539
2960,0.1991875,0.1991875,0.07533022,0.06967982,0.0056504025,0.17207098007202148,0.07068432,0.07068432
2961,0.19794658,0.19794658,0.07463728,0.068092175,0.0065451036,0.1694943904876709
2962,0.1976437,0.1976437,0.07657984,0.0699761,0.006603738,0.1772012710571289
2963,0.19871435,0.19871435,0.07710934,0.07022102,0.0068883183,0.1808464527130127
2964,0.19849072,0.19849072,0.07483137,0.06763753,0.0071938317,0.1745157241821289
2965,0.19887178,0.19887178,0.07944148,0.07342233,0.0060191494,0.1724376678466797,0.07046688,0.07046688
2966,0.19796668,0.19796668,0.07246767,0.06588122,0.0065864464,0.16687846183776855
2967,0.20322517,0.20322517,0.08066105,0.07333997,0.0073210844,0.1710953712463379
2968,0.19763799,0.19763799,0.07681751,0.06986754,0.0069499793,0.17115187644958496
2969,0.19919157,0.19919157,0.074549906,0.066978484,0.0075714197,0.17327308654785156
2970,0.19785461,0.19785461,0.0791911,0.07250055,0.0066905506,0.172898530960083,0.07130006,0.07130006
2971,0.19913559,0.19913559,0.08305619,0.07530015,0.0077560428,0.17486333847045898
2972,0.19866043,0.19866043,0.08032749,0.07436045,0.0059670378,0.17365026473999023
2973,0.19752349,0.19752349,0.07607793,0.07128158,0.004796349,0.1785411834716797
2974,0.19818933,0.19818933,0.08307471,0.076965675,0.0061090384,0.17507266998291016
2975,0.19883183,0.19883183,0.08406777,0.07756118,0.006506595,0.172013521194458,0.07062998,0.07062998
2976,0.19789931,0.19789931,0.08264987,0.075461246,0.0071886256,0.16954755783081055
2977,0.19872181,0.19872181,0.06935521,0.063333705,0.006021504,0.1734929084777832
2978,0.1972993,0.1972993,0.0782039,0.07157661,0.0066272905,0.17472338676452637
2979,0.19778614,0.19778614,0.07731348,0.07030963,0.0070038512,0.18067216873168945
2980,0.19702312,0.19702312,0.068543375,0.062017933,0.0065254425,0.17601370811462402,0.07045213,0.07045213
2981,0.19803844,0.19803844,0.07728086,0.07168348,0.0055973744,0.16689395904541016
2982,0.19838074,0.19838074,0.07592434,0.06998972,0.0059346156,0.1740272045135498
2983,0.1982735,0.1982735,0.08094582,0.07322969,0.0077161286,0.17116808891296387
2984,0.20079613,0.20079613,0.07696853,0.07112889,0.0058396365,0.16640353202819824
2985,0.19697481,0.19697481,0.083033115,0.07546133,0.0075717834,0.17963480949401855,0.07064724,0.07064724
2986,0.19696331,0.19696331,0.079882205,0.07416916,0.0057130484,0.1808333396911621
2987,0.1977798,0.1977798,0.07546794,0.0696225,0.005845437,0.18114519119262695
2988,0.1971292,0.1971292,0.075869344,0.069079824,0.0067895227,0.17702794075012207
2989,0.20881414,0.20881414,0.07587801,0.06898531,0.0068926937,0.17490148544311523
2990,0.19831684,0.19831684,0.07420669,0.06845258,0.0057541034,0.17346954345703125,0.078441285,0.078441285
2991,0.20322433,0.20322433,0.08027029,0.07357958,0.006690713,0.16881656646728516
2992,0.20847318,0.20847318,0.07778928,0.0711875,0.006601775,0.17447710037231445
2993,0.20876354,0.20876354,0.08258938,0.07554259,0.0070467903,0.16913962364196777
2994,0.21721154,0.21721154,0.07941524,0.073088534,0.0063267085,0.17569780349731445
2995,0.20669734,0.20669734,0.075307995,0.06979861,0.005509387,0.17522501945495605,0.077562444,0.077562444
2996,0.20945126,0.20945126,0.07358352,0.06833562,0.005247895,0.18013334274291992
2997,0.20825846,0.20825846,0.07770869,0.071759194,0.005949496,0.18262124061584473
2998,0.20609824,0.20609824,0.072527215,0.06725873,0.0052684806,0.17871832847595215
2999,0.20377916,0.20377916,0.06972547,0.06331791,0.0064075603,0.1802682876586914
3000,0.20181759,0.20181759,0.08018523,0.07377056,0.0064146686,0.17842626571655273,0.07580167,0.07580167
3001,0.20844938,0.20844938,0.08239816,0.07571439,0.006683773,0.17395305633544922
3002,0.20020977,0.20020977,0.08540465,0.07779625,0.0076083955,0.17290616035461426
3003,0.20691708,0.20691708,0.07959254,0.07295796,0.006634579,0.17171239852905273
3004,0.20331806,0.20331806,0.07892257,0.07081289,0.008109679,0.17195940017700195
3005,0.20172745,0.20172745,0.08021221,0.072435506,0.0077767083,0.17286396026611328,0.07291537,0.07291537
3006,0.20501126,0.20501126,0.08467439,0.07682289,0.007851499,0.18192076683044434
3007,0.20361587,0.20361587,0.079285696,0.07278503,0.0065006707,0.18059301376342773
3008,0.2013293,0.2013293,0.081980474,0.07575088,0.006229593,0.18189597129821777
3009,0.20319737,0.20319737,0.08756787,0.07898452,0.008583355,0.17418646812438965
3010,0.20096871,0.20096871,0.08186893,0.07601574,0.005853192,0.17084527015686035,0.073244296,0.073244296
3011,0.20007,0.20007,0.084283724,0.07774628,0.0065374444,0.17176485061645508
3012,0.20426324,0.20426324,0.07637752,0.06946964,0.006907878,0.16831469535827637
3013,0.19953002,0.19953002,0.077227645,0.069951676,0.0072759697,0.17145037651062012
3014,0.20336777,0.20336777,0.08145585,0.07457589,0.006879959,0.1718754768371582
3015,0.20157157,0.20157157,0.08077361,0.07469655,0.006077062,0.1813039779663086,0.075126715,0.075126715
3016,0.20095386,0.20095386,0.07605515,0.06795666,0.008098481,0.17491841316223145
3017,0.20189428,0.20189428,0.08339097,0.077246584,0.00614439,0.16660451889038086
3018,0.20207666,0.20207666,0.07337997,0.06727086,0.0061091105,0.16587448120117188
3019,0.20099758,0.20099758,0.080862224,0.07362711,0.0072351154,0.17200064659118652
3020,0.20053299,0.20053299,0.079701215,0.073919706,0.0057815076,0.17206406593322754,0.07333578,0.07333578
3021,0.20076169,0.20076169,0.07128882,0.0664289,0.004859915,0.1665189266204834
3022,0.19927101,0.19927101,0.07594257,0.06952709,0.006415477,0.17596936225891113
3023,0.20054272,0.20054272,0.08309154,0.07517117,0.007920366,0.17563629150390625
3024,0.202605,0.202605,0.07878983,0.07236326,0.0064265695,0.18297934532165527
3025,0.19794454,0.19794454,0.08110665,0.07557134,0.0055353027,0.17466187477111816,0.07203164,0.07203164
3026,0.20133483,0.20133483,0.07929602,0.072243474,0.007052545,0.1633920669555664
3027,0.19835292,0.19835292,0.076408625,0.069761045,0.0066475803,0.16752219200134277
3028,0.1983654,0.1983654,0.07090037,0.06403149,0.0068688816,0.17002010345458984
3029,0.19969779,0.19969779,0.07638839,0.070631534,0.0057568573,0.16822576522827148
3030,0.20002463,0.20002463,0.07550034,0.06760687,0.007893475,0.16741156578063965,0.070832096,0.070832096
3031,0.20317,0.20317,0.07822098,0.07291172,0.0053092614,0.17139649391174316
3032,0.19946183,0.19946183,0.080698416,0.074076,0.0066224197,0.17206454277038574
3033,0.20181093,0.20181093,0.083696485,0.07545219,0.008244294,0.17165136337280273
3034,0.1999792,0.1999792,0.078736186,0.07207753,0.006658656,0.17272067070007324
3035,0.20252398,0.20252398,0.08097516,0.073525175,0.0074499827,0.16864919662475586,0.072242506,0.072242506
3036,0.20010608,0.20010608,0.077489614,0.071460485,0.006029129,0.16951370239257812
3037,0.20122631,0.20122631,0.07085458,0.06557905,0.00527553,0.16350102424621582
3038,0.20352302,0.20352302,0.0804704,0.07358176,0.0068886336,0.16506338119506836
3039,0.20206684,0.20206684,0.078869894,0.072616875,0.0062530213,0.16909193992614746
3040,0.20176624,0.20176624,0.07007848,0.06292159,0.0071568843,0.17249083518981934,0.07313413,0.07313413
3041,0.19973782,0.19973782,0.068794675,0.06305901,0.0057356623,0.16338634490966797
3042,0.20103063,0.20103063,0.08564797,0.07895933,0.0066886367,0.17223262786865234
3043,0.1989145,0.1989145,0.07702768,0.06993441,0.0070932694,0.16611266136169434
3044,0.20063083,0.20063083,0.075304136,0.06986646,0.00543767,0.1641237735748291
3045,0.19945058,0.19945058,0.06530981,0.059199553,0.0061102537,0.17428064346313477,0.072746664,0.072746664
3046,0.19909118,0.19909118,0.07157696,0.0643559,0.0072210557,0.16745257377624512
3047,0.19823757,0.19823757,0.07007427,0.064888425,0.0051858425,0.16449737548828125
3048,0.20087913,0.20087913,0.08062978,0.07401529,0.0066144904,0.1636972427368164
3049,0.20015062,0.20015062,0.07846992,0.071552716,0.006917204,0.16303634643554688
3050,0.20009033,0.20009033,0.078822814,0.07209918,0.006723632,0.16308879852294922,0.07206418,0.07206418
3051,0.20070621,0.20070621,0.06717861,0.060948372,0.006230233,0.162766695022583
3052,0.20132774,0.20132774,0.0754587,0.07003272,0.0054259757,0.16972827911376953
3053,0.20135608,0.20135608,0.07679745,0.071126364,0.005671085,0.17117047309875488
3054,0.20009242,0.20009242,0.07552458,0.06898556,0.006539023,0.171492338180542
3055,0.19827054,0.19827054,0.07595661,0.06990735,0.0060492596,0.1647326946258545,0.070301294,0.070301294
3056,0.19990833,0.19990833,0.07374255,0.0674696,0.006272954,0.17085695266723633
3057,0.19955318,0.19955318,0.0784325,0.07174582,0.0066866823,0.1733872890472412
3058,0.19998103,0.19998103,0.078208566,0.07195096,0.0062576123,0.1771104335784912
3059,0.19845039,0.19845039,0.07388987,0.06639317,0.007496703,0.1731553077697754
3060,0.19947834,0.19947834,0.077920474,0.07135797,0.0065625007,0.17214202880859375,0.070860855,0.070860855
3061,0.197839,0.197839,0.07434353,0.06888278,0.005460753,0.171661376953125
3062,0.20031965,0.20031965,0.08006163,0.07330959,0.0067520393,0.17279505729675293
3063,0.19916405,0.19916405,0.073831536,0.0674838,0.006347741,0.171905517578125
3064,0.19733436,0.19733436,0.076041676,0.06900214,0.0070395414,0.17163944244384766
3065,0.19702536,0.19702536,0.07392326,0.067186646,0.0067366124,0.17258620262145996,0.07017263,0.07017263
3066,0.20102668,0.20102668,0.07545599,0.06819926,0.0072567347,0.18065619468688965
3067,0.19978915,0.19978915,0.07514184,0.06773437,0.0074074683,0.17809486389160156
3068,0.19818176,0.19818176,0.08349425,0.07471465,0.008779601,0.17165350914001465
3069,0.19846953,0.19846953,0.07577035,0.069572374,0.0061979727,0.17556476593017578
3070,0.19900115,0.19900115,0.07594457,0.07020574,0.0057388293,0.17205572128295898,0.07035757,0.07035757
3071,0.19750986,0.19750986,0.081620075,0.07450459,0.0071154856,0.16741347312927246
3072,0.19919929,0.19919929,0.07591638,0.0697921,0.0061242823,0.1710970401763916
3073,0.19992557,0.19992557,0.07421099,0.06747433,0.0067366613,0.1733386516571045
3074,0.20010984,0.20010984,0.0778723,0.071025886,0.0068464116,0.18145203590393066
3075,0.19852734,0.19852734,0.07948475,0.07280626,0.0066784914,0.17395448684692383,0.070196375,0.070196375
3076,0.20029753,0.20029753,0.07640065,0.070510186,0.0058904695,0.17281365394592285
3077,0.19805633,0.19805633,0.081877925,0.073414505,0.008463417,0.17103147506713867
3078,0.1992975,0.1992975,0.074660115,0.06802102,0.006639092,0.17244315147399902
3079,0.19822451,0.19822451,0.08439654,0.079147436,0.0052491073,0.1706409454345703
3080,0.199058,0.199058,0.07311506,0.06743086,0.005684197,0.17083072662353516,0.07024103,0.07024103
3081,0.19969669,0.19969669,0.072042845,0.06569804,0.006344806,0.1723158359527588
3082,0.19703758,0.19703758,0.07769379,0.07036126,0.007332536,0.18058228492736816
3083,0.1981411,0.1981411,0.07545944,0.06785409,0.007605352,0.18112564086914062
3084,0.19687866,0.19687866,0.07537979,0.068617314,0.0067624724,0.1747751235961914
3085,0.19804329,0.19804329,0.071363695,0.064838335,0.006525363,0.17183351516723633,0.07118542,0.07118542
3086,0.19762042,0.19762042,0.08096958,0.07397303,0.006996547,0.1782848834991455
3087,0.19845124,0.19845124,0.07700614,0.06970986,0.0072962763,0.18025636672973633
3088,0.1979963,0.1979963,0.084656656,0.07804139,0.006615263,0.1791365146636963
3089,0.19714777,0.19714777,0.078543834,0.07180179,0.0067420457,0.17882227897644043
3090,0.19790208,0.19790208,0.07909007,0.07286236,0.0062277173,0.17589187622070312,0.0707423,0.0707423
3091,0.19672066,0.19672066,0.07839737,0.07188588,0.0065114964,0.1769564151763916
3092,0.19847414,0.19847414,0.07915596,0.07280696,0.006348994,0.18717193603515625
3093,0.19849338,0.19849338,0.08194034,0.075137734,0.006802606,0.18253397941589355
3094,0.19918694,0.19918694,0.079027444,0.07261608,0.00641137,0.1813206672668457
3095,0.19928747,0.19928747,0.07484257,0.067179345,0.0076632258,0.18110442161560059,0.071093336,0.071093336
3096,0.19725916,0.19725916,0.07591359,0.06897123,0.006942364,0.1759624481201172
3097,0.19803551,0.19803551,0.07797891,0.07216693,0.0058119856,0.17022395133972168
3098,0.19764146,0.19764146,0.08001928,0.07365445,0.006364833,0.1700139045715332
3099,0.19799,0.19799,0.08112594,0.0749919,0.006134041,0.17063593864440918
3100,0.19797543,0.19797543,0.07270508,0.06676191,0.0059431726,0.17076611518859863,0.071561806,0.071561806
3101,0.1971925,0.1971925,0.08240363,0.07570034,0.0067032897,0.17067384719848633
3102,0.19768071,0.19768071,0.077017926,0.070098415,0.0069195135,0.17295289039611816
3103,0.19911148,0.19911148,0.08012701,0.07371328,0.0064137247,0.18558788299560547
3104,0.1969515,0.1969515,0.07784656,0.07156417,0.006282387,0.17717719078063965
3105,0.19700366,0.19700366,0.0808568,0.07412126,0.006735538,0.1787281036376953,0.071637,0.071637
3106,0.19714934,0.19714934,0.07795304,0.07081011,0.007142932,0.17902326583862305
3107,0.1989524,0.1989524,0.074891075,0.06786338,0.007027691,0.17598915100097656
3108,0.19632915,0.19632915,0.07195061,0.06662305,0.00532756,0.1719822883605957
3109,0.19717513,0.19717513,0.07649848,0.06946423,0.0070342515,0.17069220542907715
3110,0.19756778,0.19756778,0.06835394,0.06178948,0.0065644635,0.17091083526611328,0.07140764,0.07140764
3111,0.19659477,0.19659477,0.07418824,0.067464605,0.006723633,0.17197299003601074
3112,0.19714352,0.19714352,0.07061958,0.06412052,0.00649906,0.1801314353942871
3113,0.19673553,0.19673553,0.07236993,0.066816024,0.00555391,0.18087363243103027
3114,0.19796999,0.19796999,0.07850574,0.07136114,0.007144603,0.1778852939605713
3115,0.19897945,0.19897945,0.07134147,0.06458667,0.006754804,0.17299437522888184,0.07101976,0.07101976
3116,0.19609587,0.19609587,0.07403545,0.066934094,0.007101356,0.17292165756225586
3117,0.19671836,0.19671836,0.07537443,0.069168925,0.006205508,0.17767906188964844
3118,0.19817917,0.19817917,0.077783585,0.07008181,0.007701773,0.17093133926391602
3119,0.19704098,0.19704098,0.07881016,0.07183273,0.0069774324,0.1708240509033203
3120,0.19714934,0.19714934,0.078051,0.07124665,0.006804351,0.17167353630065918,0.070798665,0.070798665
3121,0.19961147,0.19961147,0.07474358,0.067954645,0.0067889336,0.17014575004577637
3122,0.1963993,0.1963993,0.071356624,0.06558856,0.005768057,0.1777055263519287
3123,0.19635282,0.19635282,0.073491774,0.06646111,0.0070306626,0.17572975158691406
3124,0.19703288,0.19703288,0.08294895,0.075110175,0.007838778,0.17103028297424316
3125,0.19685306,0.19685306,0.07581912,0.0686332,0.0071859234,0.17221522331237793,0.07089358,0.07089358
3126,0.19690408,0.19690408,0.074116744,0.06786444,0.0062523023,0.17260146141052246
3127,0.19732149,0.19732149,0.07399997,0.067600094,0.006399879,0.1722567081451416
3128,0.19741541,0.19741541,0.0754917,0.070466936,0.0050247586,0.17206668853759766
3129,0.19742788,0.19742788,0.070716634,0.0650612,0.0056554386,0.17331385612487793
3130,0.19716531,0.19716531,0.075805396,0.068964735,0.006840661,0.1833021640777588,0.07074949,0.07074949
3131,0.19861674,0.19861674,0.07485033,0.067669205,0.0071811243,0.17800498008728027
3132,0.19723499,0.19723499,0.07393028,0.06868769,0.005242584,0.17217755317687988
3133,0.1978863,0.1978863,0.073568836,0.06604576,0.0075230724,0.17339420318603516
3134,0.19710651,0.19710651,0.0832423,0.076443784,0.006798515,0.172959566116333
3135,0.1983213,0.1983213,0.08133685,0.07456609,0.006770759,0.1725313663482666,0.07063855,0.07063855
3136,0.1970328,0.1970328,0.08267621,0.07449888,0.008177331,0.1725928783416748
3137,0.19729969,0.19729969,0.07993184,0.07280917,0.007122676,0.17964982986450195
3138,0.19807762,0.19807762,0.08173151,0.07386622,0.007865299,0.17267918586730957
3139,0.19706447,0.19706447,0.07569098,0.06959163,0.0060993494,0.17457199096679688
3140,0.19796924,0.19796924,0.07747807,0.0699131,0.007564974,0.1728811264038086,0.071061276,0.071061276
3141,0.19724746,0.19724746,0.07652744,0.06933252,0.0071949186,0.17283892631530762
3142,0.19770728,0.19770728,0.072478056,0.06623578,0.0062422715,0.1709122657775879
3143,0.19643894,0.19643894,0.080144696,0.07255173,0.007592971,0.16519951820373535
3144,0.19738537,0.19738537,0.07739142,0.07003424,0.00735718,0.1645660400390625
3145,0.19804226,0.19804226,0.075578906,0.06757237,0.008006538,0.1646287441253662,0.07135191,0.07135191
3146,0.19630052,0.19630052,0.07636922,0.06994558,0.0064236377,0.17226719856262207
3147,0.1971192,0.1971192,0.07637855,0.07064347,0.005735074,0.1739959716796875
3148,0.19690795,0.19690795,0.07591941,0.06993581,0.0059836,0.16525006294250488
3149,0.195774,0.195774,0.080810495,0.07323037,0.007580121,0.16517925262451172
3150,0.19656105,0.19656105,0.081740364,0.075114295,0.0066260705,0.166212797164917,0.070994355,0.070994355
3151,0.19680281,0.19680281,0.077798866,0.06903181,0.008767054,0.16517853736877441
3152,0.1968423,0.1968423,0.074805595,0.06807951,0.006726084,0.16538596153259277
3153,0.1968227,0.1968227,0.07472195,0.067845546,0.0068764035,0.16556501388549805
3154,0.19671042,0.19671042,0.072116695,0.0646459,0.007470792,0.17089080810546875
3155,0.1965731,0.1965731,0.071475446,0.064066395,0.007409053,0.17167973518371582,0.07064156,0.07064156
3156,0.19711395,0.19711395,0.07323213,0.06688658,0.0063455463,0.17371439933776855
3157,0.19653927,0.19653927,0.07884524,0.07020562,0.008639619,0.1740424633026123
3158,0.19619791,0.19619791,0.06946812,0.06225399,0.0072141304,0.17724227905273438
3159,0.19755623,0.19755623,0.075507894,0.067344934,0.008162957,0.17371416091918945
3160,0.19607101,0.19607101,0.07781766,0.07049231,0.0073253475,0.17034387588500977,0.070355214,0.070355214
3161,0.19581111,0.19581111,0.072534606,0.0649657,0.0075689047,0.180619478225708
3162,0.19609073,0.19609073,0.0741494,0.066973686,0.0071757147,0.1837623119354248
3163,0.19653888,0.19653888,0.07602714,0.07002743,0.0059997044,0.18117332458496094
3164,0.19632995,0.19632995,0.07380719,0.0665634,0.0072437897,0.17268657684326172
3165,0.19689605,0.19689605,0.07135397,0.0646384,0.0067155766,0.17599201202392578,0.0702073,0.0702073
3166,0.19617742,0.19617742,0.07780034,0.070631474,0.007168865,0.1785721778869629
3167,0.19682296,0.19682296,0.07978948,0.07275466,0.007034825,0.17866921424865723
3168,0.19669318,0.19669318,0.07579847,0.0691155,0.006682973,0.17319893836975098
3169,0.19613323,0.19613323,0.07536221,0.06838215,0.0069800643,0.17183518409729004
3170,0.19641763,0.19641763,0.07595712,0.06901211,0.0069450075,0.17089557647705078,0.07020699,0.07020699
3171,0.19668914,0.19668914,0.07147037,0.06506204,0.0064083324,0.18100976943969727
3172,0.19700374,0.19700374,0.07082685,0.065113336,0.0057135154,0.18053960800170898
3173,0.19617936,0.19617936,0.07779887,0.07115747,0.006641404,0.18004179000854492
3174,0.1963163,0.1963163,0.07726676,0.07118444,0.0060823197,0.17694878578186035
3175,0.19660823,0.19660823,0.072085835,0.0662538,0.00583203,0.17193913459777832,0.070379905,0.070379905
3176,0.1965048,0.1965048,0.08348803,0.07631808,0.0071699526,0.17074346542358398
3177,0.19651328,0.19651328,0.07843921,0.072011925,0.006427285,0.1712055206298828
3178,0.19657199,0.19657199,0.08510414,0.0783471,0.0067570345,0.17445039749145508
3179,0.19730523,0.19730523,0.07610206,0.06939028,0.0067117834,0.17321395874023438
3180,0.19688785,0.19688785,0.06954397,0.06276552,0.006778456,0.18079805374145508,0.07067285,0.07067285
3181,0.19588867,0.19588867,0.07901023,0.07248469,0.0065255496,0.18267488479614258
3182,0.19560058,0.19560058,0.0789286,0.0713776,0.0075509967,0.17765212059020996
3183,0.19612661,0.19612661,0.07648688,0.0699925,0.0064943777,0.17239761352539062
3184,0.19588268,0.19588268,0.07988502,0.07321101,0.006674013,0.171675443649292
3185,0.19583736,0.19583736,0.07708545,0.07088924,0.0061962055,0.17255306243896484,0.07049745,0.07049745
3186,0.19838102,0.19838102,0.07226321,0.065017805,0.0072454102,0.17281126976013184
3187,0.19595993,0.19595993,0.07489118,0.06857762,0.006313561,0.17198681831359863
3188,0.19654675,0.19654675,0.07231358,0.06554129,0.006772284,0.17922258377075195
3189,0.19625467,0.19625467,0.079573445,0.07314344,0.0064300075,0.18518376350402832
3190,0.19599605,0.19599605,0.07281769,0.06542513,0.00739256,0.19833922386169434,0.07051125,0.07051125
3191,0.19615608,0.19615608,0.08120829,0.07489544,0.0063128453,0.17853784561157227
3192,0.19669554,0.19669554,0.071485475,0.065102175,0.0063832975,0.17362570762634277
3193,0.1956345,0.1956345,0.0780547,0.06969827,0.008356427,0.17406487464904785
3194,0.19645153,0.19645153,0.07470736,0.06890343,0.0058039255,0.16423535346984863
3195,0.19596119,0.19596119,0.07367209,0.06717802,0.0064940746,0.16464781761169434,0.0701603,0.0701603
3196,0.1975802,0.1975802,0.08070496,0.07392736,0.0067775967,0.16434574127197266
3197,0.1963685,0.1963685,0.077886,0.071848795,0.0060372036,0.16406822204589844
3198,0.19559185,0.19559185,0.070239976,0.06194476,0.008295217,0.16363143920898438
3199,0.19765888,0.19765888,0.075917535,0.06912236,0.0067951772,0.16300392150878906
3200,0.19672333,0.19672333,0.075593546,0.06839772,0.00719582,0.17377352714538574,0.070542514,0.070542514
3201,0.1966357,0.1966357,0.07502137,0.06696477,0.008056603,0.17094135284423828
3202,0.19744195,0.19744195,0.07405165,0.06691718,0.0071344688,0.17263054847717285
3203,0.19626446,0.19626446,0.078654625,0.071621746,0.007032877,0.16990423202514648
3204,0.19652994,0.19652994,0.07306567,0.06653392,0.0065317447,0.17048048973083496
3205,0.19675991,0.19675991,0.07386386,0.0671287,0.0067351516,0.17165756225585938,0.07076292,0.07076292
3206,0.19641307,0.19641307,0.0696992,0.062466644,0.0072325575,0.17171359062194824
3207,0.19602916,0.19602916,0.076789744,0.06933863,0.0074511184,0.1707901954650879
3208,0.19621573,0.19621573,0.07111014,0.064676546,0.0064335945,0.17165899276733398
3209,0.19632809,0.19632809,0.07852005,0.07162473,0.006895316,0.17069196701049805
3210,0.1962098,0.1962098,0.077479035,0.0689383,0.008540737,0.17023539543151855,0.07034128,0.07034128
3211,0.19618021,0.19618021,0.07460512,0.06837743,0.006227697,0.17003464698791504
3212,0.19688949,0.19688949,0.07859718,0.071460985,0.0071361954,0.17046594619750977
3213,0.19665168,0.19665168,0.07404119,0.06603719,0.008003995,0.17214632034301758
3214,0.19549915,0.19549915,0.07656828,0.07015895,0.006409329,0.1683800220489502
3215,0.1966135,0.1966135,0.0785788,0.07289073,0.0056880675,0.1640772819519043,0.07031449,0.07031449
3216,0.196757,0.196757,0.07345463,0.06694263,0.006512003,0.1634378433227539
3217,0.19634308,0.19634308,0.0830312,0.07471316,0.008318039,0.16398978233337402
3218,0.19698091,0.19698091,0.07229556,0.0659433,0.006352263,0.16455721855163574
3219,0.19681925,0.19681925,0.076148845,0.06811392,0.00803492,0.1632688045501709
3220,0.19630694,0.19630694,0.07581335,0.06782754,0.007985812,0.17055273056030273,0.0708574,0.0708574
3221,0.19885771,0.19885771,0.07934138,0.07216724,0.00717414,0.16765999794006348
3222,0.19599172,0.19599172,0.073372595,0.06667052,0.0067020757,0.16942143440246582
3223,0.19647942,0.19647942,0.07670484,0.06954659,0.0071582464,0.16417670249938965
3224,0.1965691,0.1965691,0.07217905,0.06482722,0.0073518283,0.16440749168395996
3225,0.19596839,0.19596839,0.07057504,0.06430548,0.006269566,0.1695866584777832,0.07133691,0.07133691
3226,0.19684976,0.19684976,0.07729668,0.070801355,0.006495329,0.16558051109313965
3227,0.19614057,0.19614057,0.0806071,0.07493193,0.0056751748,0.16583538055419922
3228,0.19613822,0.19613822,0.07570327,0.06891052,0.006792752,0.16382884979248047
3229,0.19650726,0.19650726,0.07185353,0.0653564,0.0064971275,0.16461896896362305
3230,0.19640094,0.19640094,0.07558504,0.06854879,0.0070362496,0.16369009017944336,0.07105493,0.07105493
3231,0.19647175,0.19647175,0.07635156,0.069560036,0.0067915237,0.16598081588745117
3232,0.1960881,0.1960881,0.07661765,0.07078638,0.0058312737,0.16749882698059082
3233,0.19725108,0.19725108,0.0701245,0.063500844,0.0066236565,0.1627795696258545
3234,0.19608022,0.19608022,0.07365862,0.06694753,0.006711099,0.16435956954956055
3235,0.19781409,0.19781409,0.072236046,0.066501215,0.005734834,0.16982412338256836,0.07083983,0.07083983
3236,0.19650802,0.19650802,0.078465484,0.071126685,0.0073387967,0.16779661178588867
3237,0.19600272,0.19600272,0.077257834,0.06984289,0.007414945,0.16419506072998047
3238,0.19680461,0.19680461,0.08169607,0.07424572,0.007450347,0.17293930053710938
3239,0.19690154,0.19690154,0.08083187,0.07414378,0.006688085,0.17186379432678223
3240,0.19709831,0.19709831,0.071892664,0.065278836,0.00661383,0.16362595558166504,0.071082525,0.071082525
3241,0.19648525,0.19648525,0.076128185,0.068586946,0.007541236,0.16431021690368652
3242,0.19783407,0.19783407,0.07888494,0.07184128,0.0070436606,0.17206859588623047
3243,0.1958334,0.1958334,0.07697655,0.069828056,0.0071484963,0.16506576538085938
3244,0.19600426,0.19600426,0.075296864,0.06647396,0.008822902,0.16441130638122559
3245,0.19707961,0.19707961,0.07414155,0.06743298,0.0067085717,0.16517066955566406,0.070520245,0.070520245
3246,0.19604547,0.19604547,0.07579813,0.06790962,0.007888508,0.17055225372314453
3247,0.19600306,0.19600306,0.079644896,0.07153871,0.008106187,0.17103815078735352
3248,0.19652645,0.19652645,0.07788865,0.07068273,0.0072059236,0.17049670219421387
3249,0.19686127,0.19686127,0.07346093,0.066498525,0.0069624004,0.17174530029296875
3250,0.19685468,0.19685468,0.07232655,0.065783575,0.0065429728,0.17091989517211914,0.070472926,0.070472926
3251,0.19703859,0.19703859,0.07438354,0.06772104,0.006662505,0.17529082298278809
3252,0.19599698,0.19599698,0.07278143,0.06589796,0.0068834685,0.17531418800354004
3253,0.19703467,0.19703467,0.07750913,0.070430845,0.00707828,0.17329645156860352
3254,0.19691142,0.19691142,0.08066758,0.07306833,0.007599246,0.17077350616455078
3255,0.19623302,0.19623302,0.07961451,0.07264832,0.0069661937,0.17346906661987305,0.071234785,0.071234785
3256,0.19726546,0.19726546,0.07544053,0.06843677,0.007003759,0.17205357551574707
3257,0.1972974,0.1972974,0.07390599,0.06791469,0.0059912996,0.17079472541809082
3258,0.19622087,0.19622087,0.06508635,0.05839498,0.006691374,0.17147374153137207
3259,0.1970082,0.1970082,0.07314425,0.06609039,0.007053859,0.1714322566986084
3260,0.19791283,0.19791283,0.079686545,0.072165154,0.0075213923,0.18239808082580566,0.070164055,0.070164055
3261,0.19607273,0.19607273,0.07070398,0.063089125,0.007614855,0.17521095275878906
3262,0.19633204,0.19633204,0.07948719,0.07128378,0.0082034115,0.1726982593536377
3263,0.19641055,0.19641055,0.077427715,0.071054965,0.006372751,0.17098379135131836
3264,0.19647813,0.19647813,0.07947616,0.073016256,0.0064599076,0.17023015022277832
3265,0.19678156,0.19678156,0.07509876,0.06826735,0.006831407,0.17064380645751953,0.07009258,0.07009258
3266,0.19657832,0.19657832,0.07732219,0.07056245,0.0067597437,0.17279505729675293
3267,0.1962012,0.1962012,0.081561424,0.07500568,0.0065557417,0.17217779159545898
3268,0.19696148,0.19696148,0.07134528,0.06508376,0.0062615224,0.17801904678344727
3269,0.19618228,0.19618228,0.08168104,0.07369255,0.00798849,0.17618894577026367
3270,0.19619934,0.19619934,0.070584714,0.064529054,0.006055662,0.17275500297546387,0.070392445,0.070392445
3271,0.19718029,0.19718029,0.0754338,0.06952628,0.005907523,0.17103910446166992
3272,0.19693607,0.19693607,0.072606936,0.06619339,0.0064135515,0.17116355895996094
3273,0.19716728,0.19716728,0.07385301,0.0663885,0.0074645057,0.17076611518859863
3274,0.1961211,0.1961211,0.08219496,0.07484702,0.007347939,0.17059588432312012
3275,0.1961132,0.1961132,0.07670421,0.07020211,0.0065021,0.17025995254516602,0.07011608,0.07011608
3276,0.19649848,0.19649848,0.07433649,0.06733223,0.0070042587,0.17451810836791992
3277,0.19575317,0.19575317,0.07694325,0.070884496,0.006058752,0.1724252700805664
3278,0.1959143,0.1959143,0.07074988,0.064061694,0.006688183,0.17238497734069824
3279,0.19680521,0.19680521,0.07871798,0.07062376,0.008094216,0.17100048065185547
3280,0.19579993,0.19579993,0.07611521,0.06914009,0.00697512,0.17102289199829102,0.07010162,0.07010162
3281,0.19597013,0.19597013,0.07397255,0.066851296,0.007121258,0.1702113151550293
3282,0.19610389,0.19610389,0.06809598,0.0615722,0.006523777,0.17224383354187012
3283,0.19580556,0.19580556,0.07611469,0.069820955,0.006293739,0.17293953895568848
3284,0.19592609,0.19592609,0.07827531,0.07032241,0.007952896,0.16627836227416992
3285,0.19559726,0.19559726,0.0777671,0.06962962,0.008137482,0.16333889961242676,0.06997643,0.06997643
3286,0.195543,0.195543,0.07395873,0.06669823,0.0072605014,0.16472125053405762
3287,0.1977053,0.1977053,0.07424796,0.06713907,0.0071088877,0.16344118118286133
3288,0.1972536,0.1972536,0.071558416,0.063213214,0.008345198,0.16323161125183105
3289,0.19646028,0.19646028,0.07996404,0.071398295,0.0085657425,0.16903018951416016
3290,0.19557105,0.19557105,0.0723579,0.06564349,0.006714408,0.16315126419067383,0.07030554,0.07030554
3291,0.19683181,0.19683181,0.07562496,0.06956086,0.006064092,0.17085886001586914
3292,0.19569165,0.19569165,0.07585034,0.06818283,0.0076675047,0.17275357246398926
3293,0.19592968,0.19592968,0.0718476,0.06424816,0.007599447,0.17041563987731934
3294,0.19566192,0.19566192,0.07434643,0.067096956,0.0072494736,0.17357230186462402
3295,0.19629562,0.19629562,0.0749544,0.06907435,0.0058800476,0.16532349586486816,0.07064722,0.07064722
3296,0.19613142,0.19613142,0.07460775,0.06763068,0.0069770743,0.17227697372436523
3297,0.19604461,0.19604461,0.077254,0.069501825,0.00775217,0.17618513107299805
3298,0.19557714,0.19557714,0.07858853,0.07094421,0.0076443143,0.17774128913879395
3299,0.19656776,0.19656776,0.07190292,0.06586129,0.006041631,0.1734156608581543
3300,0.19580324,0.19580324,0.08488783,0.0770164,0.007871438,0.1701045036315918,0.07017434,0.07017434
3301,0.19641262,0.19641262,0.07598345,0.06907663,0.006906823,0.1663377285003662
3302,0.19600818,0.19600818,0.072406545,0.06533643,0.007070114,0.16272377967834473
3303,0.19664839,0.19664839,0.07997029,0.07318888,0.006781415,0.16418862342834473
3304,0.19583946,0.19583946,0.07728026,0.071367234,0.005913026,0.16364526748657227
3305,0.19603561,0.19603561,0.08364834,0.07717137,0.006476968,0.1709575653076172,0.06979893,0.06979893
3306,0.19692059,0.19692059,0.071147196,0.06438969,0.006757507,0.16794919967651367
3307,0.19724794,0.19724794,0.077619806,0.06932583,0.008293979,0.1630094051361084
3308,0.19581433,0.19581433,0.07984799,0.072907045,0.0069409437,0.1641981601715088
3309,0.19582163,0.19582163,0.07590982,0.06931365,0.0065961666,0.16380906105041504
3310,0.19566034,0.19566034,0.07240839,0.066280514,0.006127878,0.1653454303741455,0.070488356,0.070488356
3311,0.19581866,0.19581866,0.0804319,0.07432893,0.006102974,0.17278361320495605
3312,0.19789672,0.19789672,0.07326615,0.06747513,0.005791016,0.1778416633605957
3313,0.19556823,0.19556823,0.07845998,0.071267046,0.007192934,0.1690976619720459
3314,0.19571897,0.19571897,0.07242792,0.0655134,0.006914521,0.16496634483337402
3315,0.19600067,0.19600067,0.08090468,0.07352462,0.0073800613,0.17141485214233398,0.070409365,0.070409365
3316,0.19587184,0.19587184,0.081698775,0.07509114,0.00660764,0.1726524829864502
3317,0.19562289,0.19562289,0.077663526,0.071452804,0.006210725,0.1693713665008545
3318,0.19608375,0.19608375,0.07514121,0.0685126,0.0066286027,0.16341209411621094
3319,0.19579867,0.19579867,0.073514834,0.06609661,0.0074182246,0.1677112579345703
3320,0.19573398,0.19573398,0.07076485,0.06353872,0.0072261216,0.17307114601135254,0.07010968,0.07010968
3321,0.19584484,0.19584484,0.06956036,0.06377888,0.005781476,0.17240095138549805
3322,0.19550319,0.19550319,0.06865435,0.062278565,0.0063757845,0.1708989143371582
3323,0.19552995,0.19552995,0.08237565,0.07482526,0.0075503974,0.16507458686828613
3324,0.1957307,0.1957307,0.072294906,0.06530577,0.006989137,0.16361498832702637
3325,0.19572476,0.19572476,0.0839632,0.0764515,0.0075116996,0.16812944412231445,0.0700604,0.0700604
3326,0.19696376,0.19696376,0.07915573,0.07086014,0.008295586,0.1667470932006836
3327,0.19636169,0.19636169,0.08180322,0.07374886,0.008054364,0.1654517650604248
3328,0.19659638,0.19659638,0.071381636,0.065620735,0.005760903,0.1655137538909912
3329,0.19608036,0.19608036,0.07886337,0.07209131,0.006772056,0.17243599891662598
3330,0.1955211,0.1955211,0.07313437,0.06592101,0.007213363,0.17206597328186035,0.06988196,0.06988196
3331,0.19567014,0.19567014,0.076242566,0.06903968,0.007202884,0.17222237586975098
3332,0.19617224,0.19617224,0.07691418,0.069622144,0.007292035,0.1766812801361084
3333,0.19535561,0.19535561,0.07742931,0.06912829,0.008301016,0.1788771152496338
3334,0.19606063,0.19606063,0.076355636,0.06786727,0.008488366,0.17685723304748535
3335,0.19668247,0.19668247,0.080977984,0.073532395,0.007445588,0.1755678653717041,0.07031358,0.07031358
3336,0.19538082,0.19538082,0.06822479,0.06261012,0.0056146714,0.1824779510498047
3337,0.19615094,0.19615094,0.078178085,0.07066834,0.0075097457,0.18115472793579102
3338,0.1959141,0.1959141,0.07704433,0.06848075,0.008563578,0.18013215065002441
3339,0.19616988,0.19616988,0.071108006,0.06344134,0.0076666637,0.17064929008483887
3340,0.19534342,0.19534342,0.079254396,0.07152155,0.007732846,0.17927980422973633,0.07012295,0.07012295
3341,0.19588478,0.19588478,0.067402646,0.05954591,0.007856738,0.17341279983520508
3342,0.19564909,0.19564909,0.07758947,0.06813641,0.00945306,0.1775965690612793
3343,0.19541611,0.19541611,0.07379406,0.06669937,0.007094687,0.18675541877746582
3344,0.1953551,0.1953551,0.077677056,0.07116704,0.0065100216,0.18228769302368164
3345,0.19731319,0.19731319,0.0793896,0.071752824,0.0076367776,0.17850351333618164,0.07021006,0.07021006
3346,0.1962204,0.1962204,0.07891427,0.07140919,0.0075050853,0.17820191383361816
3347,0.19622165,0.19622165,0.075098574,0.06863669,0.006461883,0.17845439910888672
3348,0.19533676,0.19533676,0.079998426,0.073540986,0.0064574433,0.17777538299560547
3349,0.19768718,0.19768718,0.075803086,0.067904174,0.007898908,0.17747116088867188
3350,0.1959426,0.1959426,0.070191965,0.06395939,0.0062325746,0.17631936073303223,0.071129985,0.071129985
3351,0.19615331,0.19615331,0.07532281,0.06788033,0.007442477,0.1782057285308838
3352,0.19608329,0.19608329,0.07346502,0.066015266,0.0074497536,0.17867207527160645
3353,0.19675013,0.19675013,0.07703375,0.0690007,0.008033053,0.17712068557739258
3354,0.19628745,0.19628745,0.07846261,0.070872694,0.007589912,0.17388463020324707
3355,0.19815631,0.19815631,0.07243057,0.066251606,0.006178967,0.18802809715270996,0.06977181,0.06977181
3356,0.19574057,0.19574057,0.07292117,0.06542193,0.0074992366,0.18829870223999023
3357,0.19828434,0.19828434,0.07549641,0.06927355,0.0062228693,0.1851203441619873
3358,0.19605502,0.19605502,0.07672423,0.06850073,0.008223502,0.17141032218933105
3359,0.19739276,0.19739276,0.07102145,0.06426518,0.0067562726,0.17060613632202148
3360,0.1966851,0.1966851,0.08187219,0.07439821,0.0074739787,0.17235827445983887,0.070079796,0.070079796
3361,0.19741409,0.19741409,0.07913078,0.07057516,0.008555625,0.1725780963897705
3362,0.19775379,0.19775379,0.081738025,0.073512696,0.00822533,0.1757667064666748
3363,0.19918533,0.19918533,0.07513617,0.067636795,0.0074993707,0.17337632179260254
3364,0.19923921,0.19923921,0.077954285,0.069761634,0.008192649,0.17509055137634277
3365,0.19966651,0.19966651,0.07422858,0.06700451,0.0072240713,0.1826801300048828,0.070480734,0.070480734
3366,0.19787559,0.19787559,0.07428104,0.06662725,0.0076537877,0.17552447319030762
3367,0.1962002,0.1962002,0.07699297,0.069450594,0.007542382,0.1767866611480713
3368,0.19923632,0.19923632,0.07488139,0.06659624,0.008285151,0.17534518241882324
3369,0.20027518,0.20027518,0.078624934,0.07261184,0.006013094,0.17327642440795898
3370,0.19842349,0.19842349,0.074631825,0.06769033,0.0069414987,0.17488956451416016,0.07066803,0.07066803
3371,0.19840094,0.19840094,0.07396928,0.066801384,0.007167899,0.17218852043151855
3372,0.19657257,0.19657257,0.074613445,0.06706333,0.007550115,0.1716470718383789
3373,0.19777694,0.19777694,0.07991725,0.072544605,0.0073726443,0.17194199562072754
3374,0.19814272,0.19814272,0.07721106,0.07029872,0.0069123427,0.17546963691711426
3375,0.1976924,0.1976924,0.07453458,0.06721107,0.007323511,0.17753124237060547,0.07088678,0.07088678
3376,0.20203102,0.20203102,0.074130416,0.067148395,0.006982023,0.17409729957580566
3377,0.19707443,0.19707443,0.075361304,0.06849091,0.0068703946,0.1730821132659912
3378,0.20180698,0.20180698,0.073983386,0.067135744,0.0068476414,0.17293071746826172
3379,0.19787031,0.19787031,0.07728257,0.06954777,0.0077348007,0.17191624641418457
3380,0.19956285,0.19956285,0.075688794,0.06721356,0.008475239,0.17278265953063965,0.06965659,0.06965659
3381,0.1981343,0.1981343,0.069251075,0.061337244,0.00791383,0.1717979907989502
3382,0.19769542,0.19769542,0.07123512,0.0632445,0.007990624,0.17340898513793945
3383,0.1983587,0.1983587,0.07697245,0.07009431,0.0068781367,0.18462824821472168
3384,0.19643943,0.19643943,0.07804414,0.07122421,0.0068199253,0.17695879936218262
3385,0.19752331,0.19752331,0.07317474,0.066348955,0.0068257796,0.17576885223388672,0.07100709,0.07100709
3386,0.19770747,0.19770747,0.0690868,0.06202217,0.007064631,0.17547202110290527
3387,0.19734535,0.19734535,0.07319642,0.06537969,0.007816731,0.17250537872314453
3388,0.19734965,0.19734965,0.07342642,0.06631983,0.0071065873,0.1718146800994873
3389,0.19764434,0.19764434,0.07518697,0.06766899,0.007517982,0.17110586166381836
3390,0.19699684,0.19699684,0.074860364,0.068493016,0.006367347,0.17125797271728516,0.07122548,0.07122548
3391,0.196786,0.196786,0.068912916,0.061329912,0.0075830026,0.18018770217895508
3392,0.19921061,0.19921061,0.07231836,0.064632125,0.0076862313,0.1814568042755127
3393,0.19637294,0.19637294,0.076235734,0.0683158,0.007919938,0.18169760704040527
3394,0.19969317,0.19969317,0.07908105,0.07141916,0.007661891,0.1752939224243164
3395,0.19926468,0.19926468,0.0716482,0.064972326,0.006675876,0.1717231273651123,0.06959553,0.06959553
3396,0.20446739,0.20446739,0.079252996,0.070913695,0.008339299,0.1718592643737793
3397,0.19997594,0.19997594,0.07779437,0.06953401,0.008260363,0.171828031539917
3398,0.22396037,0.22396037,0.06803987,0.06175576,0.0062841084,0.17229986190795898
3399,0.21478367,0.21478367,0.06855158,0.062212378,0.0063391994,0.1725618839263916
3400,0.23666331,0.23666331,0.076354235,0.06928714,0.007067093,0.17339134216308594,0.18217385,0.18217385
3401,0.25283897,0.25283897,0.07509648,0.06813441,0.0069620665,0.18139052391052246
3402,0.25226727,0.25226727,0.07390646,0.06653157,0.0073748906,0.18282485008239746
3403,0.23505466,0.23505466,0.07209472,0.06583322,0.006261504,0.18093013763427734
3404,0.24329555,0.24329555,0.074618675,0.067515224,0.007103451,0.17279815673828125
3405,0.2234278,0.2234278,0.073385715,0.06637483,0.007010884,0.17201852798461914,0.07952013,0.07952013
3406,0.21288048,0.21288048,0.07902794,0.07115268,0.007875266,0.17164278030395508
3407,0.21699248,0.21699248,0.08492278,0.076965064,0.007957718,0.17259979248046875
3408,0.2175853,0.2175853,0.07514863,0.06788696,0.0072616646,0.17162752151489258
3409,0.22427239,0.22427239,0.07708539,0.06996276,0.0071226293,0.17281246185302734
3410,0.21216872,0.21216872,0.0804057,0.07205621,0.008349487,0.1750185489654541,0.07269003,0.07269003
3411,0.2119566,0.2119566,0.077687114,0.06953585,0.00815126,0.1736619472503662
3412,0.207234,0.207234,0.07697695,0.06941735,0.007559595,0.17224884033203125
3413,0.21357203,0.21357203,0.07772728,0.07022112,0.0075061615,0.17327570915222168
3414,0.20744026,0.20744026,0.07248411,0.065107964,0.007376148,0.17357492446899414
3415,0.20894912,0.20894912,0.0801999,0.07296613,0.007233765,0.17214560508728027,0.077157214,0.077157214
3416,0.20688571,0.20688571,0.07383692,0.066140436,0.00769649,0.16564106941223145
3417,0.20503557,0.20503557,0.06711537,0.06130642,0.0058089457,0.17318105697631836
3418,0.21035503,0.21035503,0.0756787,0.06891588,0.0067628194,0.1753246784210205
3419,0.20626995,0.20626995,0.076680884,0.07066503,0.0060158498,0.1787562370300293
3420,0.20649512,0.20649512,0.07301621,0.06712033,0.005895885,0.1745138168334961,0.07419483,0.07419483
3421,0.20589392,0.20589392,0.07559021,0.067361996,0.008228213,0.17079687118530273
3422,0.20826939,0.20826939,0.07818748,0.07053523,0.007652253,0.17083287239074707
3423,0.20247345,0.20247345,0.082606524,0.07496897,0.0076375525,0.17155194282531738
3424,0.20602089,0.20602089,0.08222882,0.07377598,0.008452839,0.17369294166564941
3425,0.20300533,0.20300533,0.07433578,0.06587942,0.008456363,0.17166519165039062,0.07216024,0.07216024
3426,0.20210777,0.20210777,0.07610864,0.06836398,0.0077446615,0.1714627742767334
3427,0.20307454,0.20307454,0.07974387,0.07282321,0.00692066,0.17903995513916016
3428,0.19983009,0.19983009,0.076992445,0.06876143,0.008231016,0.17180299758911133
3429,0.20238231,0.20238231,0.07845296,0.07076201,0.0076909526,0.1708676815032959
3430,0.20192313,0.20192313,0.07066539,0.06386132,0.006804073,0.16823983192443848,0.07136818,0.07136818
3431,0.2029126,0.2029126,0.08068587,0.072782226,0.007903644,0.17375564575195312
3432,0.200883,0.200883,0.07820705,0.07000369,0.008203367,0.1714317798614502
3433,0.1998168,0.1998168,0.078846715,0.07230147,0.0065452433,0.16682910919189453
3434,0.20128624,0.20128624,0.076577075,0.06847639,0.008100686,0.1728050708770752
3435,0.2022165,0.2022165,0.08047226,0.07240961,0.008062657,0.18114352226257324,0.070343204,0.070343204
3436,0.2008357,0.2008357,0.07194707,0.065322205,0.006624866,0.17959928512573242
3437,0.20015077,0.20015077,0.076280504,0.068210326,0.008070177,0.17240023612976074
3438,0.20312572,0.20312572,0.08098809,0.072623566,0.008364522,0.17107653617858887
3439,0.20632221,0.20632221,0.07858908,0.07170029,0.006888792,0.1675703525543213
3440,0.2005764,0.2005764,0.07398639,0.067298524,0.0066878637,0.17053914070129395,0.070230685,0.070230685
3441,0.20023483,0.20023483,0.07238281,0.06502977,0.0073530357,0.17118263244628906
3442,0.20004813,0.20004813,0.07656776,0.06888124,0.007686521,0.17793679237365723
3443,0.20015042,0.20015042,0.072503515,0.066953525,0.0055499864,0.1714017391204834
3444,0.20203522,0.20203522,0.07675241,0.07009753,0.006654878,0.17241215705871582
3445,0.20910724,0.20910724,0.07647186,0.06843084,0.008041015,0.1727297306060791,0.07315153,0.07315153
3446,0.20756088,0.20756088,0.0726573,0.06641605,0.006241257,0.17115426063537598
3447,0.20462611,0.20462611,0.07517988,0.06879757,0.006382311,0.1717672348022461
3448,0.20102665,0.20102665,0.06940244,0.061542705,0.007859733,0.17195749282836914
3449,0.20101127,0.20101127,0.07320496,0.06622822,0.006976737,0.17111825942993164
3450,0.20195976,0.20195976,0.06958714,0.063832924,0.005754215,0.17119193077087402,0.07158896,0.07158896
3451,0.19913818,0.19913818,0.08136688,0.07515506,0.006211828,0.18222832679748535
3452,0.20012483,0.20012483,0.07674554,0.06963995,0.0071055917,0.18160510063171387
3453,0.20226315,0.20226315,0.07245701,0.06569376,0.006763248,0.1795799732208252
3454,0.19775088,0.19775088,0.07418525,0.06572721,0.008458037,0.17372345924377441
3455,0.20048589,0.20048589,0.06750223,0.060902495,0.0065997364,0.17168664932250977,0.071376435,0.071376435
3456,0.20047203,0.20047203,0.07333566,0.06568581,0.007649857,0.17147588729858398
3457,0.20001374,0.20001374,0.07528814,0.068470284,0.0068178535,0.17140579223632812
3458,0.20183109,0.20183109,0.079329126,0.071069635,0.00825949,0.17200779914855957
3459,0.19904688,0.19904688,0.075549446,0.06889647,0.006652974,0.1714785099029541
3460,0.20023803,0.20023803,0.07739459,0.06938315,0.008011438,0.1791400909423828,0.07038331,0.07038331
3461,0.19945987,0.19945987,0.079186454,0.07169541,0.0074910484,0.17494797706604004
3462,0.19951345,0.19951345,0.07572261,0.068995476,0.0067271353,0.17177629470825195
3463,0.19970576,0.19970576,0.07560452,0.068258956,0.0073455675,0.17090272903442383
3464,0.19824351,0.19824351,0.08120662,0.071620256,0.009586365,0.1747269630432129
3465,0.19683978,0.19683978,0.07527928,0.067311525,0.007967758,0.17161226272583008,0.07056608,0.07056608
3466,0.19899113,0.19899113,0.078907385,0.07147303,0.00743435,0.17206573486328125
3467,0.19814423,0.19814423,0.070999414,0.064068705,0.0069307084,0.1717989444732666
3468,0.19980033,0.19980033,0.07443017,0.067687154,0.006743017,0.17590761184692383
3469,0.19960676,0.19960676,0.0768932,0.069552414,0.00734079,0.17850041389465332
3470,0.19870037,0.19870037,0.07296974,0.06563439,0.0073353522,0.17993474006652832,0.070801154,0.070801154
3471,0.19815548,0.19815548,0.07101319,0.06453692,0.006476269,0.17705011367797852
3472,0.20144832,0.20144832,0.074859865,0.06797793,0.0068819374,0.17198920249938965
3473,0.19828959,0.19828959,0.07056798,0.06406968,0.0064983033,0.17097234725952148
3474,0.1974677,0.1974677,0.07568062,0.06807704,0.007603579,0.17255592346191406
3475,0.19975498,0.19975498,0.07393706,0.066921934,0.007015121,0.17074203491210938,0.07060611,0.07060611
3476,0.19850025,0.19850025,0.07404893,0.066401854,0.007647076,0.17361736297607422
3477,0.19846408,0.19846408,0.078791656,0.06986286,0.008928801,0.18090009689331055
3478,0.19774534,0.19774534,0.075569585,0.06713799,0.0084315995,0.18374395370483398
3479,0.19783655,0.19783655,0.069797546,0.062646285,0.0071512624,0.17398524284362793
3480,0.1976053,0.1976053,0.0769468,0.069840975,0.00710583,0.17140865325927734,0.07094877,0.07094877
3481,0.19792922,0.19792922,0.07174422,0.064316116,0.0074281003,0.17142271995544434
3482,0.1984294,0.1984294,0.07718986,0.06923975,0.007950115,0.17154240608215332
3483,0.19733769,0.19733769,0.07214795,0.06494933,0.0071986145,0.1716768741607666
3484,0.19967528,0.19967528,0.07889039,0.07031742,0.0085729705,0.17139029502868652
3485,0.19750275,0.19750275,0.07390713,0.06751698,0.006390145,0.17357969284057617,0.07098631,0.07098631
3486,0.1990726,0.1990726,0.074222974,0.06699556,0.007227411,0.18172931671142578
3487,0.19647723,0.19647723,0.07843973,0.07121029,0.0072294394,0.17703700065612793
3488,0.19769627,0.19769627,0.076184966,0.06852296,0.0076620076,0.1773386001586914
3489,0.19648436,0.19648436,0.07627926,0.06858697,0.0076922923,0.17238450050354004
3490,0.1971829,0.1971829,0.080474325,0.07291919,0.0075551365,0.16653871536254883,0.07100401,0.07100401
3491,0.19705293,0.19705293,0.07624235,0.0686145,0.0076278555,0.17190265655517578
3492,0.19741428,0.19741428,0.07522727,0.068432346,0.006794921,0.1784515380859375
3493,0.19785598,0.19785598,0.075666726,0.06690276,0.008763965,0.1741950511932373
3494,0.20807725,0.20807725,0.079036005,0.07105314,0.007982868,0.17136454582214355
3495,0.19708477,0.19708477,0.06925993,0.061790116,0.0074698124,0.17448663711547852,0.072902285,0.072902285
3496,0.19972719,0.19972719,0.06966502,0.06193239,0.007732631,0.17664527893066406
3497,0.2075819,0.2075819,0.07434412,0.06627651,0.008067605,0.16484308242797852
3498,0.20355585,0.20355585,0.07821857,0.07011599,0.008102584,0.17154312133789062
3499,0.20365363,0.20365363,0.07433099,0.06637164,0.007959351,0.16693639755249023
3500,0.21797442,0.21797442,0.08200729,0.07388194,0.008125346,0.1705763339996338,0.073842116,0.073842116
3501,0.20296066,0.20296066,0.06897028,0.06283884,0.0061314413,0.17340970039367676
3502,0.20314677,0.20314677,0.078049295,0.07109999,0.006949308,0.1753828525543213
3503,0.2021611,0.2021611,0.080102354,0.07240797,0.007694384,0.18092107772827148
3504,0.20362729,0.20362729,0.069951795,0.06155684,0.008394954,0.18444395065307617
3505,0.20148045,0.20148045,0.06860476,0.06194625,0.006658507,0.180711030960083,0.07463851,0.07463851
3506,0.20074749,0.20074749,0.07316583,0.06558529,0.007580536,0.1744706630706787
3507,0.20199555,0.20199555,0.07811859,0.07129445,0.006824143,0.16745805740356445
3508,0.2015635,0.2015635,0.07787796,0.071110085,0.006767873,0.1731102466583252
3509,0.20258838,0.20258838,0.07342237,0.066853076,0.0065692994,0.17055201530456543
3510,0.20119493,0.20119493,0.07736124,0.06861434,0.008746901,0.16737675666809082,0.07222565,0.07222565
3511,0.20016186,0.20016186,0.077703044,0.07060557,0.0070974776,0.1702125072479248
3512,0.20886832,0.20886832,0.075943194,0.06858863,0.0073545654,0.16986393928527832
3513,0.19908431,0.19908431,0.07419978,0.06570305,0.008496735,0.16658306121826172
3514,0.19931358,0.19931358,0.08395653,0.07592835,0.008028177,0.17127776145935059
3515,0.19957988,0.19957988,0.073274784,0.06727605,0.0059987316,0.17142653465270996,0.07428666,0.07428666
3516,0.19818245,0.19818245,0.07833398,0.0713079,0.0070260824,0.1712329387664795
3517,0.20295183,0.20295183,0.07383544,0.06628836,0.0075470814,0.16624760627746582
3518,0.20066932,0.20066932,0.0723499,0.0654095,0.0069404026,0.1714637279510498
3519,0.1985115,0.1985115,0.07687371,0.06977581,0.0070979013,0.1795215606689453
3520,0.20233211,0.20233211,0.08087637,0.0739139,0.006962469,0.17278242111206055,0.074418254,0.074418254
3521,0.20062144,0.20062144,0.07623171,0.06813508,0.008096625,0.17126989364624023
3522,0.19961949,0.19961949,0.07533032,0.067544706,0.007785608,0.17129039764404297
3523,0.19862434,0.19862434,0.07423831,0.06767335,0.006564959,0.16611003875732422
3524,0.19897158,0.19897158,0.0779594,0.07055203,0.007407378,0.1713104248046875
3525,0.1981963,0.1981963,0.077739954,0.06968609,0.008053864,0.17063403129577637,0.0746987,0.0746987
3526,0.19858146,0.19858146,0.07585983,0.067748345,0.008111488,0.1709291934967041
3527,0.19898042,0.19898042,0.06995771,0.06267216,0.0072855507,0.17277240753173828
3528,0.20005281,0.20005281,0.0702938,0.064201914,0.0060918825,0.17743420600891113
3529,0.19967087,0.19967087,0.07487333,0.06754289,0.0073304395,0.17137479782104492
3530,0.19863087,0.19863087,0.06814975,0.061401732,0.0067480206,0.17223262786865234,0.07401616,0.07401616
3531,0.19804744,0.19804744,0.07157146,0.064458355,0.0071131084,0.17205500602722168
3532,0.19756272,0.19756272,0.07648638,0.07003674,0.0064496375,0.17222189903259277
3533,0.19693361,0.19693361,0.07713966,0.06973352,0.0074061383,0.1723771095275879
3534,0.1972316,0.1972316,0.07814222,0.07129237,0.0068498505,0.17151522636413574
3535,0.19685592,0.19685592,0.079769574,0.07213499,0.007634585,0.17704081535339355,0.07271652,0.07271652
3536,0.1987643,0.1987643,0.079888515,0.07217907,0.0077094464,0.17531967163085938
3537,0.19876292,0.19876292,0.07302376,0.06517012,0.007853639,0.172882080078125
3538,0.19930011,0.19930011,0.07462942,0.06595428,0.008675133,0.17168664932250977
3539,0.19733368,0.19733368,0.076845184,0.06952075,0.0073244344,0.17189836502075195
3540,0.19917408,0.19917408,0.074574485,0.06682856,0.007745927,0.17280125617980957,0.07374993,0.07374993
3541,0.1981678,0.1981678,0.07728759,0.070159204,0.0071283886,0.17202401161193848
3542,0.1976548,0.1976548,0.07402082,0.06676191,0.0072589107,0.17090344429016113
3543,0.19786258,0.19786258,0.074351154,0.06741082,0.0069403383,0.17812252044677734
3544,0.19666453,0.19666453,0.06737135,0.05953832,0.0078330375,0.1694936752319336
3545,0.1978207,0.1978207,0.08565437,0.07788425,0.0077701206,0.17203712463378906,0.073752314,0.073752314
3546,0.20144714,0.20144714,0.07706525,0.06927256,0.007792686,0.1712937355041504
3547,0.19667934,0.19667934,0.0791494,0.07094696,0.008202442,0.1715538501739502
3548,0.1969099,0.1969099,0.07825279,0.07159723,0.0066555594,0.17272377014160156
3549,0.1977566,0.1977566,0.07443707,0.06664022,0.007796848,0.17130041122436523
3550,0.19839294,0.19839294,0.07525856,0.06889412,0.0063644424,0.17169976234436035,0.07326697,0.07326697
3551,0.19882733,0.19882733,0.06977815,0.06138612,0.008392033,0.18148326873779297
3552,0.19768317,0.19768317,0.0782944,0.07064088,0.00765352,0.1819760799407959
3553,0.19941278,0.19941278,0.07352741,0.06672811,0.0067993,0.18322396278381348
3554,0.19626209,0.19626209,0.07399118,0.06569278,0.008298396,0.1803419589996338
3555,0.19639537,0.19639537,0.07020315,0.06368139,0.0065217623,0.1733846664428711,0.07352882,0.07352882
3556,0.19688444,0.19688444,0.07250387,0.065215334,0.007288537,0.17266011238098145
3557,0.19699743,0.19699743,0.068103135,0.06010733,0.007995807,0.1722428798675537
3558,0.19716169,0.19716169,0.083640926,0.07545834,0.008182587,0.17298007011413574
3559,0.19748394,0.19748394,0.07357252,0.06627137,0.0073011434,0.1718895435333252
3560,0.19712584,0.19712584,0.07254706,0.06535564,0.0071914177,0.17067885398864746,0.073383175,0.073383175
3561,0.19674705,0.19674705,0.07518521,0.06729433,0.007890884,0.17863988876342773
3562,0.19628231,0.19628231,0.07323355,0.0655432,0.007690354,0.1820669174194336
3563,0.1964489,0.1964489,0.0682414,0.063414,0.0048274063,0.17710065841674805
3564,0.19679089,0.19679089,0.07311902,0.06657292,0.0065461053,0.1725480556488037
3565,0.19632667,0.19632667,0.07748168,0.06979179,0.0076898946,0.17097759246826172,0.07283744,0.07283744
3566,0.19678497,0.19678497,0.078677244,0.07145503,0.0072222133,0.1715080738067627
3567,0.19607544,0.19607544,0.074318886,0.06715337,0.007165513,0.1709291934967041
3568,0.19835404,0.19835404,0.075348996,0.06730529,0.0080437055,0.17113661766052246
3569,0.19662361,0.19662361,0.06674569,0.061254483,0.005491209,0.1708235740661621
3570,0.19630207,0.19630207,0.070462495,0.064736634,0.0057258583,0.17652511596679688,0.07333974,0.07333974
3571,0.1967168,0.1967168,0.07222481,0.06528101,0.0069437968,0.1742570400238037
3572,0.1965243,0.1965243,0.07982507,0.072250165,0.0075749066,0.1730494499206543
3573,0.19643106,0.19643106,0.0811523,0.072111994,0.0090403035,0.1739957332611084
3574,0.19694671,0.19694671,0.07875029,0.071482986,0.0072673056,0.17118120193481445
3575,0.19712313,0.19712313,0.08243849,0.07524911,0.007189378,0.17117881774902344,0.07320374,0.07320374
3576,0.19713438,0.19713438,0.074679226,0.06664558,0.008033648,0.17192482948303223
3577,0.19696932,0.19696932,0.069693916,0.061074767,0.008619151,0.17170000076293945
3578,0.19636914,0.19636914,0.08225393,0.07363936,0.008614567,0.17655658721923828
3579,0.19594216,0.19594216,0.07462147,0.06816581,0.0064556585,0.17943644523620605
3580,0.19624713,0.19624713,0.07100787,0.063873775,0.0071340925,0.17451834678649902,0.072479926,0.072479926
3581,0.19655636,0.19655636,0.06893956,0.061169866,0.0077696946,0.1732022762298584
3582,0.19627927,0.19627927,0.075574584,0.068294376,0.0072802114,0.17216825485229492
3583,0.19611049,0.19611049,0.07129271,0.06424929,0.0070434236,0.17237186431884766
3584,0.19598351,0.19598351,0.080969244,0.07316337,0.0078058774,0.17488622665405273
3585,0.19632149,0.19632149,0.07840143,0.07155617,0.006845261,0.17159104347229004,0.07196089,0.07196089
3586,0.19624786,0.19624786,0.06992337,0.062504165,0.0074192034,0.1716465950012207
3587,0.19695158,0.19695158,0.07584052,0.06786412,0.007976396,0.1758408546447754
3588,0.19571662,0.19571662,0.06919812,0.061630093,0.007568026,0.17441105842590332
3589,0.19638579,0.19638579,0.07568332,0.067699105,0.007984211,0.17100071907043457
3590,0.19745004,0.19745004,0.07426798,0.06702423,0.007243749,0.17179012298583984,0.07214285,0.07214285
3591,0.1958506,0.1958506,0.073773466,0.06619149,0.0075819786,0.17142772674560547
3592,0.19650047,0.19650047,0.07168797,0.06444409,0.007243879,0.17258596420288086
3593,0.19600502,0.19600502,0.07148651,0.063232616,0.008253895,0.17116975784301758
3594,0.19605476,0.19605476,0.071362555,0.064521536,0.006841018,0.17859435081481934
3595,0.19636583,0.19636583,0.074637964,0.06618953,0.008448433,0.18040919303894043,0.072003104,0.072003104
3596,0.1967534,0.1967534,0.07201311,0.06405009,0.00796302,0.1725022792816162
3597,0.19722503,0.19722503,0.06742241,0.06108938,0.0063330294,0.17514348030090332
3598,0.19706522,0.19706522,0.07738891,0.07101841,0.006370497,0.17113351821899414
3599,0.1967909,0.1967909,0.07238654,0.06562234,0.0067642033,0.167344331741333
3600,0.19573419,0.19573419,0.08065358,0.07345879,0.0071947896,0.16724562644958496,0.07196095,0.07196095
3601,0.19627544,0.19627544,0.07036265,0.06351489,0.006847762,0.17069482803344727
3602,0.19684917,0.19684917,0.08006105,0.07227132,0.0077897334,0.17086029052734375
3603,0.19562037,0.19562037,0.064545356,0.058971718,0.0055736373,0.17191505432128906
3604,0.19601852,0.19601852,0.07247913,0.0656432,0.006835931,0.1807546615600586
3605,0.19541189,0.19541189,0.072108366,0.06482461,0.007283752,0.1789698600769043,0.07182456,0.07182456
3606,0.19583422,0.19583422,0.078873955,0.07108177,0.0077921827,0.17302918434143066
3607,0.19686107,0.19686107,0.0788932,0.0700611,0.008832096,0.17109298706054688
3608,0.19605899,0.19605899,0.07276513,0.065611124,0.0071540033,0.17134523391723633
3609,0.19582267,0.19582267,0.0794541,0.07007141,0.009382692,0.1717832088470459
3610,0.19566049,0.19566049,0.07265967,0.06471669,0.007942986,0.17101573944091797,0.0718269,0.0718269
3611,0.19560531,0.19560531,0.076597996,0.06739337,0.009204629,0.17179489135742188
3612,0.19741932,0.19741932,0.07977143,0.07093495,0.00883648,0.17768049240112305
3613,0.19586018,0.19586018,0.07893064,0.07088148,0.008049161,0.17149043083190918
3614,0.19602457,0.19602457,0.07768038,0.07023905,0.0074413274,0.17116141319274902
3615,0.19736598,0.19736598,0.075627685,0.06817445,0.007453234,0.1720278263092041,0.072065696,0.072065696
3616,0.19651386,0.19651386,0.07241005,0.063390754,0.009019291,0.17187094688415527
3617,0.19646789,0.19646789,0.07302578,0.06467379,0.008351993,0.17122173309326172
3618,0.19584852,0.19584852,0.08034057,0.07136637,0.008974203,0.1718127727508545
3619,0.19651777,0.19651777,0.075047664,0.06760725,0.007440419,0.17141342163085938
3620,0.19636734,0.19636734,0.071557336,0.06450661,0.0070507196,0.174041748046875,0.07230507,0.07230507
3621,0.19678064,0.19678064,0.078231,0.06981825,0.00841275,0.1756420135498047
3622,0.19622768,0.19622768,0.0714349,0.062522404,0.0089124935,0.17532563209533691
3623,0.19588833,0.19588833,0.070671566,0.06393857,0.006732995,0.1712179183959961
3624,0.1964238,0.1964238,0.080806114,0.07342882,0.0073772958,0.17005443572998047
3625,0.19679874,0.19679874,0.07320956,0.06647982,0.006729745,0.17075085639953613,0.07256227,0.07256227
3626,0.1959782,0.1959782,0.06876826,0.06262528,0.006142984,0.17075514793395996
3627,0.1957873,0.1957873,0.07548691,0.06788306,0.0076038577,0.17125296592712402
3628,0.19671597,0.19671597,0.07152024,0.064585015,0.006935226,0.17424488067626953
3629,0.19587398,0.19587398,0.07495932,0.06735517,0.0076041515,0.1721029281616211
3630,0.19589011,0.19589011,0.07601064,0.06884932,0.007161316,0.1705765724182129,0.07267796,0.07267796
3631,0.19580387,0.19580387,0.07670063,0.06970189,0.0069987406,0.17175507545471191
3632,0.1962706,0.1962706,0.07794282,0.06977915,0.0081636645,0.17032742500305176
3633,0.19723342,0.19723342,0.07842476,0.071246184,0.007178577,0.1717534065246582
3634,0.19598323,0.19598323,0.07540953,0.06760592,0.0078036124,0.17137885093688965
3635,0.19587314,0.19587314,0.07516304,0.06679723,0.008365812,0.17092657089233398,0.07238115,0.07238115
3636,0.19582751,0.19582751,0.08112057,0.07355046,0.0075701126,0.18164682388305664
3637,0.19643724,0.19643724,0.07587417,0.06758035,0.00829382,0.18140482902526855
3638,0.19613887,0.19613887,0.07044927,0.06363532,0.006813949,0.17983031272888184
3639,0.19662336,0.19662336,0.06950632,0.062452056,0.0070542637,0.17368340492248535
3640,0.19604819,0.19604819,0.075495794,0.06762722,0.007868571,0.17119836807250977,0.07182179,0.07182179
3641,0.19718845,0.19718845,0.074912556,0.06723036,0.007682199,0.17032647132873535
3642,0.19858642,0.19858642,0.08069229,0.07285808,0.007834207,0.17044448852539062
3643,0.19702888,0.19702888,0.067965046,0.060064998,0.007900046,0.1738598346710205
3644,0.19630213,0.19630213,0.07324201,0.066116974,0.0071250363,0.182905912399292
3645,0.19714533,0.19714533,0.0817572,0.07385516,0.007902042,0.18190479278564453,0.072400205,0.072400205
3646,0.19641349,0.19641349,0.07534468,0.0671241,0.008220585,0.18165373802185059
3647,0.19629657,0.19629657,0.07035099,0.06275054,0.00760045,0.18111205101013184
3648,0.19599114,0.19599114,0.07918241,0.07186684,0.007315568,0.17716503143310547
3649,0.19786878,0.19786878,0.076135576,0.0685355,0.007600077,0.17652201652526855
3650,0.19649845,0.19649845,0.07214062,0.06465896,0.0074816546,0.17600607872009277,0.07111569,0.07111569
3651,0.19688472,0.19688472,0.07069148,0.06400849,0.006682995,0.1779613494873047
3652,0.19722953,0.19722953,0.07710701,0.06908702,0.008019989,0.1778552532196045
3653,0.19632912,0.19632912,0.05979937,0.053882044,0.0059173265,0.17703938484191895
3654,0.19667898,0.19667898,0.07316404,0.06453312,0.008630916,0.1792757511138916
3655,0.19522186,0.19522186,0.07333932,0.06693039,0.0064089284,0.17185473442077637,0.07087672,0.07087672
3656,0.1972897,0.1972897,0.07355388,0.065770596,0.0077832853,0.1713731288909912
3657,0.19590801,0.19590801,0.07866615,0.07045256,0.008213588,0.176072359085083
3658,0.19579776,0.19579776,0.06874375,0.061667427,0.0070763244,0.17551159858703613
3659,0.19591197,0.19591197,0.07874361,0.07012128,0.00862233,0.1703815460205078
3660,0.19583331,0.19583331,0.07380847,0.066099994,0.007708474,0.17143678665161133,0.07060411,0.07060411
3661,0.196682,0.196682,0.079541996,0.071046844,0.008495156,0.17223501205444336
3662,0.19606926,0.19606926,0.07254852,0.0638202,0.008728329,0.1774139404296875
3663,0.19582792,0.19582792,0.06980703,0.063596755,0.006210278,0.17904233932495117
3664,0.19563988,0.19563988,0.07611419,0.06764865,0.0084655415,0.17693638801574707
3665,0.19524445,0.19524445,0.071467735,0.06398433,0.0074834097,0.18189334869384766,0.07065026,0.07065026
3666,0.19553976,0.19553976,0.081787616,0.07240302,0.009384598,0.1817471981048584
3667,0.1969882,0.1969882,0.06764624,0.059402462,0.008243778,0.18084192276000977
3668,0.19633499,0.19633499,0.07908933,0.07111976,0.007969563,0.17520713806152344
3669,0.19610384,0.19610384,0.07843527,0.069966555,0.0084687155,0.1739799976348877
3670,0.19678599,0.19678599,0.072166376,0.06321255,0.008953825,0.17133021354675293,0.0706297,0.0706297
3671,0.19562446,0.19562446,0.078113556,0.07054406,0.007569499,0.17134356498718262
3672,0.19596569,0.19596569,0.07752238,0.06943696,0.008085426,0.1707010269165039
3673,0.19678317,0.19678317,0.08523251,0.07572569,0.0095068235,0.17045378684997559
3674,0.19648321,0.19648321,0.07424393,0.06743881,0.0068051233,0.1703932285308838
3675,0.196205,0.196205,0.0766071,0.06838642,0.008220681,0.1756129264831543,0.070658915,0.070658915
3676,0.19549529,0.19549529,0.067331605,0.059146166,0.008185442,0.16725516319274902
3677,0.19630562,0.19630562,0.067312814,0.059501573,0.007811239,0.17093396186828613
3678,0.19579262,0.19579262,0.075750634,0.06771676,0.008033868,0.17134737968444824
3679,0.19639024,0.19639024,0.06991782,0.061695296,0.008222526,0.17166781425476074
3680,0.19574158,0.19574158,0.07231753,0.06301184,0.009305696,0.16921043395996094,0.07032948,0.07032948
3681,0.19587615,0.19587615,0.07573447,0.06657658,0.009157891,0.1681346893310547
3682,0.19576965,0.19576965,0.06823267,0.060487274,0.0077453977,0.18056392669677734
3683,0.19676891,0.19676891,0.07431427,0.06669728,0.0076169865,0.18773651123046875
3684,0.19586025,0.19586025,0.07181964,0.06410785,0.0077117877,0.17626428604125977
3685,0.19679461,0.19679461,0.0739182,0.06556979,0.008348415,0.16986536979675293,0.070365764,0.070365764
3686,0.19610006,0.19610006,0.07578302,0.06741487,0.00836815,0.16884922981262207
3687,0.19598867,0.19598867,0.077133045,0.06846612,0.008666926,0.1674034595489502
3688,0.19636631,0.19636631,0.07223862,0.06402816,0.008210458,0.16699576377868652
3689,0.1957664,0.1957664,0.07522088,0.06593029,0.009290592,0.16701412200927734
3690,0.19637805,0.19637805,0.071467265,0.062259898,0.009207368,0.164442777633667,0.07061059,0.07061059
3691,0.19859928,0.19859928,0.06940322,0.060573235,0.0088299895,0.18103909492492676
3692,0.19614993,0.19614993,0.07101552,0.061885986,0.009129535,0.17607927322387695
3693,0.19645767,0.19645767,0.070046194,0.062033072,0.008013122,0.1715528964996338
3694,0.19564404,0.19564404,0.06631757,0.058018956,0.008298618,0.17110705375671387
3695,0.19672683,0.19672683,0.06794348,0.060534485,0.007409001,0.1766054630279541,0.07044058,0.07044058
3696,0.1962107,0.1962107,0.06814934,0.062428918,0.0057204263,0.1713557243347168
3697,0.1966833,0.1966833,0.07250368,0.065264344,0.007239334,0.17124438285827637
3698,0.19649972,0.19649972,0.07128057,0.06261631,0.008664255,0.17015647888183594
3699,0.19597389,0.19597389,0.06767605,0.060760967,0.0069150873,0.17697668075561523
3700,0.19611537,0.19611537,0.07390004,0.06567559,0.008224448,0.17668938636779785,0.070012726,0.070012726
3701,0.19661252,0.19661252,0.081040576,0.07277171,0.008268867,0.17259502410888672
3702,0.1959724,0.1959724,0.07333064,0.06616701,0.0071636257,0.17064666748046875
3703,0.19603324,0.19603324,0.070966005,0.06383919,0.0071268175,0.17100906372070312
3704,0.19568157,0.19568157,0.06865056,0.059953462,0.008697096,0.17064881324768066
3705,0.19600336,0.19600336,0.07860125,0.070559636,0.008041616,0.17006540298461914,0.06987094,0.06987094
3706,0.19583839,0.19583839,0.08004557,0.07077497,0.009270601,0.17125606536865234
3707,0.1953576,0.1953576,0.07113167,0.06323252,0.007899151,0.17343544960021973
3708,0.19685058,0.19685058,0.07059169,0.06203677,0.008554917,0.17351770401000977
3709,0.19563144,0.19563144,0.067075446,0.05962575,0.007449698,0.17156291007995605
3710,0.19647464,0.19647464,0.07462108,0.064876124,0.009744957,0.17354202270507812,0.070479386,0.070479386
3711,0.19637199,0.19637199,0.06940604,0.061255418,0.008150621,0.1747117042541504
3712,0.19595073,0.19595073,0.07406809,0.06529395,0.008774136,0.17092204093933105
3713,0.1960641,0.1960641,0.0761113,0.06745557,0.0086557325,0.1724381446838379
3714,0.1955651,0.1955651,0.06679674,0.05783022,0.008966524,0.17153310775756836
3715,0.19591835,0.19591835,0.068743035,0.059868023,0.0088750115,0.17744779586791992,0.07223559,0.07223559
3716,0.19622648,0.19622648,0.07943909,0.07004208,0.009397004,0.18321585655212402
3717,0.19584683,0.19584683,0.0696155,0.061868094,0.0077474033,0.17811846733093262
3718,0.19648486,0.19648486,0.07592306,0.0662759,0.009647162,0.17313838005065918
3719,0.19615729,0.19615729,0.07479883,0.06640168,0.008397144,0.17054271697998047
3720,0.19565924,0.19565924,0.07060797,0.0635334,0.007074567,0.17039060592651367,0.07173486,0.07173486
3721,0.1964172,0.1964172,0.072475865,0.06534382,0.007132047,0.17078852653503418
3722,0.19609131,0.19609131,0.07481628,0.06556629,0.0092499945,0.1717238426208496
3723,0.19623359,0.19623359,0.073240235,0.06500396,0.008236277,0.17101263999938965
3724,0.19654174,0.19654174,0.08061372,0.071788296,0.008825419,0.1759634017944336
3725,0.19682111,0.19682111,0.07214934,0.064523675,0.0076256655,0.17109060287475586,0.070023715,0.070023715
3726,0.19565333,0.19565333,0.06673087,0.06014987,0.006580998,0.17193245887756348
3727,0.19545765,0.19545765,0.07271014,0.06539337,0.0073167705,0.17058777809143066
3728,0.19657503,0.19657503,0.07661194,0.06844541,0.0081665395,0.16989755630493164
3729,0.19555372,0.19555372,0.06872367,0.06141387,0.007309805,0.17267346382141113
3730,0.19612321,0.19612321,0.0742046,0.06476306,0.009441542,0.1731860637664795,0.069960326,0.069960326
3731,0.19531353,0.19531353,0.073092036,0.065135345,0.007956692,0.1728525161743164
3732,0.19590625,0.19590625,0.071601205,0.06328425,0.008316959,0.17186927795410156
3733,0.19593383,0.19593383,0.074260294,0.06531821,0.008942081,0.1710362434387207
3734,0.19526996,0.19526996,0.07256963,0.064120956,0.008448673,0.17274713516235352
3735,0.19587797,0.19587797,0.07277944,0.06493882,0.007840621,0.1731891632080078,0.07008194,0.07008194
3736,0.19477889,0.19477889,0.069556475,0.06182621,0.007730266,0.1725776195526123
3737,0.19573508,0.19573508,0.06747123,0.05903166,0.008439568,0.17262887954711914
3738,0.19558726,0.19558726,0.07706036,0.069103345,0.007957011,0.17266607284545898
3739,0.19558974,0.19558974,0.07123764,0.063411534,0.007826104,0.16990208625793457
3740,0.19611412,0.19611412,0.07008301,0.06265253,0.0074304766,0.17316746711730957,0.07044399,0.07044399
3741,0.1957215,0.1957215,0.0738609,0.06686386,0.006997041,0.17595815658569336
3742,0.19510654,0.19510654,0.079178385,0.07009169,0.0090866955,0.1718738079071045
3743,0.19513321,0.19513321,0.07141982,0.06288395,0.008535873,0.17133307456970215
3744,0.19554943,0.19554943,0.073753946,0.06536837,0.008385577,0.17129254341125488
3745,0.19577612,0.19577612,0.07973677,0.069602646,0.010134121,0.17162394523620605,0.070379555,0.070379555
3746,0.19551598,0.19551598,0.07525333,0.066590235,0.0086630955,0.17843341827392578
3747,0.19624326,0.19624326,0.069699585,0.061677653,0.008021935,0.17183494567871094
3748,0.19548877,0.19548877,0.07705227,0.06661798,0.010434291,0.17280936241149902
3749,0.19517337,0.19517337,0.06989621,0.061681647,0.008214564,0.18170976638793945
3750,0.19575748,0.19575748,0.072085,0.06305092,0.009034084,0.17645025253295898,0.070201896,0.070201896
3751,0.1960428,0.1960428,0.07135608,0.06283001,0.008526073,0.1720132827758789
3752,0.19535539,0.19535539,0.0735884,0.06513027,0.008458133,0.17333626747131348
3753,0.19586013,0.19586013,0.07283245,0.06375418,0.00907827,0.1714458465576172
3754,0.19527663,0.19527663,0.07651112,0.06695247,0.0095586525,0.1710188388824463
3755,0.19557138,0.19557138,0.06840564,0.059773006,0.008632635,0.17132902145385742,0.06990468,0.06990468
3756,0.19614501,0.19614501,0.06837856,0.060153224,0.008225338,0.17214345932006836
3757,0.1957655,0.1957655,0.07234446,0.06349686,0.008847603,0.18067264556884766
3758,0.19496985,0.19496985,0.06812684,0.058418542,0.0097082965,0.18145990371704102
3759,0.19527557,0.19527557,0.06878854,0.061698705,0.007089839,0.17908477783203125
3760,0.19531308,0.19531308,0.065731615,0.05842918,0.00730243,0.17317581176757812,0.0697177,0.0697177
3761,0.19553575,0.19553575,0.070675276,0.063657016,0.007018258,0.17391514778137207
3762,0.19576976,0.19576976,0.06485335,0.057635758,0.0072175874,0.17128419876098633
3763,0.19536297,0.19536297,0.07370269,0.06530096,0.008401735,0.17114496231079102
3764,0.19504562,0.19504562,0.07333103,0.06341254,0.009918486,0.17104506492614746
3765,0.19584976,0.19584976,0.06950322,0.061284974,0.008218241,0.1717994213104248,0.06959539,0.06959539
3766,0.19530572,0.19530572,0.07232077,0.06193885,0.010381917,0.1820662021636963
3767,0.19559802,0.19559802,0.0707689,0.062659964,0.008108938,0.17862415313720703
3768,0.19546852,0.19546852,0.07572639,0.06719288,0.008533504,0.17122721672058105
3769,0.19507335,0.19507335,0.06731194,0.05866914,0.008642802,0.17142534255981445
3770,0.19567482,0.19567482,0.074841626,0.06639295,0.0084486725,0.1712949275970459,0.06964168,0.06964168
3771,0.19515419,0.19515419,0.07374655,0.065520436,0.008226114,0.17068171501159668
3772,0.19548877,0.19548877,0.072770126,0.062354323,0.0104158055,0.17703533172607422
3773,0.195391,0.195391,0.076998875,0.06890281,0.0080960635,0.1762096881866455
3774,0.19484618,0.19484618,0.0690405,0.06107593,0.007964572,0.16594386100769043
3775,0.19658941,0.19658941,0.07547,0.06662028,0.008849715,0.17851018905639648,0.06971122,0.06971122
3776,0.19555916,0.19555916,0.073599696,0.06644011,0.007159585,0.17669248580932617
3777,0.19528846,0.19528846,0.07931906,0.069973506,0.009345557,0.17293977737426758
3778,0.19582847,0.19582847,0.07556806,0.06732532,0.008242741,0.17264842987060547
3779,0.19547553,0.19547553,0.071499705,0.06405061,0.007449096,0.17168021202087402
3780,0.19533654,0.19533654,0.07406732,0.06565607,0.008411241,0.17210912704467773,0.06974801,0.06974801
3781,0.1950925,0.1950925,0.077933975,0.068534486,0.0093994895,0.17174291610717773
3782,0.1955883,0.1955883,0.0687482,0.060763005,0.007985196,0.16964983940124512
3783,0.19516869,0.19516869,0.073930115,0.06451166,0.009418457,0.17054104804992676
3784,0.19570224,0.19570224,0.07704663,0.069704816,0.0073418156,0.16561031341552734
3785,0.19571055,0.19571055,0.07547649,0.067399554,0.008076933,0.16998958587646484,0.069615826,0.069615826
3786,0.19525428,0.19525428,0.07399348,0.06474673,0.00924675,0.17194390296936035
3787,0.19510452,0.19510452,0.06956092,0.061603732,0.007957192,0.17089056968688965
3788,0.1952221,0.1952221,0.06853952,0.059253477,0.009286046,0.17099571228027344
3789,0.19489636,0.19489636,0.07943631,0.06959314,0.009843168,0.170196533203125
3790,0.19557962,0.19557962,0.07656567,0.06775747,0.008808194,0.17133855819702148,0.06957339,0.06957339
3791,0.19499959,0.19499959,0.07142196,0.063208014,0.008213943,0.1747725009918213
3792,0.19513088,0.19513088,0.07133979,0.06280847,0.0085313255,0.1714017391204834
3793,0.19498016,0.19498016,0.07691958,0.06723783,0.0096817445,0.17086505889892578
3794,0.19561026,0.19561026,0.07154539,0.06290324,0.008642156,0.17040634155273438
3795,0.19500235,0.19500235,0.07295707,0.06301136,0.009945709,0.17024493217468262,0.06950753,0.06950753
3796,0.1952013,0.1952013,0.07230949,0.06424374,0.008065746,0.17622089385986328
3797,0.19544111,0.19544111,0.07656473,0.0663511,0.010213625,0.1709742546081543
3798,0.19482328,0.19482328,0.069378965,0.060709003,0.008669961,0.17366695404052734
3799,0.19537571,0.19537571,0.07018854,0.061278623,0.008909916,0.18097233772277832
3800,0.19519351,0.19519351,0.069480754,0.060440887,0.009039867,0.1754748821258545,0.06948265,0.06948265
3801,0.19535038,0.19535038,0.07394134,0.064910844,0.0090304995,0.17064738273620605
3802,0.19557129,0.19557129,0.072599694,0.06404872,0.0085509755,0.1712048053741455
3803,0.19510768,0.19510768,0.07258234,0.06299521,0.00958713,0.170379638671875
3804,0.19662906,0.19662906,0.073746026,0.06563088,0.008115144,0.17066621780395508
3805,0.19516799,0.19516799,0.07494057,0.06730846,0.0076321056,0.17149901390075684,0.07144158,0.07144158
3806,0.19561973,0.19561973,0.07360019,0.06424702,0.009353169,0.17108941078186035
3807,0.19601557,0.19601557,0.07174575,0.061645404,0.010100352,0.1728353500366211
3808,0.19572693,0.19572693,0.073562,0.064483896,0.00907811,0.17041659355163574
3809,0.19683695,0.19683695,0.06834783,0.06004655,0.008301273,0.17069244384765625
3810,0.1966482,0.1966482,0.07728049,0.06717056,0.010109929,0.1708357334136963,0.07465368,0.07465368
3811,0.19768235,0.19768235,0.07368383,0.06495599,0.00872784,0.1709458827972412
3812,0.19715953,0.19715953,0.07246007,0.06454126,0.007918816,0.17001891136169434
3813,0.19630302,0.19630302,0.07560821,0.065878235,0.009729978,0.17060351371765137
3814,0.19644676,0.19644676,0.07996585,0.070644654,0.009321201,0.17129850387573242
3815,0.19691135,0.19691135,0.08548672,0.07575497,0.009731746,0.17530155181884766,0.07341748,0.07341748
3816,0.1963683,0.1963683,0.07174254,0.061938573,0.009803967,0.17419075965881348
3817,0.1963708,0.1963708,0.07111455,0.06324848,0.007866069,0.17195940017700195
3818,0.19622536,0.19622536,0.076555096,0.06695654,0.009598554,0.17304658889770508
3819,0.19712251,0.19712251,0.07410583,0.06516766,0.00893817,0.17246484756469727
3820,0.19715711,0.19715711,0.0689839,0.060978763,0.008005132,0.16907191276550293,0.07236885,0.07236885
3821,0.19553897,0.19553897,0.085676335,0.07538603,0.010290303,0.1714017391204834
3822,0.19670887,0.19670887,0.07345224,0.06407854,0.009373702,0.17898917198181152
3823,0.19882947,0.19882947,0.07501152,0.066393085,0.008618433,0.17807674407958984
3824,0.19625765,0.19625765,0.07570951,0.06637622,0.009333293,0.17213106155395508
3825,0.19639087,0.19639087,0.07965608,0.06934416,0.010311914,0.17129945755004883,0.07249668,0.07249668
3826,0.1976394,0.1976394,0.076799184,0.06755747,0.009241716,0.1736433506011963
3827,0.19634482,0.19634482,0.067376204,0.058672808,0.008703395,0.1706552505493164
3828,0.19721313,0.19721313,0.07418652,0.06383095,0.010355571,0.1710374355316162
3829,0.19635902,0.19635902,0.07253476,0.06282523,0.009709529,0.17059946060180664
3830,0.1956123,0.1956123,0.074028395,0.06512682,0.008901571,0.1724529266357422,0.072133966,0.072133966
3831,0.19668227,0.19668227,0.08108199,0.07246735,0.008614633,0.1819145679473877
3832,0.195475,0.195475,0.075369574,0.06580451,0.009565064,0.17864704132080078
3833,0.19606087,0.19606087,0.07135531,0.061776754,0.009578558,0.1721937656402588
3834,0.19723266,0.19723266,0.08204905,0.07192905,0.010119997,0.17127490043640137
3835,0.19559172,0.19559172,0.07671658,0.06694527,0.009771313,0.17126798629760742,0.071715236,0.071715236
3836,0.19570965,0.19570965,0.07518761,0.064418204,0.010769404,0.17101669311523438
3837,0.19594976,0.19594976,0.07183028,0.06325218,0.008578097,0.17139816284179688
3838,0.19585578,0.19585578,0.0701765,0.06241979,0.0077567035,0.1706862449645996
3839,0.19642295,0.19642295,0.07631558,0.06603219,0.01028339,0.1745002269744873
3840,0.19550313,0.19550313,0.076097496,0.06629754,0.0097999545,0.17135214805603027,0.07153962,0.07153962
3841,0.1956324,0.1956324,0.07318133,0.064194866,0.0089864675,0.1716747283935547
3842,0.19650821,0.19650821,0.07806929,0.0678403,0.010228994,0.17179489135742188
3843,0.1956456,0.1956456,0.07624285,0.06712873,0.009114119,0.1694345474243164
3844,0.19589336,0.19589336,0.07824207,0.06835505,0.009887017,0.17096233367919922
3845,0.19571713,0.19571713,0.07290163,0.063803315,0.009098314,0.17128348350524902,0.071644165,0.071644165
3846,0.19544289,0.19544289,0.07766354,0.06783738,0.009826162,0.1703627109527588
3847,0.19626115,0.19626115,0.07314796,0.06374564,0.009402321,0.1876223087310791
3848,0.19680671,0.19680671,0.07534138,0.06514756,0.010193825,0.18094944953918457
3849,0.19683355,0.19683355,0.07514935,0.06623089,0.008918455,0.18045878410339355
3850,0.19562589,0.19562589,0.075158834,0.066438444,0.008720393,0.17380332946777344,0.071517386,0.071517386
3851,0.19631773,0.19631773,0.0725439,0.063155346,0.009388551,0.1706390380859375
3852,0.19616362,0.19616362,0.077217594,0.06828435,0.008933246,0.17109322547912598
3853,0.19524325,0.19524325,0.07299827,0.06350392,0.00949435,0.17038631439208984
3854,0.19917703,0.19917703,0.070569225,0.060863823,0.009705402,0.17137384414672852
3855,0.19556743,0.19556743,0.07310163,0.06420271,0.008898922,0.17307686805725098,0.07147684,0.07147684
3856,0.19639309,0.19639309,0.07333956,0.06499616,0.008343399,0.18144607543945312
3857,0.19647248,0.19647248,0.079444796,0.06945725,0.009987551,0.17975115776062012
3858,0.19664921,0.19664921,0.080988415,0.07227767,0.008710739,0.17366719245910645
3859,0.19658327,0.19658327,0.06963492,0.060386334,0.009248586,0.17078876495361328
3860,0.19904812,0.19904812,0.07974188,0.07050536,0.009236526,0.17135977745056152,0.07134059,0.07134059
3861,0.1975605,0.1975605,0.07009259,0.06259649,0.007496096,0.17115497589111328
3862,0.19680828,0.19680828,0.07744314,0.06778684,0.009656295,0.17246174812316895
3863,0.19722804,0.19722804,0.07985823,0.070104584,0.009753648,0.17266082763671875
3864,0.19715725,0.19715725,0.07090733,0.06291273,0.007994601,0.17677044868469238
3865,0.19677335,0.19677335,0.073238894,0.06442582,0.008813079,0.17231512069702148,0.0707026,0.0707026
3866,0.19558027,0.19558027,0.07179272,0.062545024,0.009247694,0.1712503433227539
3867,0.1960952,0.1960952,0.069105424,0.059485167,0.009620254,0.17171621322631836
3868,0.19652152,0.19652152,0.06752451,0.059570238,0.0079542715,0.17188334465026855
3869,0.1960556,0.1960556,0.067676276,0.058416653,0.009259626,0.17119526863098145
3870,0.1966005,0.1966005,0.077835284,0.0686941,0.009141183,0.16982007026672363,0.070675254,0.070675254
3871,0.19578555,0.19578555,0.07763513,0.067660056,0.009975077,0.17019367218017578
3872,0.19626935,0.19626935,0.07974022,0.07038275,0.0093574645,0.17181110382080078
3873,0.19601202,0.19601202,0.07313554,0.064373985,0.008761557,0.17220687866210938
3874,0.19712086,0.19712086,0.06806503,0.05895657,0.009108462,0.1704425811767578
3875,0.19577225,0.19577225,0.06784725,0.058557816,0.00928944,0.17074275016784668,0.07085088,0.07085088
3876,0.1954019,0.1954019,0.06708649,0.058360606,0.008725878,0.17162227630615234
3877,0.19670741,0.19670741,0.068755046,0.059815206,0.008939844,0.17177152633666992
3878,0.1961176,0.1961176,0.07262512,0.06372711,0.008898012,0.17078137397766113
3879,0.19591264,0.19591264,0.07774851,0.06713712,0.010611387,0.17072176933288574
3880,0.19569372,0.19569372,0.07249727,0.063227296,0.009269975,0.17023968696594238,0.070895195,0.070895195
3881,0.19511205,0.19511205,0.07526597,0.06555229,0.009713681,0.17077255249023438
3882,0.19628732,0.19628732,0.07618826,0.06655241,0.00963585,0.17076921463012695
3883,0.19557709,0.19557709,0.0701353,0.060908295,0.009227006,0.17138242721557617
3884,0.19863197,0.19863197,0.07346932,0.064191215,0.009278101,0.1711137294769287
3885,0.19551463,0.19551463,0.07398828,0.06387888,0.0101094,0.17099714279174805,0.07104082,0.07104082
3886,0.19565882,0.19565882,0.07540618,0.06679167,0.00861451,0.17146897315979004
3887,0.1956192,0.1956192,0.07569454,0.06586589,0.009828649,0.17720341682434082
3888,0.19800277,0.19800277,0.07071816,0.062704764,0.0080134,0.18170547485351562
3889,0.20070012,0.20070012,0.0684665,0.05977189,0.008694604,0.18120360374450684
3890,0.19551937,0.19551937,0.07180238,0.06258793,0.009214447,0.18026375770568848,0.07157513,0.07157513
3891,0.19745338,0.19745338,0.072682224,0.06421301,0.008469219,0.17670178413391113
3892,0.1961277,0.1961277,0.069635965,0.060333904,0.009302061,0.17386221885681152
3893,0.19533405,0.19533405,0.07323195,0.063328736,0.009903213,0.1712932586669922
3894,0.196058,0.196058,0.0761407,0.06552762,0.010613088,0.17217755317687988
3895,0.1963908,0.1963908,0.06742287,0.059209675,0.008213194,0.16956186294555664,0.07203918,0.07203918
3896,0.19903956,0.19903956,0.074423045,0.06606861,0.008354437,0.16977643966674805
3897,0.20104973,0.20104973,0.069731124,0.062134225,0.0075969007,0.1812427043914795
3898,0.20022373,0.20022373,0.06818379,0.058753997,0.009429793,0.1829667091369629
3899,0.19684368,0.19684368,0.06818538,0.058813438,0.009371945,0.1705636978149414
3900,0.1974961,0.1974961,0.071426526,0.06163439,0.009792137,0.17525720596313477,0.0726236,0.0726236
3901,0.19642036,0.19642036,0.07166759,0.061940767,0.00972682,0.17817997932434082
3902,0.19588211,0.19588211,0.071199484,0.06294758,0.008251907,0.17461538314819336
3903,0.19839188,0.19839188,0.07747162,0.0670434,0.010428217,0.17477130889892578
3904,0.19581592,0.19581592,0.068702884,0.06044727,0.008255617,0.17172455787658691
3905,0.19615339,0.19615339,0.07390918,0.06550045,0.0084087225,0.17072558403015137,0.07215734,0.07215734
3906,0.19810823,0.19810823,0.07706586,0.0675534,0.009512462,0.17255640029907227
3907,0.19639637,0.19639637,0.07120859,0.063531935,0.0076766517,0.17420291900634766
3908,0.20004791,0.20004791,0.07269786,0.063095935,0.009601929,0.17390084266662598
3909,0.196399,0.196399,0.07538137,0.06571833,0.00966304,0.1730349063873291
3910,0.1967965,0.1967965,0.075915165,0.06633124,0.009583929,0.17262053489685059,0.07135119,0.07135119
3911,0.19769947,0.19769947,0.071406856,0.062277555,0.009129302,0.17241835594177246
3912,0.19666748,0.19666748,0.06995212,0.061368037,0.008584084,0.17321276664733887
3913,0.19668281,0.19668281,0.075711206,0.065092765,0.010618442,0.1752457618713379
3914,0.19806804,0.19806804,0.07306239,0.06345429,0.009608099,0.17714476585388184
3915,0.19629568,0.19629568,0.07023312,0.061162125,0.009070994,0.18522906303405762,0.071427464,0.071427464
3916,0.2012721,0.2012721,0.07197053,0.062531285,0.009439246,0.18050813674926758
3917,0.19715549,0.19715549,0.06896402,0.060213212,0.008750805,0.17754411697387695
3918,0.19743845,0.19743845,0.07495748,0.06460974,0.010347742,0.17261886596679688
3919,0.19703156,0.19703156,0.07845349,0.06906051,0.009392977,0.1699051856994629
3920,0.19809471,0.19809471,0.07210932,0.061528545,0.010580776,0.1715221405029297,0.07122629,0.07122629
3921,0.19899228,0.19899228,0.07218283,0.06296172,0.009221109,0.1679399013519287
3922,0.19755153,0.19755153,0.07448679,0.0654762,0.009010592,0.16905832290649414
3923,0.19695106,0.19695106,0.07437846,0.0638381,0.010540361,0.16997504234313965
3924,0.19772178,0.19772178,0.07292806,0.06305127,0.009876792,0.17167901992797852
3925,0.19630615,0.19630615,0.07810508,0.067198366,0.01090671,0.17072463035583496,0.0715594,0.0715594
3926,0.19592555,0.19592555,0.07341851,0.06442387,0.008994646,0.17110705375671387
3927,0.19555494,0.19555494,0.073230654,0.063685216,0.00954544,0.16734528541564941
3928,0.19645388,0.19645388,0.07907039,0.06886066,0.0102097355,0.17393851280212402
3929,0.19633235,0.19633235,0.06695363,0.057022966,0.009930661,0.17146730422973633
3930,0.19717956,0.19717956,0.068784304,0.06060659,0.008177713,0.17289018630981445,0.07191588,0.07191588
3931,0.196667,0.196667,0.071374044,0.060661137,0.010712908,0.1790320873260498
3932,0.19699064,0.19699064,0.07479607,0.065704174,0.009091897,0.1850268840789795
3933,0.19603284,0.19603284,0.072454795,0.062521026,0.0099337725,0.17835116386413574
3934,0.19584638,0.19584638,0.07466,0.064130984,0.010529023,0.17733526229858398
3935,0.19640344,0.19640344,0.071794264,0.061054766,0.010739496,0.1754319667816162,0.071850285,0.071850285
3936,0.19657035,0.19657035,0.06748783,0.05867386,0.008813967,0.17860770225524902
3937,0.19552319,0.19552319,0.072112665,0.06281293,0.009299733,0.17655444145202637
3938,0.19630025,0.19630025,0.06944384,0.059582826,0.009861011,0.17780447006225586
3939,0.20296226,0.20296226,0.06965433,0.060563296,0.009091035,0.17756915092468262
3940,0.19903545,0.19903545,0.071941,0.061477743,0.010463258,0.17865848541259766,0.07283314,0.07283314
3941,0.20189364,0.20189364,0.06962311,0.06122934,0.008393773,0.17506003379821777
3942,0.19944212,0.19944212,0.0729212,0.062553376,0.010367822,0.18267536163330078
3943,0.20327595,0.20327595,0.070091434,0.060463667,0.009627769,0.18498516082763672
3944,0.20169868,0.20169868,0.06593111,0.05624931,0.009681802,0.18317103385925293
3945,0.19692943,0.19692943,0.07997534,0.067990385,0.011984953,0.18239593505859375,0.07119342,0.07119342
3946,0.19724587,0.19724587,0.07002053,0.060407378,0.009613151,0.17881369590759277
3947,0.19748367,0.19748367,0.073197715,0.0638722,0.009325513,0.17155003547668457
3948,0.19755138,0.19755138,0.06829078,0.059101034,0.009189746,0.17142438888549805
3949,0.19776736,0.19776736,0.07436629,0.06537816,0.008988128,0.17761826515197754
3950,0.19651839,0.19651839,0.074769944,0.06603991,0.008730032,0.1713695526123047,0.070073776,0.070073776
3951,0.19671366,0.19671366,0.07428711,0.0629433,0.011343804,0.17072081565856934
3952,0.19731945,0.19731945,0.071874835,0.06120426,0.010670577,0.17754220962524414
3953,0.19667342,0.19667342,0.07167035,0.062022667,0.009647685,0.17760729789733887
3954,0.19817334,0.19817334,0.07136754,0.062343203,0.009024334,0.17934966087341309
3955,0.19638118,0.19638118,0.0811564,0.07071069,0.010445716,0.17311835289001465,0.06985103,0.06985103
3956,0.19690113,0.19690113,0.072910264,0.062306926,0.01060334,0.17232370376586914
3957,0.19628227,0.19628227,0.06870193,0.05991791,0.008784024,0.16643714904785156
3958,0.19685726,0.19685726,0.07710935,0.06694578,0.010163574,0.17140936851501465
3959,0.19564909,0.19564909,0.07966069,0.06843438,0.011226312,0.17066121101379395
3960,0.19613309,0.19613309,0.068168856,0.058559727,0.009609128,0.17368006706237793,0.070506535,0.070506535
3961,0.19622554,0.19622554,0.072285555,0.06281624,0.009469316,0.1821279525756836
3962,0.19648544,0.19648544,0.07414213,0.06406729,0.010074842,0.18294525146484375
3963,0.19547553,0.19547553,0.06779835,0.05894001,0.008858341,0.18039393424987793
3964,0.19669604,0.19669604,0.06819968,0.059994083,0.008205595,0.17451786994934082
3965,0.19641517,0.19641517,0.06451335,0.05573068,0.008782669,0.17304325103759766,0.070692725,0.070692725
3966,0.19690138,0.19690138,0.0768583,0.06689793,0.009960365,0.17368435859680176
3967,0.19669773,0.19669773,0.06878566,0.059316963,0.009468699,0.1717977523803711
3968,0.1968143,0.1968143,0.07300184,0.06353494,0.009466903,0.16953563690185547
3969,0.19633934,0.19633934,0.07961382,0.06988184,0.009731976,0.17144083976745605
3970,0.19579685,0.19579685,0.07294286,0.06323605,0.009706809,0.17121076583862305,0.07036468,0.07036468
3971,0.19545482,0.19545482,0.06683386,0.056783583,0.01005028,0.18147850036621094
3972,0.1958722,0.1958722,0.068567835,0.058570348,0.009997485,0.1806173324584961
3973,0.19586846,0.19586846,0.07379078,0.062232725,0.011558053,0.1756136417388916
3974,0.19648269,0.19648269,0.07185757,0.06258986,0.009267706,0.17120695114135742
3975,0.19620565,0.19620565,0.07565136,0.06402904,0.011622321,0.16923832893371582,0.07037134,0.07037134
3976,0.19595666,0.19595666,0.07145527,0.061452214,0.010003053,0.1696932315826416
3977,0.19676208,0.19676208,0.070058584,0.06076693,0.009291653,0.17018985748291016
3978,0.19550152,0.19550152,0.072180726,0.062414255,0.009766473,0.17047595977783203
3979,0.19540395,0.19540395,0.076512195,0.06620976,0.010302434,0.17287635803222656
3980,0.19618668,0.19618668,0.06993668,0.060516197,0.009420477,0.18202829360961914,0.07128453,0.07128453
3981,0.19566368,0.19566368,0.07612841,0.064566165,0.011562247,0.1784355640411377
3982,0.19547893,0.19547893,0.06696215,0.05780939,0.009152765,0.17308306694030762
3983,0.19628549,0.19628549,0.07332596,0.06432239,0.009003576,0.17165398597717285
3984,0.1961642,0.1961642,0.07043997,0.061660867,0.008779102,0.17024993896484375
3985,0.19588527,0.19588527,0.072552785,0.061011154,0.011541633,0.17152190208435059,0.071227424,0.071227424
3986,0.19553302,0.19553302,0.07314196,0.061926734,0.01121523,0.17055940628051758
3987,0.19575372,0.19575372,0.07401535,0.06327428,0.010741073,0.17234301567077637
3988,0.19539814,0.19539814,0.0746406,0.06389129,0.01074931,0.16512036323547363
3989,0.19515005,0.19515005,0.07067791,0.060387313,0.010290591,0.18114328384399414
3990,0.19587669,0.19587669,0.07289077,0.06291583,0.009974943,0.17364907264709473,0.07039294,0.07039294
3991,0.19609725,0.19609725,0.0698016,0.060622863,0.009178732,0.17032861709594727
3992,0.19646885,0.19646885,0.07615867,0.06406941,0.012089258,0.1704702377319336
3993,0.19574821,0.19574821,0.07397445,0.06257947,0.011394987,0.1712963581085205
3994,0.19545452,0.19545452,0.07493894,0.06315327,0.011785672,0.17074012756347656
3995,0.1964048,0.1964048,0.07158592,0.063040115,0.008545808,0.1696910858154297,0.07014805,0.07014805
3996,0.19561149,0.19561149,0.0697147,0.059701692,0.0100130085,0.18040156364440918
3997,0.1952341,0.1952341,0.072353125,0.0630126,0.009340527,0.17536115646362305
3998,0.19541694,0.19541694,0.07787427,0.0667955,0.011078776,0.17540621757507324
3999,0.19543628,0.19543628,0.073008336,0.06332494,0.009683395,0.17499709129333496
4000,0.1955555,0.1955555,0.06810999,0.05921904,0.008890949,0.17670774459838867,0.070233084,0.070233084
4001,0.19621229,0.19621229,0.0777358,0.06774572,0.0099900775,0.17148804664611816
4002,0.19535099,0.19535099,0.07148024,0.061947174,0.00953306,0.1713402271270752
4003,0.19551128,0.19551128,0.070523426,0.061512314,0.009011114,0.17065811157226562
4004,0.19569059,0.19569059,0.07643529,0.06632545,0.010109844,0.17227602005004883
4005,0.19512023,0.19512023,0.07862741,0.069185965,0.009441444,0.1777477264404297,0.06989648,0.06989648
4006,0.19521815,0.19521815,0.07141402,0.060139325,0.011274702,0.17397570610046387
4007,0.19588108,0.19588108,0.076940395,0.064987764,0.011952634,0.174607515335083
4008,0.19561496,0.19561496,0.06980382,0.058580853,0.011222968,0.17157316207885742
4009,0.19527467,0.19527467,0.07330276,0.06349757,0.009805188,0.16399025917053223
4010,0.19495548,0.19495548,0.07247795,0.062078018,0.010399934,0.16306710243225098,0.069724806,0.069724806
4011,0.19586769,0.19586769,0.07120344,0.06053073,0.010672708,0.1644148826599121
4012,0.19514808,0.19514808,0.0715722,0.060258143,0.011314053,0.17150235176086426
4013,0.19503923,0.19503923,0.061859287,0.05331683,0.008542457,0.1734921932220459
4014,0.19499707,0.19499707,0.080010176,0.06788033,0.012129842,0.1780993938446045
4015,0.19526249,0.19526249,0.07227488,0.06057437,0.011700508,0.16642284393310547,0.069756985,0.069756985
4016,0.19527397,0.19527397,0.07347689,0.06223598,0.011240904,0.16928982734680176
4017,0.19511077,0.19511077,0.076497726,0.065601826,0.010895899,0.17072057723999023
4018,0.19507314,0.19507314,0.07366526,0.06398069,0.009684567,0.1709156036376953
4019,0.19510631,0.19510631,0.07083183,0.06045704,0.01037479,0.17175745964050293
4020,0.19566761,0.19566761,0.07483108,0.06390213,0.01092895,0.17871999740600586,0.06972056,0.06972056
4021,0.19643295,0.19643295,0.06922564,0.060144693,0.009080949,0.17049670219421387
4022,0.19533703,0.19533703,0.069990486,0.061727755,0.008262728,0.171553373336792
4023,0.19517845,0.19517845,0.074100554,0.061768286,0.01233227,0.17256784439086914
4024,0.19555397,0.19555397,0.07324601,0.06293772,0.010308291,0.1684131622314453
4025,0.19491787,0.19491787,0.066559285,0.057516083,0.009043204,0.17415308952331543,0.06984957,0.06984957
4026,0.19513565,0.19513565,0.07857234,0.06805325,0.0105190845,0.1787264347076416
4027,0.19527,0.19527,0.07159542,0.060825508,0.010769915,0.1907343864440918
4028,0.19562662,0.19562662,0.07317433,0.06275783,0.0104165,0.1959989070892334
4029,0.19558665,0.19558665,0.065239325,0.05386483,0.011374492,0.18848752975463867
4030,0.19500305,0.19500305,0.07144958,0.061935622,0.009513952,0.1888132095336914,0.06976147,0.06976147
4031,0.19592723,0.19592723,0.0679573,0.058420092,0.009537206,0.18750739097595215
4032,0.19563015,0.19563015,0.07210559,0.061465416,0.01064017,0.1890883445739746
4033,0.19522688,0.19522688,0.07233231,0.061221942,0.011110364,0.17841124534606934
4034,0.19523391,0.19523391,0.06776532,0.0583027,0.0094626155,0.17546987533569336
4035,0.1954414,0.1954414,0.07139275,0.061967067,0.009425687,0.17191743850708008,0.06978431,0.06978431
4036,0.19543229,0.19543229,0.07134098,0.061031595,0.010309381,0.1648402214050293
4037,0.19521496,0.19521496,0.06768611,0.057644118,0.010041991,0.16698622703552246
4038,0.19523555,0.19523555,0.077127054,0.0655604,0.011566658,0.17058491706848145
4039,0.19503,0.19503,0.06803713,0.058347434,0.009689695,0.16973304748535156
4040,0.1956905,0.1956905,0.07081759,0.06103493,0.009782663,0.1659097671508789,0.069599,0.069599
4041,0.19528668,0.19528668,0.07789963,0.06621701,0.011682617,0.17529678344726562
4042,0.19544506,0.19544506,0.07686669,0.06630382,0.010562863,0.17488884925842285
4043,0.19509117,0.19509117,0.072271295,0.062551335,0.00971996,0.1684727668762207
4044,0.19500537,0.19500537,0.06743867,0.05740728,0.010031389,0.1697683334350586
4045,0.19513035,0.19513035,0.074801385,0.06454171,0.010259676,0.17061805725097656,0.06951942,0.06951942
4046,0.19553049,0.19553049,0.073681,0.06271915,0.010961849,0.16306519508361816
4047,0.19476756,0.19476756,0.07453427,0.063815676,0.010718592,0.16318917274475098
4048,0.19572261,0.19572261,0.06781323,0.056747835,0.011065395,0.17089319229125977
4049,0.19532408,0.19532408,0.068872675,0.058274217,0.010598458,0.16808271408081055
4050,0.19515559,0.19515559,0.07454997,0.0638873,0.010662672,0.16749095916748047,0.06951944,0.06951944
4051,0.19520019,0.19520019,0.06813483,0.05834921,0.009785618,0.16239380836486816
4052,0.19498684,0.19498684,0.071242034,0.060297187,0.010944849,0.16330814361572266
4053,0.19536729,0.19536729,0.07210786,0.061942376,0.010165481,0.16319608688354492
4054,0.19511999,0.19511999,0.07427858,0.06476143,0.009517148,0.17085504531860352
4055,0.19532008,0.19532008,0.07314089,0.062972404,0.010168483,0.1767747402191162,0.0695351,0.0695351
4056,0.1956647,0.1956647,0.074852906,0.064391494,0.010461411,0.16309142112731934
4057,0.19511263,0.19511263,0.071509145,0.0611755,0.010333644,0.1655564308166504
4058,0.19740373,0.19740373,0.069694184,0.060598116,0.0090960665,0.16396665573120117
4059,0.195249,0.195249,0.06723101,0.056705695,0.010525314,0.16307830810546875
4060,0.19553958,0.19553958,0.070096135,0.059462056,0.010634076,0.16386032104492188,0.06954842,0.06954842
4061,0.19504775,0.19504775,0.07746424,0.06584758,0.011616653,0.17214179039001465
4062,0.19502252,0.19502252,0.07076809,0.06004762,0.010720466,0.16729736328125
4063,0.19510895,0.19510895,0.06344415,0.054611277,0.008832877,0.17288637161254883
4064,0.1948723,0.1948723,0.07691507,0.0658943,0.011020775,0.17732691764831543
4065,0.19546539,0.19546539,0.06640519,0.05593387,0.010471319,0.16744709014892578,0.06946241,0.06946241
4066,0.19508222,0.19508222,0.065778635,0.0569966,0.008782038,0.1722564697265625
4067,0.19532497,0.19532497,0.07029778,0.059927355,0.010370418,0.1784837245941162
4068,0.19593935,0.19593935,0.071930386,0.06160869,0.010321698,0.1763134002685547
4069,0.19619058,0.19619058,0.07342177,0.06288799,0.010533782,0.17338800430297852
4070,0.19556081,0.19556081,0.06548633,0.055967357,0.0095189735,0.16728520393371582,0.06939073,0.06939073
4071,0.1951907,0.1951907,0.07106949,0.05991557,0.011153916,0.17389178276062012
4072,0.19503085,0.19503085,0.075487025,0.06459406,0.010892967,0.16881299018859863
4073,0.19572946,0.19572946,0.07041035,0.0611516,0.009258744,0.17201590538024902
4074,0.19583634,0.19583634,0.06942246,0.060074903,0.009347561,0.17281055450439453
4075,0.19520263,0.19520263,0.06863116,0.057678405,0.010952752,0.18253827095031738,0.069593385,0.069593385
4076,0.19499616,0.19499616,0.07226951,0.061770793,0.010498714,0.18229126930236816
4077,0.19542323,0.19542323,0.068315014,0.058717363,0.009597649,0.18195414543151855
4078,0.19695537,0.19695537,0.074509665,0.06211817,0.012391494,0.17860722541809082
4079,0.19544305,0.19544305,0.06888243,0.058045443,0.010836987,0.17386531829833984
4080,0.19508828,0.19508828,0.06667575,0.05533128,0.011344472,0.17119812965393066,0.070100725,0.070100725
4081,0.1953696,0.1953696,0.07323952,0.06214758,0.01109194,0.1721949577331543
4082,0.19535415,0.19535415,0.0692238,0.057687923,0.011535874,0.1727306842803955
4083,0.194959,0.194959,0.06377411,0.053705204,0.010068905,0.17220401763916016
4084,0.19520484,0.19520484,0.06782544,0.058128472,0.009696968,0.17357540130615234
4085,0.19683726,0.19683726,0.0672212,0.05726022,0.009960986,0.18145394325256348,0.06964979,0.06964979
4086,0.19513288,0.19513288,0.071095034,0.061332386,0.00976265,0.18105435371398926
4087,0.19518022,0.19518022,0.07514559,0.06476925,0.01037633,0.1755373477935791
4088,0.1950579,0.1950579,0.071167774,0.060859784,0.010307991,0.17171692848205566
4089,0.19523509,0.19523509,0.06491638,0.05584695,0.00906943,0.17127490043640137
4090,0.19519863,0.19519863,0.07071497,0.06026332,0.010451651,0.17254924774169922,0.06943886,0.06943886
4091,0.19502082,0.19502082,0.07283609,0.0626621,0.010173994,0.17410612106323242
4092,0.19533323,0.19533323,0.0762296,0.06619868,0.010030924,0.17325425148010254
4093,0.19525358,0.19525358,0.06974434,0.059423134,0.010321208,0.17586445808410645
4094,0.19509985,0.19509985,0.07575127,0.065467566,0.010283699,0.1787710189819336
4095,0.19512184,0.19512184,0.076765135,0.06674315,0.010021984,0.1809244155883789,0.06938578,0.06938578
4096,0.19531953,0.19531953,0.07360635,0.06280122,0.010805127,0.17572903633117676
4097,0.19492921,0.19492921,0.07513881,0.063612305,0.0115265,0.1716327667236328
4098,0.1955743,0.1955743,0.07300704,0.06262748,0.0103795575,0.17242980003356934
4099,0.19534257,0.19534257,0.06710985,0.056458175,0.010651679,0.17190098762512207
4100,0.19514148,0.19514148,0.07347906,0.06332059,0.010158461,0.17145299911499023,0.0693944,0.0693944
4101,0.19501041,0.19501041,0.076646194,0.06484372,0.011802472,0.17874479293823242
4102,0.1951428,0.1951428,0.06938701,0.0584591,0.010927911,0.16951990127563477
4103,0.1954365,0.1954365,0.074421495,0.06389759,0.010523906,0.17635560035705566
4104,0.19507284,0.19507284,0.072204895,0.060767964,0.011436932,0.17604613304138184
4105,0.19520222,0.19520222,0.07183319,0.060324788,0.0115084015,0.1741032600402832,0.069496244,0.069496244
4106,0.19486694,0.19486694,0.064806774,0.05363767,0.011169103,0.17387986183166504
4107,0.1949544,0.1949544,0.07397808,0.062099222,0.011878863,0.17272353172302246
4108,0.19497879,0.19497879,0.07149097,0.059910096,0.011580875,0.17367792129516602
4109,0.19488248,0.19488248,0.0667015,0.056908537,0.009792963,0.16730690002441406
4110,0.1949434,0.1949434,0.07662736,0.065926805,0.010700553,0.1676170825958252,0.06961373,0.06961373
4111,0.19493954,0.19493954,0.07072445,0.05949141,0.011233036,0.16615056991577148
4112,0.19541386,0.19541386,0.067536205,0.056529816,0.011006393,0.17632317543029785
4113,0.19477123,0.19477123,0.0708483,0.05961758,0.011230726,0.1806027889251709
4114,0.19506565,0.19506565,0.07200511,0.0616095,0.010395612,0.16902899742126465
4115,0.19517466,0.19517466,0.07357111,0.061956584,0.011614522,0.17321062088012695,0.0697077,0.0697077
4116,0.19509734,0.19509734,0.067063086,0.057722747,0.009340338,0.1685171127319336
4117,0.19514465,0.19514465,0.06687763,0.05657419,0.010303447,0.17264723777770996
4118,0.1953054,0.1953054,0.07102109,0.060870387,0.010150702,0.17088079452514648
4119,0.19556202,0.19556202,0.07317102,0.0629797,0.010191318,0.17310690879821777
4120,0.19504337,0.19504337,0.06487897,0.054935012,0.009943957,0.18020391464233398,0.06951138,0.06951138
4121,0.19513302,0.19513302,0.07191295,0.061331544,0.010581408,0.17806196212768555
4122,0.1951203,0.1951203,0.07293123,0.06302035,0.009910882,0.17264366149902344
4123,0.19668178,0.19668178,0.07030057,0.06015159,0.010148985,0.17171311378479004
4124,0.19508277,0.19508277,0.07105477,0.06109916,0.009955612,0.1723308563232422
4125,0.19492064,0.19492064,0.080542535,0.068135895,0.012406636,0.1736452579498291,0.06955113,0.06955113
4126,0.19514698,0.19514698,0.074126676,0.06298342,0.011143255,0.1771993637084961
4127,0.19522826,0.19522826,0.069982275,0.060274165,0.009708107,0.17834234237670898
4128,0.1949841,0.1949841,0.071474515,0.060990844,0.010483673,0.17922520637512207
4129,0.19526307,0.19526307,0.07550353,0.064534284,0.010969241,0.18892288208007812
4130,0.19494991,0.19494991,0.06528632,0.055115096,0.010171226,0.18454360961914062,0.069964014,0.069964014
4131,0.19542708,0.19542708,0.07328062,0.06028619,0.0129944235,0.17888522148132324
4132,0.19508822,0.19508822,0.07051971,0.059515104,0.011004606,0.17628717422485352
4133,0.19486144,0.19486144,0.07300414,0.061187558,0.01181658,0.17197823524475098
4134,0.19510995,0.19510995,0.070798576,0.060826477,0.0099720955,0.17111706733703613
4135,0.1948728,0.1948728,0.07852077,0.06651908,0.012001689,0.17118120193481445,0.0699265,0.0699265
4136,0.19514862,0.19514862,0.07196556,0.060205273,0.011760285,0.17246270179748535
4137,0.19568168,0.19568168,0.07310169,0.062356837,0.010744852,0.1718769073486328
4138,0.19612728,0.19612728,0.07185508,0.059115916,0.012739166,0.17203593254089355
4139,0.1967721,0.1967721,0.069575354,0.0599083,0.009667051,0.17790985107421875
4140,0.19491577,0.19491577,0.06791747,0.05822247,0.009695006,0.1752316951751709,0.06964787,0.06964787
4141,0.1949515,0.1949515,0.06777384,0.058558665,0.009215178,0.17204618453979492
4142,0.19481061,0.19481061,0.07094212,0.059955526,0.010986594,0.17093825340270996
4143,0.195237,0.195237,0.071026914,0.061436825,0.009590089,0.17137718200683594
4144,0.19498463,0.19498463,0.06850072,0.05888328,0.009617438,0.17052388191223145
4145,0.19533195,0.19533195,0.0738834,0.061061673,0.0128217265,0.17154693603515625,0.069495104,0.069495104
4146,0.19540663,0.19540663,0.068828,0.058327876,0.010500126,0.17241120338439941
4147,0.19503711,0.19503711,0.06647158,0.056864277,0.009607304,0.18088531494140625
4148,0.19494942,0.19494942,0.072275795,0.059921972,0.012353821,0.18894004821777344
4149,0.19795349,0.19795349,0.06834793,0.058020394,0.010327539,0.18694305419921875
4150,0.19481128,0.19481128,0.066820785,0.05574906,0.011071723,0.17001652717590332,0.07037267,0.07037267
4151,0.19542332,0.19542332,0.0747644,0.06415021,0.010614191,0.17720842361450195
4152,0.196478,0.196478,0.06864782,0.058802854,0.009844963,0.17103838920593262
4153,0.19622628,0.19622628,0.069860786,0.058531623,0.011329162,0.17044878005981445
4154,0.19555815,0.19555815,0.07429252,0.06276525,0.011527268,0.1701672077178955
4155,0.19580449,0.19580449,0.06653954,0.055054113,0.0114854295,0.17052769660949707,0.07270687,0.07270687
4156,0.19536611,0.19536611,0.071686454,0.060999736,0.010686715,0.1744060516357422
4157,0.1950115,0.1950115,0.07128415,0.0603578,0.010926352,0.17587852478027344
4158,0.19572376,0.19572376,0.072064124,0.060373213,0.011690914,0.17097735404968262
4159,0.19546339,0.19546339,0.06602514,0.05498514,0.011039999,0.17165350914001465
4160,0.19564639,0.19564639,0.06433079,0.053838328,0.010492459,0.17012286186218262,0.07092767,0.07092767
4161,0.19555275,0.19555275,0.06622401,0.056137796,0.01008621,0.17058706283569336
4162,0.1952143,0.1952143,0.06767618,0.057149656,0.010526524,0.17017292976379395
4163,0.19565815,0.19565815,0.07101725,0.05850972,0.0125075355,0.17174673080444336
4164,0.19509521,0.19509521,0.0698381,0.057797182,0.012040919,0.17201924324035645
4165,0.19523512,0.19523512,0.07035734,0.058352113,0.012005221,0.1706545352935791,0.06968553,0.06968553
4166,0.19532043,0.19532043,0.065060124,0.055381294,0.0096788285,0.17038822174072266
4167,0.19486941,0.19486941,0.06779886,0.05753914,0.010259722,0.16430044174194336
4168,0.19607009,0.19607009,0.07077694,0.06066684,0.010110095,0.17050957679748535
4169,0.19497517,0.19497517,0.07467543,0.06354187,0.011133566,0.1699540615081787
4170,0.19490373,0.19490373,0.07006624,0.058809347,0.011256895,0.17186212539672852,0.0694726,0.0694726
4171,0.19543928,0.19543928,0.06992472,0.05985771,0.010067011,0.1715106964111328
4172,0.19748878,0.19748878,0.0606987,0.051126074,0.009572624,0.17045116424560547
4173,0.19524656,0.19524656,0.07357155,0.06250567,0.011065874,0.18348431587219238
4174,0.19526756,0.19526756,0.06826267,0.058296848,0.009965816,0.1832869052886963
4175,0.19519399,0.19519399,0.07198404,0.06013285,0.0118511915,0.16612577438354492,0.070554934,0.070554934
4176,0.19599351,0.19599351,0.071009815,0.06012987,0.010879948,0.168870210647583
4177,0.19623947,0.19623947,0.06274182,0.052679867,0.01006196,0.17091107368469238
4178,0.19506961,0.19506961,0.06877665,0.057771124,0.011005529,0.16743040084838867
4179,0.19591376,0.19591376,0.06900899,0.0577742,0.011234787,0.16614007949829102
4180,0.19504558,0.19504558,0.066775784,0.05621039,0.010565394,0.18020296096801758,0.07103055,0.07103055
4181,0.19513054,0.19513054,0.066954695,0.055999696,0.010954997,0.17364978790283203
4182,0.1950495,0.1950495,0.06823226,0.057600453,0.010631808,0.170426607131958
4183,0.19553529,0.19553529,0.0681891,0.057928402,0.010260701,0.17039060592651367
4184,0.1948746,0.1948746,0.06726323,0.05597816,0.011285073,0.17075443267822266
4185,0.19544475,0.19544475,0.06885472,0.05772692,0.011127801,0.17074847221374512,0.07024864,0.07024864
4186,0.19583729,0.19583729,0.071969286,0.06125156,0.010717727,0.1708676815032959
4187,0.19575225,0.19575225,0.07220978,0.058481015,0.013728765,0.1717662811279297
4188,0.19506007,0.19506007,0.06573058,0.0552132,0.010517375,0.1754932403564453
4189,0.19519268,0.19519268,0.07349706,0.061893053,0.011604002,0.1739356517791748
4190,0.19534229,0.19534229,0.06601976,0.054794878,0.011224882,0.17092633247375488,0.0694581,0.0694581
4191,0.19510807,0.19510807,0.067905694,0.058504097,0.009401594,0.1714332103729248
4192,0.19596538,0.19596538,0.07465012,0.06420667,0.010443458,0.17087340354919434
4193,0.19479717,0.19479717,0.074711554,0.064730644,0.00998091,0.17062616348266602
4194,0.19613796,0.19613796,0.07085341,0.06025207,0.010601345,0.17121243476867676
4195,0.19527349,0.19527349,0.06894351,0.056817077,0.012126429,0.1728510856628418,0.06968456,0.06968456
4196,0.19481452,0.19481452,0.07289849,0.06119573,0.011702765,0.1813344955444336
4197,0.19496031,0.19496031,0.07109429,0.06074924,0.010345053,0.17486214637756348
4198,0.19503422,0.19503422,0.06940265,0.057875603,0.011527045,0.17166590690612793
4199,0.19775684,0.19775684,0.06410645,0.05547624,0.008630206,0.17294621467590332
4200,0.19739658,0.19739658,0.06998063,0.059350736,0.010629892,0.16608142852783203,0.07156248,0.07156248
4201,0.19730245,0.19730245,0.07512385,0.063044325,0.012079518,0.16614222526550293
4202,0.19752982,0.19752982,0.06976176,0.05849024,0.011271523,0.1720442771911621
4203,0.19864933,0.19864933,0.06977229,0.05680211,0.012970183,0.17089366912841797
4204,0.2073957,0.2073957,0.07554073,0.063646406,0.011894325,0.16833138465881348
4205,0.19861583,0.19861583,0.06961604,0.05751779,0.012098256,0.16855406761169434,0.06953527,0.06953527
4206,0.20151451,0.20151451,0.067164645,0.05497127,0.012193371,0.17133116722106934
4207,0.19665414,0.19665414,0.066494025,0.054652717,0.0118413055,0.17324399948120117
4208,0.19741294,0.19741294,0.07246065,0.059855882,0.012604772,0.16706418991088867
4209,0.19780292,0.19780292,0.068182275,0.056471758,0.011710515,0.1702578067779541
4210,0.1964884,0.1964884,0.06883656,0.056061246,0.01277532,0.16839194297790527,0.07183506,0.07183506
4211,0.20390384,0.20390384,0.06914226,0.057174847,0.011967411,0.1808185577392578
4212,0.20438442,0.20438442,0.06274175,0.05183126,0.010910488,0.17783832550048828
4213,0.19769219,0.19769219,0.06817114,0.056446332,0.011724813,0.16943073272705078
4214,0.19644678,0.19644678,0.07135475,0.0593078,0.012046944,0.17181968688964844
4215,0.2112991,0.2112991,0.07054108,0.0582457,0.012295379,0.17130279541015625,0.07127947,0.07127947
4216,0.19842453,0.19842453,0.062291846,0.050997466,0.011294379,0.16867876052856445
4217,0.19813865,0.19813865,0.06695242,0.054660913,0.012291513,0.17165040969848633
4218,0.19954653,0.19954653,0.06783522,0.05633239,0.011502829,0.17049717903137207
4219,0.20356677,0.20356677,0.06436783,0.053633686,0.0107341455,0.16821980476379395
4220,0.20032312,0.20032312,0.06480452,0.055608533,0.009195981,0.17083740234375,0.0705272,0.0705272
4221,0.20521165,0.20521165,0.06983598,0.057433426,0.012402556,0.16579866409301758
4222,0.1991841,0.1991841,0.07224881,0.061323185,0.010925622,0.1710672378540039
4223,0.20921747,0.20921747,0.067655936,0.056871854,0.010784086,0.16666889190673828
4224,0.19907849,0.19907849,0.07439302,0.06249596,0.011897058,0.17256999015808105
4225,0.20089595,0.20089595,0.070179895,0.05918481,0.010995085,0.17189598083496094,0.08060516,0.08060516
4226,0.20602942,0.20602942,0.07335485,0.06176253,0.011592315,0.18960332870483398
4227,0.22176987,0.22176987,0.07229959,0.061067883,0.011231708,0.18758344650268555
4228,0.21121958,0.21121958,0.06665728,0.05555555,0.011101737,0.18046021461486816
4229,0.203145,0.203145,0.074917875,0.06298394,0.01193394,0.1795485019683838
4230,0.20365858,0.20365858,0.07539706,0.062275533,0.013121529,0.17236614227294922,0.07038159,0.07038159
4231,0.19867086,0.19867086,0.07449965,0.062005095,0.012494553,0.1710500717163086
4232,0.20161623,0.20161623,0.06398941,0.053429425,0.010559985,0.17048311233520508
4233,0.2041084,0.2041084,0.0697456,0.05769412,0.012051479,0.17144274711608887
4234,0.19861569,0.19861569,0.071393035,0.061787277,0.009605755,0.1722567081451416
4235,0.19861196,0.19861196,0.072002314,0.06106051,0.010941803,0.1720752716064453,0.0706389,0.0706389
4236,0.19964191,0.19964191,0.06481669,0.053812258,0.011004436,0.1820530891418457
4237,0.1986574,0.1986574,0.06622038,0.05633657,0.009883808,0.17326617240905762
4238,0.19823077,0.19823077,0.07352927,0.06082761,0.012701661,0.18239927291870117
4239,0.2000678,0.2000678,0.07317448,0.06090751,0.01226697,0.17974305152893066
4240,0.19910316,0.19910316,0.07192773,0.058734767,0.013192969,0.1708698272705078,0.07062805,0.07062805
4241,0.19946434,0.19946434,0.070447095,0.058798146,0.011648946,0.17257308959960938
4242,0.19940323,0.19940323,0.07180785,0.059661377,0.01214647,0.17179298400878906
4243,0.19731636,0.19731636,0.065134846,0.05455996,0.010574887,0.17162680625915527
4244,0.19932349,0.19932349,0.06786242,0.057272226,0.010590196,0.17295432090759277
4245,0.19640203,0.19640203,0.070254,0.058262683,0.011991313,0.18156075477600098,0.07051592,0.07051592
4246,0.19719566,0.19719566,0.07176733,0.059547126,0.012220207,0.18125367164611816
4247,0.1980277,0.1980277,0.06800496,0.057625245,0.010379713,0.1710522174835205
4248,0.19999328,0.19999328,0.07178001,0.06089754,0.010882474,0.1662592887878418
4249,0.19747551,0.19747551,0.06827168,0.05779936,0.010472322,0.17001962661743164
4250,0.19971836,0.19971836,0.075642854,0.063059,0.012583849,0.17713665962219238,0.070655786,0.070655786
4251,0.19639564,0.19639564,0.0674234,0.056087878,0.011335522,0.16666722297668457
4252,0.1984635,0.1984635,0.06487483,0.055464312,0.0094105145,0.17430424690246582
4253,0.19726174,0.19726174,0.07326921,0.06087436,0.012394852,0.18191099166870117
4254,0.19684581,0.19684581,0.06688915,0.056118302,0.010770848,0.18195128440856934
4255,0.19750267,0.19750267,0.07110731,0.0600701,0.011037216,0.1820998191833496,0.07094007,0.07094007
4256,0.19710922,0.19710922,0.071364984,0.059611846,0.011753141,0.17383193969726562
4257,0.19662969,0.19662969,0.06958692,0.05765795,0.011928969,0.17171001434326172
4258,0.19591723,0.19591723,0.06669539,0.05627823,0.01041716,0.1778550148010254
4259,0.19579156,0.19579156,0.06989548,0.05741606,0.012479427,0.17366719245910645
4260,0.19596633,0.19596633,0.0686438,0.05775038,0.010893421,0.17087984085083008,0.07176672,0.07176672
4261,0.19600101,0.19600101,0.07465524,0.06310708,0.011548159,0.17049431800842285
4262,0.19629478,0.19629478,0.063761674,0.050518833,0.013242841,0.17187809944152832
4263,0.1969133,0.1969133,0.06719201,0.05489935,0.012292664,0.1744825839996338
4264,0.19867073,0.19867073,0.07060063,0.059552398,0.011048231,0.17776870727539062
4265,0.19709273,0.19709273,0.071457,0.059088122,0.012368878,0.17468905448913574,0.07109394,0.07109394
4266,0.1958908,0.1958908,0.06690439,0.054934032,0.011970353,0.16665959358215332
4267,0.19615391,0.19615391,0.07454425,0.06250774,0.012036509,0.17090916633605957
4268,0.19563131,0.19563131,0.06645674,0.05475556,0.011701179,0.16705584526062012
4269,0.19652797,0.19652797,0.06834318,0.057154987,0.0111881895,0.17099332809448242
4270,0.19604993,0.19604993,0.077913366,0.0635529,0.014360462,0.17272233963012695,0.07044926,0.07044926
4271,0.19623776,0.19623776,0.063133955,0.052506268,0.010627684,0.18228483200073242
4272,0.19576791,0.19576791,0.06321098,0.05228313,0.010927851,0.1838970184326172
4273,0.19591865,0.19591865,0.065890096,0.053708274,0.012181823,0.17753958702087402
4274,0.19604003,0.19604003,0.07423953,0.061672606,0.012566924,0.17839431762695312
4275,0.1954816,0.1954816,0.06603528,0.055555616,0.010479661,0.1727135181427002,0.07033323,0.07033323
4276,0.19543572,0.19543572,0.0696508,0.059094455,0.010556347,0.17025446891784668
4277,0.19525613,0.19525613,0.06908636,0.05770412,0.011382233,0.17036223411560059
4278,0.19612435,0.19612435,0.06900482,0.058761444,0.010243377,0.17045855522155762
4279,0.19593617,0.19593617,0.0725831,0.059799515,0.012783586,0.17287421226501465
4280,0.19573554,0.19573554,0.0727026,0.060561724,0.012140876,0.1756589412689209,0.07022038,0.07022038
4281,0.19661933,0.19661933,0.064966284,0.05420955,0.010756738,0.1830153465270996
4282,0.19680336,0.19680336,0.074059516,0.06231703,0.0117424885,0.1790027618408203
4283,0.19602405,0.19602405,0.07203369,0.060072605,0.011961086,0.1749897003173828
4284,0.19552657,0.19552657,0.06842404,0.05686444,0.011559595,0.1705772876739502
4285,0.19532824,0.19532824,0.06967619,0.05871366,0.010962527,0.17115259170532227,0.06992971,0.06992971
4286,0.19551945,0.19551945,0.06898685,0.05508091,0.013905939,0.17382168769836426
4287,0.19652396,0.19652396,0.07383801,0.060270716,0.013567297,0.17188239097595215
4288,0.19528137,0.19528137,0.068454325,0.05680967,0.011644655,0.17370009422302246
4289,0.19616999,0.19616999,0.064371265,0.053636637,0.010734629,0.18089699745178223
4290,0.19550616,0.19550616,0.070148066,0.056039743,0.014108319,0.18049168586730957,0.0702606,0.0702606
4291,0.19600672,0.19600672,0.067914434,0.055874757,0.012039679,0.17573976516723633
4292,0.19539963,0.19539963,0.06771426,0.056520604,0.0111936545,0.17051982879638672
4293,0.1958269,0.1958269,0.06826057,0.05717799,0.011082582,0.1723461151123047
4294,0.19561669,0.19561669,0.0705365,0.058567118,0.011969384,0.17435288429260254
4295,0.19622007,0.19622007,0.0714159,0.060244422,0.011171482,0.17121267318725586,0.07037599,0.07037599
4296,0.1954938,0.1954938,0.07087279,0.057924367,0.0129484255,0.17418861389160156
4297,0.19544898,0.19544898,0.07125743,0.060587153,0.010670276,0.17286396026611328
4298,0.19543758,0.19543758,0.07104092,0.05987032,0.0111706,0.17382311820983887
4299,0.1956599,0.1956599,0.07525864,0.0613752,0.013883444,0.17305326461791992
4300,0.19512558,0.19512558,0.075044714,0.06093608,0.014108637,0.17154669761657715,0.06992485,0.06992485
4301,0.19506477,0.19506477,0.060307365,0.050563682,0.009743682,0.1731395721435547
4302,0.19511321,0.19511321,0.066948466,0.05620748,0.010740982,0.1723318099975586
4303,0.19516666,0.19516666,0.073422566,0.062280826,0.011141743,0.17215585708618164
4304,0.19511043,0.19511043,0.06843054,0.05716821,0.011262332,0.18055295944213867
4305,0.19675483,0.19675483,0.063932195,0.053285547,0.010646652,0.17249631881713867,0.0700186,0.0700186
4306,0.19560501,0.19560501,0.070183165,0.057355117,0.012828048,0.17345190048217773
4307,0.19516087,0.19516087,0.06945088,0.05838293,0.011067947,0.18023443222045898
4308,0.19579731,0.19579731,0.0691973,0.059065413,0.010131882,0.18198561668395996
4309,0.19682755,0.19682755,0.07102289,0.06034897,0.010673922,0.18002820014953613
4310,0.1964099,0.1964099,0.07225229,0.059754893,0.012497395,0.17610406875610352,0.07218045,0.07218045
4311,0.19570889,0.19570889,0.063384205,0.05347156,0.009912646,0.17219042778015137
4312,0.19976552,0.19976552,0.06716921,0.056019478,0.011149735,0.17365765571594238
4313,0.19630668,0.19630668,0.07237977,0.06070313,0.01167664,0.1860063076019287
4314,0.19527462,0.19527462,0.072475225,0.059894882,0.012580346,0.18504047393798828
4315,0.19559276,0.19559276,0.06602805,0.05352484,0.012503211,0.17515063285827637,0.070789434,0.070789434
4316,0.19544785,0.19544785,0.06849547,0.056992307,0.01150316,0.1788330078125
4317,0.19579276,0.19579276,0.064514756,0.0538224,0.010692355,0.17539048194885254
4318,0.19592525,0.19592525,0.07015199,0.05848432,0.011667674,0.18124938011169434
4319,0.19527806,0.19527806,0.07068263,0.05804415,0.012638481,0.18216347694396973
4320,0.19558601,0.19558601,0.06896272,0.058556654,0.010406068,0.1803748607635498,0.0702826,0.0702826
4321,0.19529526,0.19529526,0.07227531,0.05984527,0.012430046,0.1733384132385254
4322,0.19566634,0.19566634,0.070352614,0.059037942,0.011314673,0.17176175117492676
4323,0.19538803,0.19538803,0.06875674,0.057359926,0.011396811,0.17331433296203613
4324,0.19542731,0.19542731,0.067364894,0.05508426,0.0122806365,0.17144322395324707
4325,0.19541653,0.19541653,0.06800248,0.05559059,0.012411885,0.16524195671081543,0.06965356,0.06965356
4326,0.1960157,0.1960157,0.074606635,0.06286064,0.011745999,0.1694338321685791
4327,0.19563943,0.19563943,0.0662184,0.055260204,0.010958195,0.17101383209228516
4328,0.19539076,0.19539076,0.07356521,0.062178396,0.011386809,0.17093849182128906
4329,0.19648321,0.19648321,0.07131628,0.061430465,0.009885813,0.17017388343811035
4330,0.19563095,0.19563095,0.07113654,0.05714718,0.013989364,0.17039895057678223,0.069585614,0.069585614
4331,0.195405,0.195405,0.067626275,0.055337183,0.01228909,0.1710357666015625
4332,0.19545196,0.19545196,0.06677285,0.057237636,0.009535214,0.17292404174804688
4333,0.19650112,0.19650112,0.07177308,0.058839563,0.012933522,0.16532015800476074
4334,0.19605576,0.19605576,0.0715046,0.059657887,0.0118467165,0.17066359519958496
4335,0.19574134,0.19574134,0.063614376,0.052473053,0.011141324,0.17661786079406738,0.06964485,0.06964485
4336,0.1954158,0.1954158,0.06844081,0.057708398,0.010732412,0.1807544231414795
4337,0.19614808,0.19614808,0.06933331,0.056979094,0.012354217,0.17299723625183105
4338,0.19537717,0.19537717,0.067190275,0.05677124,0.010419036,0.1712646484375
4339,0.19730704,0.19730704,0.06845102,0.05701837,0.01143265,0.16999602317810059
4340,0.19521359,0.19521359,0.066062376,0.053616587,0.012445787,0.17084574699401855,0.06948692,0.06948692
4341,0.19499195,0.19499195,0.06246736,0.051364083,0.011103278,0.17137932777404785
4342,0.19504496,0.19504496,0.0679532,0.055823654,0.012129547,0.17185139656066895
4343,0.19521229,0.19521229,0.06927098,0.05538478,0.013886204,0.1801760196685791
4344,0.19494563,0.19494563,0.07151562,0.059689507,0.011826116,0.1711254119873047
4345,0.19590339,0.19590339,0.06668378,0.056509335,0.010174445,0.1719651222229004,0.0694039,0.0694039
4346,0.19549318,0.19549318,0.072097704,0.06085741,0.011240291,0.17043089866638184
4347,0.19495255,0.19495255,0.06234783,0.049966414,0.012381416,0.170623779296875
4348,0.19522023,0.19522023,0.073007494,0.060702268,0.012305224,0.17081618309020996
4349,0.19557095,0.19557095,0.0761251,0.06350538,0.01261972,0.17152976989746094
4350,0.19666442,0.19666442,0.066654116,0.05393389,0.012720229,0.16818833351135254,0.06943294,0.06943294
4351,0.19590087,0.19590087,0.06902698,0.057382647,0.011644332,0.17433929443359375
4352,0.19495346,0.19495346,0.071196705,0.058214035,0.012982668,0.1705634593963623
4353,0.1953217,0.1953217,0.07321759,0.060381435,0.012836157,0.1724710464477539
4354,0.19537431,0.19537431,0.06780636,0.055286463,0.012519898,0.1783919334411621
4355,0.19595174,0.19595174,0.06817466,0.054876216,0.013298447,0.16643404960632324,0.0706684,0.0706684
4356,0.19613874,0.19613874,0.066503495,0.05579108,0.010712415,0.17315959930419922
4357,0.19523011,0.19523011,0.0700555,0.057541575,0.012513925,0.1720595359802246
4358,0.1957452,0.1957452,0.0704973,0.05623475,0.014262544,0.16944336891174316
4359,0.19558498,0.19558498,0.0656638,0.052817672,0.01284613,0.17838311195373535
4360,0.19585705,0.19585705,0.07195005,0.058360614,0.0135894315,0.18047189712524414,0.06988392,0.06988392
4361,0.19524662,0.19524662,0.06676094,0.05592531,0.010835633,0.17129158973693848
4362,0.19518644,0.19518644,0.069908366,0.057194833,0.012713536,0.172562837600708
4363,0.19466414,0.19466414,0.06731457,0.05581409,0.011500481,0.17285513877868652
4364,0.19531158,0.19531158,0.07099005,0.057480738,0.013509308,0.17216062545776367
4365,0.19480047,0.19480047,0.06823397,0.055008627,0.013225338,0.17158198356628418,0.06947548,0.06947548
4366,0.19501789,0.19501789,0.06690559,0.05458766,0.012317928,0.1732163429260254
4367,0.19566494,0.19566494,0.068841085,0.0587512,0.010089887,0.17791032791137695
4368,0.19490276,0.19490276,0.07016905,0.057295673,0.012873373,0.16896843910217285
4369,0.1953841,0.1953841,0.06250461,0.050600253,0.011904361,0.1716139316558838
4370,0.19513912,0.19513912,0.065769866,0.052171126,0.013598739,0.17110157012939453,0.06938412,0.06938412
4371,0.19488117,0.19488117,0.06465108,0.052131366,0.012519713,0.17237377166748047
4372,0.19518943,0.19518943,0.06607596,0.05380172,0.012274237,0.17042088508605957
4373,0.19537894,0.19537894,0.0679382,0.05564754,0.012290661,0.16491913795471191
4374,0.19541499,0.19541499,0.07193069,0.059631974,0.012298714,0.17047452926635742
4375,0.19525401,0.19525401,0.06384867,0.05253882,0.011309848,0.17484784126281738,0.06935496,0.06935496
4376,0.19567962,0.19567962,0.07126731,0.057604305,0.013663003,0.17219829559326172
4377,0.202401,0.202401,0.06878947,0.05639101,0.012398459,0.1664130687713623
4378,0.19641362,0.19641362,0.06913935,0.056591596,0.012547747,0.17261886596679688
4379,0.19677131,0.19677131,0.06616455,0.055128336,0.0110362135,0.17131376266479492
4380,0.19579172,0.19579172,0.061361056,0.05178573,0.009575325,0.1710062026977539,0.07284097,0.07284097
4381,0.19699976,0.19699976,0.06481392,0.0540021,0.010811821,0.17250776290893555
4382,0.19728805,0.19728805,0.07442911,0.06180248,0.012626629,0.18175363540649414
4383,0.21189813,0.21189813,0.06956444,0.0578293,0.0117351385,0.1828768253326416
4384,0.19610138,0.19610138,0.068764366,0.056517214,0.012247154,0.18075132369995117
4385,0.20176543,0.20176543,0.06963178,0.056019224,0.013612554,0.17428278923034668,0.06969912,0.06969912
4386,0.20752807,0.20752807,0.06826733,0.0570903,0.011177028,0.1730952262878418
4387,0.2134228,0.2134228,0.07436884,0.06165849,0.0127103515,0.1728227138519287
4388,0.21385235,0.21385235,0.06901506,0.05441109,0.014603974,0.1715106964111328
4389,0.21311553,0.21311553,0.0701437,0.057798754,0.012344946,0.1806633472442627
4390,0.20567317,0.20567317,0.07017202,0.058759194,0.011412824,0.18764972686767578,0.07376932,0.07376932
4391,0.2117485,0.2117485,0.06691404,0.055751193,0.0111628445,0.17279624938964844
4392,0.20438626,0.20438626,0.06736778,0.053633418,0.013734362,0.17891836166381836
4393,0.20713013,0.20713013,0.062058996,0.05124254,0.010816455,0.18238353729248047
4394,0.3799041,0.3799041,0.06434311,0.054075837,0.010267269,0.18390679359436035
4395,0.21633452,0.21633452,0.079710454,0.06616179,0.0135486685,0.17905664443969727,0.09259176,0.09259176
4396,0.22880277,0.22880277,0.070302114,0.0567709,0.013531216,0.17374134063720703
4397,0.26363012,0.26363012,0.069019325,0.055612184,0.013407139,0.1727607250213623
4398,0.25699934,0.25699934,0.0678365,0.055755943,0.012080556,0.17418169975280762
4399,0.31015912,0.31015912,0.063742,0.052419864,0.01132213,0.1735553741455078
4400,0.27076232,0.27076232,0.06739844,0.05468215,0.012716284,0.17201638221740723,0.15236624,0.15236624
4401,0.28319862,0.28319862,0.06600834,0.052761074,0.0132472655,0.17226362228393555
4402,0.27152786,0.27152786,0.070412084,0.05792204,0.012490046,0.17992877960205078
4403,0.24579799,0.24579799,0.068946086,0.055830877,0.01311521,0.17834258079528809
4404,0.26696324,0.26696324,0.07080917,0.05886335,0.01194582,0.17122483253479004
4405,0.25457123,0.25457123,0.06838416,0.055605125,0.012779038,0.17699599266052246,0.13438475,0.13438475
4406,0.27040127,0.27040127,0.064842455,0.05261407,0.012228387,0.17351841926574707
4407,0.26181665,0.26181665,0.06967632,0.057011157,0.012665158,0.17258548736572266
4408,0.2826917,0.2826917,0.067653544,0.05738938,0.010264164,0.17322301864624023
4409,0.25589034,0.25589034,0.06907723,0.057716906,0.011360324,0.1729574203491211
4410,0.24316879,0.24316879,0.071659826,0.057183545,0.014476283,0.17462372779846191,0.10820844,0.10820844
4411,0.25107077,0.25107077,0.07414556,0.06196825,0.012177316,0.1728663444519043
4412,0.23978963,0.23978963,0.06779916,0.05559162,0.01220754,0.17688822746276855
4413,0.23347037,0.23347037,0.06887245,0.05749609,0.011376362,0.17485785484313965
4414,0.24386516,0.24386516,0.072108135,0.058072306,0.014035827,0.17775416374206543
4415,0.23644795,0.23644795,0.07048243,0.057734996,0.012747439,0.17807698249816895,0.0859837,0.0859837
4416,0.23553249,0.23553249,0.0659455,0.0533057,0.0126398,0.17497801780700684
4417,0.22540449,0.22540449,0.07266227,0.059003428,0.013658845,0.17784643173217773
4418,0.21861453,0.21861453,0.06895567,0.054649718,0.014305949,0.1774430274963379
4419,0.2325731,0.2325731,0.06773404,0.055298097,0.012435944,0.17789220809936523
4420,0.22876246,0.22876246,0.06933106,0.05740451,0.011926547,0.17442989349365234,0.0731906,0.0731906
4421,0.21626773,0.21626773,0.07480915,0.06224916,0.012559984,0.17909026145935059
4422,0.21667655,0.21667655,0.06739866,0.054359436,0.013039225,0.18660235404968262
4423,0.22177182,0.22177182,0.063071564,0.050644092,0.012427474,0.18775558471679688
4424,0.21564315,0.21564315,0.072746634,0.05793972,0.014806917,0.18253493309020996
4425,0.21666124,0.21666124,0.064837515,0.055005506,0.009832008,0.17779159545898438,0.073762745,0.073762745
4426,0.21250695,0.21250695,0.068740055,0.05609064,0.0126494095,0.1713416576385498
4427,0.21082401,0.21082401,0.06732937,0.05558612,0.011743252,0.17304396629333496
4428,0.20828481,0.20828481,0.06477091,0.053814393,0.010956512,0.17318320274353027
4429,0.21727943,0.21727943,0.06415348,0.0518048,0.012348682,0.1723778247833252
4430,0.2112355,0.2112355,0.068320334,0.056807052,0.011513283,0.17352676391601562,0.07121499,0.07121499
4431,0.20913073,0.20913073,0.0631065,0.053356078,0.009750419,0.17399024963378906
4432,0.2171325,0.2171325,0.071837984,0.060813066,0.011024919,0.1745312213897705
4433,0.22052296,0.22052296,0.06390838,0.052458394,0.011449986,0.17287397384643555
4434,0.21405973,0.21405973,0.07031223,0.05737827,0.01293396,0.17097830772399902
4435,0.21430868,0.21430868,0.067393415,0.055743232,0.011650184,0.17147541046142578,0.07029018,0.07029018
4436,0.20721285,0.20721285,0.07330767,0.060351845,0.012955824,0.1712651252746582
4437,0.20633297,0.20633297,0.0658915,0.054124694,0.0117668,0.1717395782470703
4438,0.21217498,0.21217498,0.06908796,0.056215648,0.012872315,0.17249250411987305
4439,0.20602956,0.20602956,0.06851101,0.05526169,0.013249321,0.173783540725708
4440,0.20237331,0.20237331,0.06599658,0.05394568,0.012050902,0.17682957649230957,0.07067618,0.07067618
4441,0.20190366,0.20190366,0.07175508,0.059354026,0.012401059,0.17678308486938477
4442,0.20047855,0.20047855,0.0658822,0.054448985,0.011433212,0.16916561126708984
4443,0.20630237,0.20630237,0.0739612,0.061873317,0.012087882,0.1716299057006836
4444,0.2048904,0.2048904,0.06465432,0.052176706,0.012477618,0.1713247299194336
4445,0.20957252,0.20957252,0.064223684,0.05084704,0.013376644,0.17150354385375977,0.07044098,0.07044098
4446,0.21526426,0.21526426,0.07120757,0.0589947,0.012212872,0.17017078399658203
4447,0.20778541,0.20778541,0.07197512,0.0589208,0.013054318,0.1718125343322754
4448,0.20666558,0.20666558,0.06549116,0.052383695,0.013107466,0.17094969749450684
4449,0.2145604,0.2145604,0.069747426,0.056151975,0.013595452,0.17937779426574707
4450,0.21492474,0.21492474,0.06379008,0.052283954,0.01150613,0.17232966423034668,0.07168659,0.07168659
4451,0.21817088,0.21817088,0.0656497,0.053378865,0.01227084,0.17228913307189941
4452,0.2128238,0.2128238,0.0632926,0.05154293,0.011749668,0.17103981971740723
4453,0.20808052,0.20808052,0.06874653,0.057510864,0.011235664,0.17345690727233887
4454,0.20695107,0.20695107,0.06708849,0.055572115,0.01151638,0.1727733612060547
4455,0.2047336,0.2047336,0.061928198,0.04969231,0.0122358855,0.17036867141723633,0.07164363,0.07164363
4456,0.20502694,0.20502694,0.070837654,0.058778558,0.012059095,0.1799466609954834
4457,0.21169159,0.21169159,0.07007655,0.058979545,0.011097005,0.18156838417053223
4458,0.2054491,0.2054491,0.06391336,0.05269261,0.011220747,0.18342161178588867
4459,0.20594017,0.20594017,0.07262634,0.061756093,0.010870245,0.1764664649963379
4460,0.20535725,0.20535725,0.07277338,0.060848933,0.0119244475,0.17179417610168457,0.070191555,0.070191555
4461,0.20824617,0.20824617,0.073319405,0.062732905,0.010586499,0.17176604270935059
4462,0.2032364,0.2032364,0.072134756,0.05918818,0.012946574,0.17192888259887695
4463,0.20288737,0.20288737,0.073799334,0.060824245,0.012975092,0.17280292510986328
4464,0.20460224,0.20460224,0.06793462,0.057363536,0.010571085,0.17216897010803223
4465,0.20475845,0.20475845,0.06586877,0.054955028,0.0109137455,0.1709301471710205,0.07020327,0.07020327
4466,0.19871844,0.19871844,0.065718114,0.054636206,0.011081909,0.1837139129638672
4467,0.20322093,0.20322093,0.06559978,0.05309734,0.012502437,0.1813344955444336
4468,0.20302002,0.20302002,0.0690609,0.05722323,0.011837667,0.17591595649719238
4469,0.2003524,0.2003524,0.06260764,0.050703205,0.011904432,0.17177081108093262
4470,0.20098102,0.20098102,0.066014156,0.05455124,0.011462914,0.1732625961303711,0.070582055,0.070582055
4471,0.20189182,0.20189182,0.07031598,0.057089735,0.013226247,0.17150020599365234
4472,0.20274673,0.20274673,0.06430573,0.05314683,0.011158901,0.1722545623779297
4473,0.20418327,0.20418327,0.06838314,0.05745987,0.010923277,0.17383480072021484
4474,0.20291454,0.20291454,0.06405182,0.05232122,0.011730598,0.1738290786743164
4475,0.22122161,0.22122161,0.068575926,0.05740769,0.011168239,0.17177057266235352,0.070827,0.070827
4476,0.20202127,0.20202127,0.06969188,0.057550676,0.012141204,0.18416523933410645
4477,0.21450235,0.21450235,0.06797168,0.05563849,0.012333185,0.17739582061767578
4478,0.24932487,0.24932487,0.068668544,0.056480728,0.012187818,0.17313194274902344
4479,0.2462462,0.2462462,0.07273422,0.06098366,0.01175056,0.1723780632019043
4480,0.24459255,0.24459255,0.0685284,0.0561026,0.012425802,0.17342734336853027,0.15179329,0.15179329
4481,0.24505255,0.24505255,0.06861288,0.055019356,0.013593527,0.17291593551635742
4482,0.24072559,0.24072559,0.06292509,0.051624037,0.011301056,0.17360949516296387
4483,0.2284029,0.2284029,0.06948798,0.056445014,0.01304297,0.17443346977233887
4484,0.22363727,0.22363727,0.06846495,0.056447826,0.012017126,0.17685174942016602
4485,0.22224382,0.22224382,0.062078126,0.05116045,0.010917673,0.18278098106384277,0.079730175,0.079730175
4486,0.21849811,0.21849811,0.06967292,0.055957764,0.013715154,0.17764735221862793
4487,0.21718144,0.21718144,0.07572586,0.06389318,0.011832682,0.1748359203338623
4488,0.21533568,0.21533568,0.06888915,0.057704765,0.011184385,0.17135119438171387
4489,0.21875583,0.21875583,0.06436525,0.053046674,0.011318576,0.16752862930297852
4490,0.2174565,0.2174565,0.07100181,0.05889128,0.012110529,0.16833281517028809,0.07368893,0.07368893
4491,0.21092182,0.21092182,0.0665641,0.055512026,0.011052071,0.1664285659790039
4492,0.21353973,0.21353973,0.065084025,0.052782625,0.012301403,0.17085623741149902
4493,0.21310459,0.21310459,0.065777995,0.054599673,0.011178321,0.1785571575164795
4494,0.21034752,0.21034752,0.0677007,0.05644681,0.011253887,0.17092609405517578
4495,0.20894189,0.20894189,0.06896639,0.055574637,0.013391752,0.16939663887023926,0.07502755,0.07502755
4496,0.20806704,0.20806704,0.06958648,0.058093753,0.011492723,0.1704709529876709
4497,0.21108383,0.21108383,0.066690505,0.055098794,0.01159171,0.17212533950805664
4498,0.21067601,0.21067601,0.06182409,0.04997004,0.011854052,0.17140412330627441
4499,0.2078157,0.2078157,0.065211035,0.053758923,0.011452113,0.1721482276916504
4500,0.21147998,0.21147998,0.06767994,0.054687656,0.012992286,0.17379188537597656,0.071317695,0.071317695
4501,0.2091594,0.2091594,0.073636696,0.05970081,0.013935885,0.18149709701538086
4502,0.20440759,0.20440759,0.069573484,0.056346424,0.013227058,0.18195033073425293
4503,0.2059784,0.2059784,0.067632146,0.056184664,0.011447479,0.17845726013183594
4504,0.20369186,0.20369186,0.069131315,0.05607123,0.013060086,0.17383980751037598
4505,0.20492703,0.20492703,0.066522405,0.053754084,0.012768317,0.17243456840515137,0.07045552,0.07045552
4506,0.20552467,0.20552467,0.07325342,0.06156636,0.011687061,0.17646455764770508
4507,0.20222637,0.20222637,0.07810675,0.06310597,0.015000781,0.17153120040893555
4508,0.20426379,0.20426379,0.07090255,0.05672688,0.014175666,0.17168283462524414
4509,0.20370218,0.20370218,0.06885372,0.057033077,0.011820648,0.17312073707580566
4510,0.20375656,0.20375656,0.0698534,0.056703888,0.013149514,0.18724370002746582,0.07008886,0.07008886
4511,0.21065114,0.21065114,0.06917392,0.05631086,0.012863056,0.18187308311462402
4512,0.2035118,0.2035118,0.06598174,0.054602318,0.011379423,0.18757200241088867
4513,0.2043308,0.2043308,0.066325694,0.0545261,0.011799594,0.18591642379760742
4514,0.20599818,0.20599818,0.07561872,0.062496476,0.013122244,0.17927193641662598
4515,0.20515227,0.20515227,0.07115337,0.05831847,0.012834903,0.17812275886535645,0.069748335,0.069748335
4516,0.2045137,0.2045137,0.0683665,0.05649143,0.011875063,0.17786860466003418
4517,0.20460632,0.20460632,0.068600945,0.05537342,0.013227525,0.1787431240081787
4518,0.20115894,0.20115894,0.06904379,0.056436747,0.012607045,0.17349028587341309
4519,0.19979526,0.19979526,0.07239304,0.058993194,0.013399841,0.17711257934570312
4520,0.20344144,0.20344144,0.07498678,0.06066702,0.014319757,0.17658329010009766,0.07031967,0.07031967
4521,0.20312163,0.20312163,0.06693636,0.055074986,0.011861373,0.18088364601135254
4522,0.2063026,0.2063026,0.072447196,0.05910809,0.013339104,0.187819242477417
4523,0.20452197,0.20452197,0.06760194,0.054889914,0.012712026,0.18826627731323242
4524,0.20587155,0.20587155,0.062695995,0.051441614,0.011254382,0.18849658966064453
4525,0.20256108,0.20256108,0.065953776,0.05357101,0.012382767,0.17818284034729004,0.07003107,0.07003107
4526,0.20432392,0.20432392,0.07309216,0.059039038,0.014053125,0.18076252937316895
4527,0.20045546,0.20045546,0.06472865,0.052973356,0.01175529,0.17797374725341797
4528,0.20279613,0.20279613,0.06806375,0.055250883,0.0128128715,0.17682242393493652
4529,0.20096385,0.20096385,0.06787155,0.054939523,0.012932027,0.17834997177124023
4530,0.20357113,0.20357113,0.069634475,0.056590453,0.013044025,0.17831134796142578,0.06982096,0.06982096
4531,0.20113704,0.20113704,0.065003455,0.05287664,0.012126817,0.1755993366241455
4532,0.2032018,0.2032018,0.06731402,0.054769572,0.012544449,0.17804813385009766
4533,0.20444062,0.20444062,0.06917498,0.054477233,0.014697748,0.1778278350830078
4534,0.20371352,0.20371352,0.07117239,0.056391254,0.014781132,0.17537426948547363
4535,0.20235288,0.20235288,0.06519247,0.05285492,0.012337547,0.18070054054260254,0.07020951,0.07020951
4536,0.19952886,0.19952886,0.06592191,0.054608427,0.011313484,0.18812823295593262
4537,0.20320901,0.20320901,0.06410492,0.051630054,0.012474871,0.18405628204345703
4538,0.20019867,0.20019867,0.069939345,0.055786416,0.014152933,0.18111491203308105
4539,0.1989162,0.1989162,0.06791893,0.053991668,0.013927258,0.17720413208007812
4540,0.204159,0.204159,0.075806186,0.06041405,0.015392134,0.17346668243408203,0.06981937,0.06981937
4541,0.20219906,0.20219906,0.067910634,0.055375647,0.012534984,0.17861270904541016
4542,0.1995364,0.1995364,0.067910485,0.056750488,0.011159996,0.176133394241333
4543,0.2022673,0.2022673,0.06866001,0.05397997,0.014680046,0.17763757705688477
4544,0.20207317,0.20207317,0.066610456,0.052544113,0.014066344,0.17861104011535645
4545,0.20066766,0.20066766,0.070461854,0.056294173,0.014167679,0.17732667922973633,0.06982195,0.06982195
4546,0.19998387,0.19998387,0.0774337,0.06223646,0.015197238,0.1721649169921875
4547,0.20355773,0.20355773,0.064075425,0.05259181,0.011483616,0.18093490600585938
4548,0.20093082,0.20093082,0.06952119,0.05715979,0.012361401,0.18118500709533691
4549,0.20164794,0.20164794,0.07139367,0.058032792,0.013360877,0.18131685256958008
4550,0.20158069,0.20158069,0.068836614,0.055181976,0.013654642,0.18090105056762695,0.06976309,0.06976309
4551,0.19785556,0.19785556,0.06666137,0.052656732,0.014004638,0.17275285720825195
4552,0.19905777,0.19905777,0.07123521,0.058202785,0.013032422,0.16965723037719727
4553,0.20182037,0.20182037,0.06929727,0.055728786,0.013568484,0.17017698287963867
4554,0.20322345,0.20322345,0.072195165,0.057560243,0.014634919,0.17047929763793945
4555,0.19987376,0.19987376,0.065824546,0.052043293,0.013781254,0.1702592372894287,0.06988194,0.06988194
4556,0.20403787,0.20403787,0.06966849,0.057540044,0.012128443,0.1714611053466797
4557,0.19900648,0.19900648,0.06976206,0.056091297,0.013670761,0.18593144416809082
4558,0.19897659,0.19897659,0.07040172,0.057176296,0.013225426,0.18253254890441895
4559,0.20217697,0.20217697,0.06837959,0.055092916,0.013286671,0.1780717372894287
4560,0.20131658,0.20131658,0.06141687,0.048688162,0.01272871,0.1710371971130371,0.07014491,0.07014491
4561,0.19965096,0.19965096,0.06530145,0.053913698,0.01138775,0.1723341941833496
4562,0.20001282,0.20001282,0.06500688,0.052810613,0.012196268,0.17152166366577148
4563,0.2018704,0.2018704,0.071899876,0.05666131,0.015238566,0.17430496215820312
4564,0.19947666,0.19947666,0.06423045,0.05198939,0.012241061,0.17809295654296875
4565,0.19929813,0.19929813,0.063290015,0.051115047,0.01217497,0.18010902404785156,0.07058657,0.07058657
4566,0.19902073,0.19902073,0.065367885,0.05331741,0.012050477,0.1846764087677002
4567,0.20097858,0.20097858,0.068466134,0.055296533,0.013169604,0.18664264678955078
4568,0.19980545,0.19980545,0.06869965,0.055893756,0.012805895,0.18117904663085938
4569,0.20054083,0.20054083,0.07282901,0.05991443,0.012914581,0.18172860145568848
4570,0.19865417,0.19865417,0.07495812,0.06261831,0.012339817,0.17783355712890625,0.07015163,0.07015163
4571,0.2029966,0.2029966,0.06731607,0.05501906,0.012297011,0.17133212089538574
4572,0.19861801,0.19861801,0.06903753,0.05731774,0.011719785,0.17062759399414062
4573,0.20035666,0.20035666,0.0683551,0.054291613,0.014063487,0.17084240913391113
4574,0.1990102,0.1990102,0.07299366,0.059770174,0.013223485,0.17110085487365723
4575,0.1999789,0.1999789,0.067886956,0.055723425,0.012163534,0.17073822021484375,0.0699461,0.0699461
4576,0.20000951,0.20000951,0.06496566,0.05403294,0.01093272,0.17097687721252441
4577,0.19948642,0.19948642,0.060021948,0.047525253,0.012496696,0.1717529296875
4578,0.19889207,0.19889207,0.06724485,0.05401783,0.013227018,0.17101311683654785
4579,0.20040199,0.20040199,0.07019381,0.056194913,0.013998901,0.17243075370788574
4580,0.2011078,0.2011078,0.07302264,0.06030272,0.01271992,0.17044734954833984,0.06989883,0.06989883
4581,0.20034969,0.20034969,0.06961689,0.056795143,0.01282175,0.17152857780456543
4582,0.20292637,0.20292637,0.0667996,0.053752925,0.013046678,0.17162704467773438
4583,0.20016399,0.20016399,0.0691489,0.056589432,0.01255947,0.17144513130187988
4584,0.1986293,0.1986293,0.075646654,0.060405135,0.015241516,0.17193937301635742
4585,0.20028219,0.20028219,0.06495747,0.052767266,0.012190207,0.17436599731445312,0.070145614,0.070145614
4586,0.19909538,0.19909538,0.06504127,0.053235944,0.011805323,0.1719658374786377
4587,0.19962081,0.19962081,0.07157753,0.05594047,0.015637057,0.17182564735412598
4588,0.1988813,0.1988813,0.065404095,0.05381443,0.011589665,0.17096376419067383
4589,0.19908646,0.19908646,0.062820844,0.050454143,0.012366702,0.17209267616271973
4590,0.20298995,0.20298995,0.06712878,0.05518418,0.0119445985,0.17154407501220703,0.07016493,0.07016493
4591,0.1984909,0.1984909,0.06299335,0.05179656,0.011196789,0.17154335975646973
4592,0.19968462,0.19968462,0.0723135,0.058806993,0.013506509,0.17566490173339844
4593,0.19999336,0.19999336,0.0689396,0.054819297,0.014120299,0.18129277229309082
4594,0.1987616,0.1987616,0.06489596,0.052106947,0.012789008,0.1816718578338623
4595,0.19845517,0.19845517,0.065862715,0.05332039,0.012542323,0.17496752738952637,0.07033239,0.07033239
4596,0.19934975,0.19934975,0.062375035,0.04886339,0.0135116475,0.17137742042541504
4597,0.19873098,0.19873098,0.06980087,0.055786423,0.014014448,0.16991853713989258
4598,0.19958492,0.19958492,0.06566054,0.05245614,0.013204392,0.17114901542663574
4599,0.20075795,0.20075795,0.06801615,0.054612566,0.013403585,0.17113471031188965
4600,0.20021473,0.20021473,0.07072805,0.057823237,0.01290481,0.17119526863098145,0.07035994,0.07035994
4601,0.19855197,0.19855197,0.06456701,0.052398324,0.012168682,0.17160654067993164
4602,0.19876456,0.19876456,0.067154594,0.05512087,0.012033722,0.17561936378479004
4603,0.19881572,0.19881572,0.061581492,0.049800634,0.011780858,0.17336821556091309
4604,0.19843355,0.19843355,0.06834338,0.054752126,0.013591253,0.17085528373718262
4605,0.20046061,0.20046061,0.06800971,0.05509868,0.012911031,0.1713266372680664,0.07022349,0.07022349
4606,0.20004131,0.20004131,0.061626654,0.04915202,0.012474634,0.17522788047790527
4607,0.19837934,0.19837934,0.072993994,0.058215145,0.014778852,0.1753702163696289
4608,0.19806169,0.19806169,0.06810488,0.055241477,0.012863404,0.17748570442199707
4609,0.19843484,0.19843484,0.06913114,0.056832638,0.012298505,0.17150354385375977
4610,0.1975497,0.1975497,0.065866224,0.054310776,0.011555451,0.18133759498596191,0.07040332,0.07040332
4611,0.19781202,0.19781202,0.064812556,0.052880578,0.011931981,0.18003535270690918
4612,0.19803648,0.19803648,0.06683424,0.05419746,0.0126367835,0.1747128963470459
4613,0.19879378,0.19879378,0.06576508,0.054594472,0.011170613,0.17061686515808105
4614,0.19777282,0.19777282,0.061254226,0.05035397,0.010900255,0.17084836959838867
4615,0.19840051,0.19840051,0.06760414,0.056150563,0.0114535745,0.1709892749786377,0.07077716,0.07077716
4616,0.1980115,0.1980115,0.06834725,0.056006894,0.0123403575,0.17230701446533203
4617,0.1991419,0.1991419,0.069592945,0.05719764,0.0123953065,0.1722412109375
4618,0.1972044,0.1972044,0.073624365,0.05973033,0.013894034,0.1718592643737793
4619,0.20065193,0.20065193,0.06854283,0.056298777,0.012244051,0.1759507656097412
4620,0.19859779,0.19859779,0.06909127,0.055903174,0.013188095,0.17363691329956055,0.07067492,0.07067492
4621,0.19676201,0.19676201,0.0737206,0.059225976,0.014494621,0.1675729751586914
4622,0.19789256,0.19789256,0.068238266,0.054856982,0.013381284,0.16614389419555664
4623,0.19800022,0.19800022,0.06999682,0.05780992,0.012186899,0.17001843452453613
4624,0.19926685,0.19926685,0.06389777,0.051731523,0.012166254,0.1699390411376953
4625,0.1970529,0.1970529,0.06639504,0.052961253,0.013433785,0.16649651527404785,0.07042717,0.07042717
4626,0.19849208,0.19849208,0.06565507,0.05327085,0.0123842135,0.17107415199279785
4627,0.19804874,0.19804874,0.0766363,0.06277593,0.0138603635,0.1706254482269287
4628,0.19805717,0.19805717,0.07288651,0.05946859,0.013417921,0.17212772369384766
4629,0.19784248,0.19784248,0.06618263,0.05416359,0.012019035,0.17133617401123047
4630,0.19706324,0.19706324,0.06736939,0.055407163,0.011962221,0.17209434509277344,0.07052494,0.07052494
4631,0.19770683,0.19770683,0.064451955,0.05203779,0.012414162,0.17125487327575684
4632,0.2001366,0.2001366,0.070185795,0.058838867,0.011346926,0.17144155502319336
4633,0.19994198,0.19994198,0.064213686,0.050773777,0.01343991,0.17273688316345215
4634,0.19989856,0.19989856,0.0667644,0.053866215,0.012898186,0.18115448951721191
4635,0.19751246,0.19751246,0.070640124,0.054676667,0.015963456,0.1804065704345703,0.07025961,0.07025961
4636,0.19710766,0.19710766,0.07378889,0.059595298,0.0141935935,0.17419886589050293
4637,0.19714682,0.19714682,0.0676885,0.054223184,0.013465322,0.17635226249694824
4638,0.19773655,0.19773655,0.06590608,0.054124568,0.01178151,0.1707320213317871
4639,0.19873759,0.19873759,0.06814886,0.056068055,0.012080806,0.17429637908935547
4640,0.19899161,0.19899161,0.06913735,0.054494895,0.014642457,0.17080020904541016,0.070331246,0.070331246
4641,0.20016733,0.20016733,0.061476037,0.047927134,0.013548904,0.1713573932647705
4642,0.19766277,0.19766277,0.07216366,0.05973826,0.012425394,0.18002653121948242
4643,0.19845977,0.19845977,0.06519568,0.05254233,0.012653353,0.1927337646484375
4644,0.19857632,0.19857632,0.07087944,0.057451557,0.013427881,0.18411684036254883
4645,0.1987271,0.1987271,0.06384947,0.051103704,0.01274577,0.1854417324066162,0.07043373,0.07043373
4646,0.19759144,0.19759144,0.07017551,0.05750075,0.012674765,0.17938685417175293
4647,0.19835785,0.19835785,0.06468971,0.05134184,0.0133478725,0.17609381675720215
4648,0.19817477,0.19817477,0.068453446,0.05598577,0.012467673,0.17025327682495117
4649,0.20078094,0.20078094,0.06452377,0.05168396,0.01283981,0.17001676559448242
4650,0.19891459,0.19891459,0.06448631,0.0518723,0.012614004,0.17035722732543945,0.0703956,0.0703956
4651,0.19967142,0.19967142,0.06995178,0.05580934,0.014142437,0.1711275577545166
4652,0.1971833,0.1971833,0.06614869,0.053239185,0.012909503,0.17119431495666504
4653,0.19750717,0.19750717,0.06461936,0.051073045,0.013546316,0.1765906810760498
4654,0.1967051,0.1967051,0.06244343,0.05044743,0.011996001,0.18137860298156738
4655,0.19933102,0.19933102,0.063578464,0.05056639,0.013012075,0.1766197681427002,0.070442215,0.070442215
4656,0.19784832,0.19784832,0.069533885,0.056075092,0.013458793,0.17146706581115723
4657,0.20014131,0.20014131,0.06807165,0.055016275,0.013055375,0.17744755744934082
4658,0.1993355,0.1993355,0.068341285,0.055620767,0.012720514,0.17238402366638184
4659,0.197189,0.197189,0.062111713,0.050379146,0.011732569,0.17167186737060547
4660,0.19728827,0.19728827,0.07037998,0.055333395,0.015046585,0.17096614837646484,0.07053449,0.07053449
4661,0.19798975,0.19798975,0.07113886,0.05721007,0.01392879,0.16700410842895508
4662,0.19683078,0.19683078,0.06333172,0.05134927,0.011982449,0.16758346557617188
4663,0.19705169,0.19705169,0.06402989,0.051278833,0.012751054,0.17788147926330566
4664,0.19816905,0.19816905,0.070880055,0.057961114,0.012918943,0.1726088523864746
4665,0.1968338,0.1968338,0.06849495,0.055464298,0.013030655,0.17228364944458008,0.07036524,0.07036524
4666,0.19741225,0.19741225,0.066621564,0.05338291,0.0132386545,0.17163443565368652
4667,0.199499,0.199499,0.0649248,0.052768245,0.012156555,0.1706702709197998
4668,0.19866975,0.19866975,0.06731451,0.054611485,0.012703029,0.169952392578125
4669,0.19917488,0.19917488,0.0702463,0.05689802,0.013348284,0.16766619682312012
4670,0.19788024,0.19788024,0.064180344,0.052191805,0.0119885355,0.17162537574768066,0.07048892,0.07048892
4671,0.19937238,0.19937238,0.06873356,0.055456605,0.0132769495,0.16733050346374512
4672,0.19902171,0.19902171,0.06975429,0.05811121,0.01164308,0.17123651504516602
4673,0.19627121,0.19627121,0.0640198,0.051649388,0.012370414,0.16805315017700195
4674,0.1978427,0.1978427,0.06716397,0.05384881,0.013315156,0.16676616668701172
4675,0.19749923,0.19749923,0.06948306,0.057070065,0.012412995,0.1709301471710205,0.070798986,0.070798986
4676,0.19867924,0.19867924,0.06705528,0.053912956,0.013142319,0.17169666290283203
4677,0.19904403,0.19904403,0.06021335,0.05056217,0.009651179,0.17333269119262695
4678,0.19805965,0.19805965,0.07156891,0.057555668,0.014013237,0.18169426918029785
4679,0.1983176,0.1983176,0.072286986,0.059250813,0.013036172,0.1752336025238037
4680,0.19739911,0.19739911,0.06648861,0.05472174,0.011766869,0.17112112045288086,0.07063236,0.07063236
4681,0.19785276,0.19785276,0.066573896,0.05399844,0.012575453,0.17319202423095703
4682,0.19709173,0.19709173,0.06790921,0.054872148,0.01303706,0.17252230644226074
4683,0.19626045,0.19626045,0.06277499,0.05099717,0.011777821,0.17096829414367676
4684,0.19785449,0.19785449,0.068298474,0.055433486,0.012864987,0.1712169647216797
4685,0.19799548,0.19799548,0.06643042,0.054533053,0.011897363,0.17268610000610352,0.07055537,0.07055537
4686,0.1970119,0.1970119,0.071515605,0.05747025,0.014045356,0.17988300323486328
4687,0.19698887,0.19698887,0.06288342,0.05183104,0.011052382,0.18325185775756836
4688,0.19701816,0.19701816,0.07122604,0.05904702,0.012179019,0.17674684524536133
4689,0.19795462,0.19795462,0.066850655,0.05402238,0.012828277,0.1723029613494873
4690,0.19833738,0.19833738,0.062136747,0.050802764,0.011333985,0.17610502243041992,0.070535116,0.070535116
4691,0.19757953,0.19757953,0.06889438,0.056122262,0.012772114,0.17269182205200195
4692,0.19707075,0.19707075,0.06460251,0.051691048,0.012911458,0.17514991760253906
4693,0.19611286,0.19611286,0.06626039,0.053880103,0.012380288,0.17186594009399414
4694,0.1978897,0.1978897,0.061955653,0.050745584,0.011210068,0.1731090545654297
4695,0.1968277,0.1968277,0.072258785,0.06025419,0.012004598,0.18028831481933594,0.070517056,0.070517056
4696,0.19813238,0.19813238,0.06666431,0.05180117,0.014863139,0.18066644668579102
4697,0.19800003,0.19800003,0.07218354,0.057996772,0.014186767,0.18160152435302734
4698,0.19810778,0.19810778,0.068969235,0.0567288,0.012240432,0.1816415786743164
4699,0.19707598,0.19707598,0.065556236,0.051927023,0.01362921,0.17557001113891602
4700,0.19763888,0.19763888,0.06483976,0.052932963,0.011906792,0.17055344581604004,0.07077127,0.07077127
4701,0.19896431,0.19896431,0.06883428,0.05610452,0.012729764,0.17335796356201172
4702,0.19740783,0.19740783,0.07365476,0.058386642,0.01526812,0.17136120796203613
4703,0.19741075,0.19741075,0.06900365,0.05693239,0.01207126,0.17148041725158691
4704,0.19721265,0.19721265,0.06597551,0.05191957,0.014055944,0.17240428924560547
4705,0.19728085,0.19728085,0.067307405,0.054231223,0.013076182,0.17997264862060547,0.07071622,0.07071622
4706,0.20038465,0.20038465,0.06577224,0.053348966,0.012423277,0.1721785068511963
4707,0.19735125,0.19735125,0.065500356,0.050435293,0.01506506,0.17143559455871582
4708,0.1979713,0.1979713,0.06560977,0.05280821,0.012801555,0.1668105125427246
4709,0.19794555,0.19794555,0.070316695,0.05677888,0.013537813,0.17733502388000488
4710,0.19791354,0.19791354,0.06483302,0.052192856,0.012640167,0.17074823379516602,0.07070478,0.07070478
4711,0.19794928,0.19794928,0.069267064,0.057641614,0.011625452,0.17189526557922363
4712,0.19743378,0.19743378,0.070853345,0.05711866,0.013734682,0.1703963279724121
4713,0.19750133,0.19750133,0.06782098,0.054398358,0.013422622,0.1657099723815918
4714,0.19699886,0.19699886,0.06458232,0.051735487,0.0128468275,0.1804966926574707
4715,0.19789772,0.19789772,0.06956945,0.0566022,0.012967253,0.17842364311218262,0.07080808,0.07080808
4716,0.19678874,0.19678874,0.06948352,0.056761745,0.012721776,0.17200541496276855
4717,0.19627227,0.19627227,0.06925676,0.05544027,0.013816494,0.17003464698791504
4718,0.19691843,0.19691843,0.06442477,0.052442655,0.011982115,0.17128419876098633
4719,0.19750527,0.19750527,0.06744653,0.05409732,0.01334921,0.17090797424316406
4720,0.19764763,0.19764763,0.06670012,0.054617614,0.012082511,0.17151975631713867,0.07087927,0.07087927
4721,0.19703601,0.19703601,0.06770596,0.053425275,0.014280685,0.17269492149353027
4722,0.19764096,0.19764096,0.060174316,0.04880388,0.011370436,0.17574024200439453
4723,0.19717373,0.19717373,0.068114735,0.05552434,0.012590395,0.17363452911376953
4724,0.1980332,0.1980332,0.06867431,0.05642721,0.012247104,0.17252540588378906
4725,0.19645523,0.19645523,0.07190671,0.05617658,0.015730128,0.1720259189605713,0.07054212,0.07054212
4726,0.19759983,0.19759983,0.07074244,0.05641624,0.014326202,0.17133069038391113
4727,0.19621742,0.19621742,0.0631382,0.04977125,0.013366952,0.17139458656311035
4728,0.19811927,0.19811927,0.06768551,0.054232884,0.01345262,0.1707770824432373
4729,0.19755955,0.19755955,0.06507413,0.053272795,0.01180134,0.17119765281677246
4730,0.19654624,0.19654624,0.07171502,0.05716409,0.01455093,0.1774921417236328,0.07093014,0.07093014
4731,0.19628677,0.19628677,0.064753,0.05176784,0.012985163,0.17150592803955078
4732,0.19724315,0.19724315,0.06803009,0.056901027,0.0111290645,0.17288446426391602
4733,0.19763343,0.19763343,0.065627575,0.05445388,0.011173697,0.1680908203125
4734,0.19666693,0.19666693,0.06473495,0.051971074,0.012763879,0.17186880111694336
4735,0.196977,0.196977,0.06224967,0.05040752,0.01184215,0.17274761199951172,0.07067954,0.07067954
4736,0.19699287,0.19699287,0.06468091,0.052284326,0.012396582,0.1717844009399414
4737,0.19800623,0.19800623,0.06811991,0.056826092,0.011293825,0.17826557159423828
4738,0.19716038,0.19716038,0.06743246,0.055195194,0.012237267,0.18108701705932617
4739,0.19771725,0.19771725,0.06458607,0.051052634,0.013533441,0.18036246299743652
4740,0.19819297,0.19819297,0.06766888,0.05532738,0.012341498,0.17760443687438965,0.070481636,0.070481636
4741,0.19715787,0.19715787,0.06960797,0.057598814,0.01200916,0.17511534690856934
4742,0.19755271,0.19755271,0.07145918,0.059113167,0.012346016,0.17094969749450684
4743,0.19673587,0.19673587,0.0716265,0.058083795,0.013542705,0.1709153652191162
4744,0.19688061,0.19688061,0.067379005,0.056153644,0.011225363,0.1651897430419922
4745,0.19618677,0.19618677,0.06897432,0.053639863,0.015334464,0.1727612018585205,0.07118904,0.07118904
4746,0.19715309,0.19715309,0.06496228,0.052861962,0.012100319,0.17196011543273926
4747,0.19648875,0.19648875,0.0701476,0.05676649,0.013381103,0.17293906211853027
4748,0.1976649,0.1976649,0.0639916,0.052681357,0.011310242,0.17043805122375488
4749,0.19701298,0.19701298,0.07092235,0.056411732,0.014510621,0.17063117027282715
4750,0.19733097,0.19733097,0.072793044,0.05986494,0.012928109,0.1721055507659912,0.07091465,0.07091465
4751,0.19669856,0.19669856,0.0639748,0.050324924,0.013649873,0.17236328125
4752,0.19894221,0.19894221,0.0683521,0.05472668,0.013625427,0.17109465599060059
4753,0.19719963,0.19719963,0.06958384,0.054305878,0.015277965,0.1726539134979248
4754,0.1963986,0.1963986,0.06451249,0.05246959,0.012042899,0.17114806175231934
4755,0.20651329,0.20651329,0.06640894,0.052169956,0.014238981,0.17447853088378906,0.07089024,0.07089024
4756,0.19678828,0.19678828,0.060228925,0.04905642,0.011172508,0.17036747932434082
4757,0.19735748,0.19735748,0.06267288,0.05167306,0.010999823,0.17053842544555664
4758,0.19712096,0.19712096,0.06869593,0.054069217,0.014626715,0.1741330623626709
4759,0.1972784,0.1972784,0.07260825,0.05781676,0.0147914905,0.17415833473205566
4760,0.1976055,0.1976055,0.06811878,0.05550567,0.012613111,0.18178868293762207,0.0711359,0.0711359
4761,0.19696231,0.19696231,0.06388084,0.050511178,0.013369661,0.17377853393554688
4762,0.19654413,0.19654413,0.06658788,0.053242795,0.013345086,0.1755685806274414
4763,0.1965198,0.1965198,0.06583995,0.053594027,0.012245927,0.17396116256713867
4764,0.19728477,0.19728477,0.067526475,0.054856546,0.012669929,0.18003153800964355
4765,0.19782096,0.19782096,0.06779828,0.054848544,0.012949733,0.17258024215698242,0.07048359,0.07048359
4766,0.19688512,0.19688512,0.06437374,0.051462796,0.012910943,0.16612720489501953
4767,0.19629481,0.19629481,0.065074325,0.05333549,0.011738829,0.16657686233520508
4768,0.19686149,0.19686149,0.068939134,0.056818996,0.012120142,0.1707897186279297
4769,0.19784915,0.19784915,0.06209207,0.04900762,0.013084449,0.17013931274414062
4770,0.19680336,0.19680336,0.06548016,0.052367598,0.013112564,0.17121195793151855,0.07078259,0.07078259
4771,0.19754963,0.19754963,0.06563176,0.052940894,0.012690867,0.1811082363128662
4772,0.19669168,0.19669168,0.06620556,0.05436397,0.011841589,0.1749880313873291
4773,0.19836897,0.19836897,0.061836645,0.05025599,0.011580655,0.16904044151306152
4774,0.19764264,0.19764264,0.06535571,0.05289708,0.012458632,0.17124438285827637
4775,0.1971264,0.1971264,0.06864048,0.05514701,0.013493465,0.1717977523803711,0.070748635,0.070748635
4776,0.19739324,0.19739324,0.06090948,0.048536044,0.012373437,0.16785049438476562
4777,0.19655685,0.19655685,0.06805975,0.054700855,0.013358893,0.17236661911010742
4778,0.19574004,0.19574004,0.064645976,0.051326487,0.0133194905,0.1714951992034912
4779,0.19879992,0.19879992,0.064517304,0.051986128,0.0125311725,0.17539429664611816
4780,0.19624656,0.19624656,0.06703716,0.052371614,0.014665546,0.17563509941101074,0.0701866,0.0701866
4781,0.19756645,0.19756645,0.06553861,0.052360572,0.013178034,0.17641544342041016
4782,0.19771245,0.19771245,0.069841474,0.05577509,0.014066387,0.1720418930053711
4783,0.19760601,0.19760601,0.066590995,0.05498373,0.01160726,0.17667388916015625
4784,0.19618453,0.19618453,0.06694255,0.054294404,0.012648148,0.17290759086608887
4785,0.19631293,0.19631293,0.06442865,0.052522153,0.011906494,0.17039990425109863,0.07060607,0.07060607
4786,0.19580583,0.19580583,0.06662359,0.055771414,0.010852176,0.17311644554138184
4787,0.19721675,0.19721675,0.06677754,0.055591337,0.011186208,0.1681506633758545
4788,0.19651514,0.19651514,0.06947998,0.055994924,0.013485058,0.18158340454101562
4789,0.19800456,0.19800456,0.07017415,0.057151306,0.013022842,0.17863893508911133
4790,0.19603321,0.19603321,0.06690336,0.054752693,0.012150666,0.17201995849609375,0.070621595,0.070621595
4791,0.19672054,0.19672054,0.066312395,0.054635905,0.011676492,0.16661310195922852
4792,0.19770528,0.19770528,0.068570405,0.055246476,0.013323926,0.1714487075805664
4793,0.1970711,0.1970711,0.06595062,0.053306676,0.012643939,0.17095184326171875
4794,0.19677833,0.19677833,0.066832155,0.053962264,0.012869891,0.17163777351379395
4795,0.19626853,0.19626853,0.06643241,0.052300382,0.014132029,0.17141270637512207,0.07070757,0.07070757
4796,0.19569023,0.19569023,0.06799823,0.0539647,0.014033533,0.1725294589996338
4797,0.19789584,0.19789584,0.06502931,0.052616898,0.0124124065,0.18046116828918457
4798,0.19643351,0.19643351,0.06398096,0.05264163,0.011339331,0.1777513027191162
4799,0.1961985,0.1961985,0.0687598,0.056609683,0.012150118,0.172346830368042
4800,0.19636017,0.19636017,0.059012786,0.04689939,0.012113397,0.16478538513183594,0.0707046,0.0707046
4801,0.19627273,0.19627273,0.064312026,0.0527887,0.011523322,0.17144036293029785
4802,0.19586723,0.19586723,0.071134664,0.056298323,0.014836338,0.1656813621520996
4803,0.19566408,0.19566408,0.06251843,0.050728984,0.0117894495,0.17043375968933105
4804,0.19752066,0.19752066,0.06752404,0.053839404,0.013684633,0.17047929763793945
4805,0.19603099,0.19603099,0.06614388,0.052612867,0.013531013,0.1670389175415039,0.07046553,0.07046553
4806,0.1978256,0.1978256,0.06353071,0.05106681,0.012463904,0.17134904861450195
4807,0.19672136,0.19672136,0.06674449,0.054199368,0.012545123,0.1715257167816162
4808,0.19761105,0.19761105,0.06707312,0.053182535,0.013890583,0.16676926612854004
4809,0.19677661,0.19677661,0.06761773,0.053539235,0.014078496,0.1705634593963623
4810,0.19673821,0.19673821,0.060438454,0.045786176,0.014652279,0.1720118522644043,0.070757866,0.070757866
4811,0.19631498,0.19631498,0.06507289,0.05208481,0.0129880775,0.17357206344604492
4812,0.19630557,0.19630557,0.07032884,0.056849923,0.013478916,0.18062639236450195
4813,0.19623889,0.19623889,0.06172557,0.047887642,0.013837929,0.17414546012878418
4814,0.19641371,0.19641371,0.06149207,0.048810415,0.012681656,0.1685044765472412
4815,0.1965912,0.1965912,0.064129256,0.04895068,0.015178576,0.17080235481262207,0.07053591,0.07053591
4816,0.19666427,0.19666427,0.0656474,0.052577063,0.013070336,0.1671314239501953
4817,0.19825824,0.19825824,0.06595743,0.052079525,0.013877902,0.17210936546325684
4818,0.19561231,0.19561231,0.066010155,0.051032938,0.014977215,0.17162823677062988
4819,0.19642241,0.19642241,0.06544136,0.051737495,0.013703866,0.17006564140319824
4820,0.19621597,0.19621597,0.06661814,0.052074563,0.014543576,0.18113279342651367,0.07046066,0.07046066
4821,0.19642279,0.19642279,0.066280186,0.05083721,0.015442975,0.17943644523620605
4822,0.19597292,0.19597292,0.071333066,0.05813288,0.013200185,0.17628121376037598
4823,0.1982553,0.1982553,0.06635167,0.054391835,0.011959828,0.1749110221862793
4824,0.1962952,0.1962952,0.06850163,0.054137364,0.014364267,0.1753246784210205
4825,0.19673988,0.19673988,0.06741998,0.05319976,0.014220225,0.17477178573608398,0.07076466,0.07076466
4826,0.19668004,0.19668004,0.061556507,0.049439464,0.012117043,0.17061924934387207
4827,0.19605404,0.19605404,0.056536164,0.044941936,0.011594229,0.17472028732299805
4828,0.19616428,0.19616428,0.065375015,0.052391466,0.012983553,0.17065024375915527
4829,0.19631286,0.19631286,0.06346218,0.05153869,0.011923488,0.18271684646606445
4830,0.19594887,0.19594887,0.06628105,0.05308498,0.013196069,0.17524099349975586,0.070473306,0.070473306
4831,0.19631413,0.19631413,0.067769915,0.05614149,0.0116284285,0.17284798622131348
4832,0.19640842,0.19640842,0.066050924,0.05319036,0.0128605645,0.17143011093139648
4833,0.197016,0.197016,0.06770241,0.053797886,0.013904523,0.17012810707092285
4834,0.19680622,0.19680622,0.06483779,0.051784046,0.013053746,0.17112016677856445
4835,0.19610636,0.19610636,0.06542501,0.052743234,0.012681773,0.17127108573913574,0.070720606,0.070720606
4836,0.1957516,0.1957516,0.06445496,0.05129913,0.013155829,0.17279529571533203
4837,0.19694328,0.19694328,0.06725618,0.0543876,0.012868586,0.18402385711669922
4838,0.19669758,0.19669758,0.070928775,0.055521894,0.01540688,0.1888871192932129
4839,0.19571504,0.19571504,0.06781157,0.053510163,0.01430141,0.18710565567016602
4840,0.1965999,0.1965999,0.06384627,0.052216105,0.011630162,0.18102717399597168,0.07108512,0.07108512
4841,0.19642872,0.19642872,0.064877495,0.05161505,0.013262451,0.1738905906677246
4842,0.19609493,0.19609493,0.060221847,0.04723159,0.012990258,0.1662435531616211
4843,0.1971118,0.1971118,0.06589447,0.052338094,0.013556379,0.17699813842773438
4844,0.19581369,0.19581369,0.06574873,0.052009847,0.013738879,0.1662447452545166
4845,0.19636986,0.19636986,0.062714145,0.051246207,0.011467938,0.1719226837158203,0.07124951,0.07124951
4846,0.19608085,0.19608085,0.062702164,0.04937134,0.013330826,0.16703009605407715
4847,0.19828674,0.19828674,0.06670301,0.05406078,0.012642226,0.1769111156463623
4848,0.19569303,0.19569303,0.06141336,0.049020372,0.0123929875,0.18055319786071777
4849,0.19654022,0.19654022,0.06175547,0.049106095,0.012649375,0.1748354434967041
4850,0.19633824,0.19633824,0.06709619,0.053421088,0.013675103,0.17116618156433105,0.07107453,0.07107453
4851,0.20074016,0.20074016,0.06757814,0.05554328,0.012034856,0.1705465316772461
4852,0.19966595,0.19966595,0.06984886,0.055714883,0.014133973,0.170196533203125
4853,0.19711906,0.19711906,0.06494876,0.052442573,0.012506189,0.1707782745361328
4854,0.19606018,0.19606018,0.06463802,0.050684724,0.013953296,0.17049765586853027
4855,0.1979644,0.1979644,0.062177423,0.049995154,0.012182269,0.17139077186584473,0.07109508,0.07109508
4856,0.19607796,0.19607796,0.063719004,0.05114957,0.012569433,0.18126893043518066
4857,0.19625466,0.19625466,0.072862014,0.059389994,0.013472021,0.177215576171875
4858,0.195847,0.195847,0.06311117,0.05045842,0.012652752,0.17228388786315918
4859,0.19628872,0.19628872,0.06796048,0.052912887,0.015047594,0.17022156715393066
4860,0.19742157,0.19742157,0.062157724,0.051163554,0.010994171,0.1715373992919922,0.071326815,0.071326815
4861,0.19681348,0.19681348,0.06547175,0.0521158,0.013355952,0.1786201000213623
4862,0.19590881,0.19590881,0.068350635,0.05370175,0.0146488855,0.17193937301635742
4863,0.19612503,0.19612503,0.06756826,0.053866085,0.013702172,0.17096519470214844
4864,0.19644062,0.19644062,0.060026605,0.047624752,0.012401854,0.178602933883667
4865,0.19586529,0.19586529,0.061951768,0.048336558,0.013615209,0.1815943717956543,0.070602134,0.070602134
4866,0.19567066,0.19567066,0.06958235,0.056511793,0.0130705545,0.1836400032043457
4867,0.19681723,0.19681723,0.059109647,0.046102412,0.013007236,0.17645573616027832
4868,0.19659315,0.19659315,0.066381164,0.052119695,0.014261468,0.17372727394104004
4869,0.19649662,0.19649662,0.06715803,0.054901596,0.012256432,0.17275667190551758
4870,0.19566217,0.19566217,0.06655129,0.05221848,0.014332815,0.17261028289794922,0.0714263,0.0714263
4871,0.19637497,0.19637497,0.06744123,0.054189507,0.013251724,0.17061948776245117
4872,0.19659956,0.19659956,0.06325191,0.05077877,0.0124731455,0.17096924781799316
4873,0.19712989,0.19712989,0.06572436,0.05230713,0.01341723,0.16638660430908203
4874,0.19651546,0.19651546,0.06480265,0.053403854,0.011398795,0.17513179779052734
4875,0.19672127,0.19672127,0.06929505,0.056314465,0.012980583,0.1729419231414795,0.071222186,0.071222186
4876,0.19577782,0.19577782,0.06327389,0.049068607,0.014205285,0.17204642295837402
4877,0.19595407,0.19595407,0.06323712,0.052843764,0.010393357,0.17349720001220703
4878,0.19712165,0.19712165,0.064628616,0.052731097,0.011897519,0.17177844047546387
4879,0.19645503,0.19645503,0.07145586,0.05818581,0.01327005,0.1744387149810791
4880,0.19604881,0.19604881,0.06654928,0.052014116,0.01453516,0.17727160453796387,0.0705879,0.0705879
4881,0.19556767,0.19556767,0.063035205,0.049180977,0.013854231,0.17413330078125
4882,0.19614837,0.19614837,0.06898172,0.056245703,0.012736022,0.1832103729248047
4883,0.19608694,0.19608694,0.0611819,0.049243964,0.011937935,0.18277382850646973
4884,0.19680424,0.19680424,0.062077105,0.049218502,0.012858603,0.18142461776733398
4885,0.196667,0.196667,0.06620504,0.05276362,0.013441417,0.17548227310180664,0.07050396,0.07050396
4886,0.19554062,0.19554062,0.062851116,0.05262981,0.010221309,0.17481088638305664
4887,0.19685793,0.19685793,0.070145294,0.055419087,0.014726203,0.17355608940124512
4888,0.19688812,0.19688812,0.06546694,0.052214347,0.013252593,0.17456626892089844
4889,0.19642909,0.19642909,0.063434444,0.05149662,0.011937821,0.17265868186950684
4890,0.19786939,0.19786939,0.066970125,0.053871833,0.01309829,0.17295455932617188,0.071405575,0.071405575
4891,0.19586876,0.19586876,0.06563158,0.052690417,0.0129411705,0.17227387428283691
4892,0.19668663,0.19668663,0.06685675,0.053894967,0.0129617825,0.18075299263000488
4893,0.19726746,0.19726746,0.07012076,0.055548277,0.014572481,0.1830885410308838
4894,0.19674975,0.19674975,0.06610259,0.05351834,0.0125842495,0.17809271812438965
4895,0.19730285,0.19730285,0.0582749,0.04554667,0.012728228,0.17510080337524414,0.07103312,0.07103312
4896,0.19749275,0.19749275,0.07125423,0.055232182,0.016022049,0.17194247245788574
4897,0.19707087,0.19707087,0.067693986,0.054500684,0.013193299,0.17170071601867676
4898,0.197585,0.197585,0.07363185,0.059974678,0.013657176,0.17465591430664062
4899,0.1976305,0.1976305,0.06697178,0.05406174,0.012910038,0.175734281539917
4900,0.19786046,0.19786046,0.069471054,0.054162275,0.015308779,0.17505121231079102,0.07029222,0.07029222
4901,0.19800788,0.19800788,0.06181287,0.0485682,0.013244669,0.17642474174499512
4902,0.19766034,0.19766034,0.06434683,0.053245965,0.011100863,0.18036770820617676
4903,0.19700493,0.19700493,0.06686571,0.05379437,0.013071341,0.17264103889465332
4904,0.1983713,0.1983713,0.063968726,0.05026494,0.013703789,0.17214727401733398
4905,0.19732046,0.19732046,0.063127294,0.05003151,0.013095785,0.17182159423828125,0.07063401,0.07063401
4906,0.1957877,0.1957877,0.06465046,0.05119624,0.013454223,0.16689181327819824
4907,0.19760892,0.19760892,0.0643772,0.051802777,0.012574428,0.1730666160583496
4908,0.19604664,0.19604664,0.068151526,0.054745644,0.01340588,0.1717681884765625
4909,0.19631256,0.19631256,0.069415376,0.054778393,0.01463698,0.17364120483398438
4910,0.19744705,0.19744705,0.063726656,0.051771317,0.011955337,0.18132448196411133,0.071323685,0.071323685
4911,0.1960905,0.1960905,0.07126061,0.05599641,0.015264197,0.18181610107421875
4912,0.19621971,0.19621971,0.065705605,0.053225674,0.012479929,0.17876768112182617
4913,0.19629772,0.19629772,0.06584285,0.052783195,0.013059659,0.17261695861816406
4914,0.19639273,0.19639273,0.06858051,0.0542405,0.014340007,0.16705989837646484
4915,0.197099,0.197099,0.06430337,0.050661605,0.013641762,0.17203783988952637,0.07123753,0.07123753
4916,0.19583893,0.19583893,0.064736746,0.051731475,0.0130052725,0.1706531047821045
4917,0.19665489,0.19665489,0.06587279,0.053158168,0.012714621,0.16842031478881836
4918,0.19663902,0.19663902,0.061894536,0.048984747,0.0129097905,0.16632986068725586
4919,0.19692247,0.19692247,0.064546034,0.051532865,0.013013167,0.16622138023376465
4920,0.19644962,0.19644962,0.06937183,0.05612628,0.013245546,0.17120957374572754,0.071254514,0.071254514
4921,0.19646797,0.19646797,0.06283787,0.050816566,0.012021306,0.17185211181640625
4922,0.19631751,0.19631751,0.06770699,0.054472737,0.013234251,0.16828155517578125
4923,0.1969023,0.1969023,0.06772639,0.054859534,0.012866855,0.17293310165405273
4924,0.19662234,0.19662234,0.06333903,0.05204449,0.011294543,0.17054414749145508
4925,0.19647601,0.19647601,0.06371479,0.0512072,0.0125075895,0.17352294921875,0.07079492,0.07079492
4926,0.1955732,0.1955732,0.07019743,0.057756428,0.012441009,0.17217206954956055
4927,0.19705415,0.19705415,0.06136059,0.049488522,0.011872069,0.1739187240600586
4928,0.19618347,0.19618347,0.06407558,0.051229782,0.012845797,0.1804196834564209
4929,0.19779788,0.19779788,0.06505653,0.05118031,0.013876218,0.1824502944946289
4930,0.19570534,0.19570534,0.07009196,0.05448108,0.015610878,0.17830228805541992,0.06997431,0.06997431
4931,0.19544154,0.19544154,0.06610614,0.051824234,0.014281906,0.17369723320007324
4932,0.19554825,0.19554825,0.06427959,0.050884,0.013395591,0.17067575454711914
4933,0.195993,0.195993,0.061498515,0.048725925,0.012772588,0.17312026023864746
4934,0.19558212,0.19558212,0.062160786,0.049454283,0.012706502,0.17229652404785156
4935,0.196,0.196,0.05955782,0.048560116,0.010997705,0.17501354217529297,0.07038059,0.07038059
4936,0.1962538,0.1962538,0.062311295,0.04838965,0.0139216455,0.1828458309173584
4937,0.19596462,0.19596462,0.06829833,0.05404096,0.01425737,0.1801755428314209
4938,0.19534542,0.19534542,0.063439384,0.051017385,0.012421997,0.1733705997467041
4939,0.19712675,0.19712675,0.06471627,0.05198374,0.012732533,0.1723313331604004
4940,0.19664556,0.19664556,0.069755524,0.056008272,0.013747249,0.17310595512390137,0.07226484,0.07226484
4941,0.1966685,0.1966685,0.066542305,0.05353646,0.013005845,0.171952486038208
4942,0.197302,0.197302,0.06596305,0.053055473,0.012907577,0.17404723167419434
4943,0.1975574,0.1975574,0.06391628,0.052171268,0.011745013,0.17357969284057617
4944,0.19784832,0.19784832,0.06743849,0.05617515,0.011263343,0.17220854759216309
4945,0.19806224,0.19806224,0.065500274,0.051932547,0.013567726,0.18613052368164062,0.071629696,0.071629696
4946,0.19582847,0.19582847,0.06263934,0.05095078,0.01168856,0.1845402717590332
4947,0.19662033,0.19662033,0.065926194,0.052550178,0.013376015,0.17670369148254395
4948,0.19631407,0.19631407,0.06579239,0.05272921,0.013063178,0.17029762268066406
4949,0.19670792,0.19670792,0.06500404,0.052604042,0.012400002,0.17026615142822266
4950,0.19637148,0.19637148,0.062453795,0.04923108,0.013222716,0.17082858085632324,0.07014138,0.07014138
4951,0.19561951,0.19561951,0.06482596,0.05275165,0.012074308,0.17058706283569336
4952,0.19712387,0.19712387,0.06094289,0.049763884,0.011179002,0.1741943359375
4953,0.19690315,0.19690315,0.06568113,0.053483307,0.0121978205,0.1726088523864746
4954,0.19636385,0.19636385,0.05879813,0.045893647,0.012904483,0.18341565132141113
4955,0.1956066,0.1956066,0.06667745,0.053978503,0.012698947,0.1812136173248291,0.07064901,0.07064901
4956,0.19607982,0.19607982,0.069571406,0.053831678,0.015739724,0.17390799522399902
4957,0.1963698,0.1963698,0.073538035,0.056701817,0.016836222,0.1731715202331543
4958,0.19613796,0.19613796,0.0604489,0.049545668,0.010903234,0.17409396171569824
4959,0.19669376,0.19669376,0.062496204,0.050457895,0.012038308,0.17339730262756348
4960,0.19617641,0.19617641,0.06435879,0.05158479,0.012774003,0.17520976066589355,0.07083795,0.07083795
4961,0.19646198,0.19646198,0.064311765,0.05282282,0.011488945,0.17566585540771484
4962,0.19627634,0.19627634,0.059808306,0.04812779,0.011680518,0.17557907104492188
4963,0.19573978,0.19573978,0.06856682,0.05542052,0.013146303,0.18869662284851074
4964,0.19599944,0.19599944,0.067269884,0.053799298,0.013470586,0.18259930610656738
4965,0.19718276,0.19718276,0.072762966,0.059370182,0.013392783,0.18162226676940918,0.070505045,0.070505045
4966,0.19549723,0.19549723,0.06393752,0.050721914,0.013215611,0.18071818351745605
4967,0.19617027,0.19617027,0.07188591,0.056608804,0.015277112,0.17333269119262695
4968,0.19523753,0.19523753,0.06413681,0.05037501,0.013761799,0.17122364044189453
4969,0.1959787,0.1959787,0.06329018,0.050276805,0.013013371,0.17020082473754883
4970,0.19637318,0.19637318,0.0718505,0.057495236,0.014355266,0.17109203338623047,0.070685446,0.070685446
4971,0.19621436,0.19621436,0.06387112,0.04934209,0.014529034,0.17162346839904785
4972,0.19638371,0.19638371,0.069544025,0.05431479,0.0152292345,0.1707460880279541
4973,0.19575527,0.19575527,0.060949616,0.048574056,0.0123755615,0.1735215187072754
4974,0.19570911,0.19570911,0.06416315,0.049840372,0.014322775,0.17885899543762207
4975,0.19610077,0.19610077,0.06373792,0.049686674,0.014051245,0.17406535148620605,0.07059377,0.07059377
4976,0.1963586,0.1963586,0.06489416,0.050774734,0.014119428,0.17062687873840332
4977,0.19633313,0.19633313,0.06507779,0.050197907,0.014879884,0.17065739631652832
4978,0.19583304,0.19583304,0.06337745,0.049863864,0.013513581,0.1708221435546875
4979,0.19589385,0.19589385,0.06556904,0.05226955,0.013299499,0.17093801498413086
4980,0.19567676,0.19567676,0.067517124,0.05483848,0.012678644,0.17240524291992188,0.07100192,0.07100192
4981,0.19566277,0.19566277,0.06081516,0.04849137,0.01232379,0.17597532272338867
4982,0.19581838,0.19581838,0.067611836,0.055315137,0.012296701,0.18580174446105957
4983,0.19542396,0.19542396,0.06769818,0.05366453,0.014033652,0.18099284172058105
4984,0.19551142,0.19551142,0.065737784,0.053101365,0.012636418,0.18436884880065918
4985,0.19580266,0.19580266,0.06464094,0.051808827,0.012832112,0.17765164375305176,0.07053718,0.07053718
4986,0.19771327,0.19771327,0.06806803,0.054817192,0.013250839,0.17134737968444824
4987,0.19513343,0.19513343,0.06509844,0.052744064,0.012354377,0.17148804664611816
4988,0.19608913,0.19608913,0.061480895,0.048015133,0.013465761,0.1724233627319336
4989,0.19561674,0.19561674,0.067857444,0.056497157,0.011360288,0.17687225341796875
4990,0.19663061,0.19663061,0.06624703,0.055212494,0.011034538,0.17189717292785645,0.0706016,0.0706016
4991,0.19534522,0.19534522,0.064840496,0.051184513,0.013655981,0.17029380798339844
4992,0.21044917,0.21044917,0.062437743,0.04934637,0.013091372,0.18137907981872559
4993,0.1968301,0.1968301,0.062548466,0.051359393,0.011189075,0.17679142951965332
4994,0.19924934,0.19924934,0.06522764,0.052436553,0.012791091,0.17262649536132812
4995,0.20363921,0.20363921,0.065423615,0.052597728,0.0128258895,0.1729135513305664,0.074203536,0.074203536
4996,0.20210975,0.20210975,0.0672084,0.05387684,0.013331562,0.17320561408996582
4997,0.20050406,0.20050406,0.06944798,0.057499748,0.011948233,0.17069268226623535
4998,0.19992848,0.19992848,0.061164964,0.04923801,0.011926954,0.1712958812713623
4999,0.20061713,0.20061713,0.062062442,0.04890054,0.013161902,0.17444801330566406
5000,0.20199476,0.20199476,0.06300899,0.051111042,0.011897943,0.18033385276794434,0.07098394,0.07098394
5001,0.19889781,0.19889781,0.06685908,0.053101063,0.013758019,0.17685556411743164
5002,0.20201614,0.20201614,0.06707314,0.054719508,0.012353627,0.1773226261138916
5003,0.1996063,0.1996063,0.06780434,0.05407279,0.013731549,0.17386507987976074
5004,0.19953884,0.19953884,0.061149836,0.04996979,0.011180046,0.17110180854797363
5005,0.19948019,0.19948019,0.06554476,0.052085407,0.0134593565,0.17291021347045898,0.07022541,0.07022541
5006,0.19709831,0.19709831,0.06341411,0.050778084,0.012636029,0.17030906677246094
5007,0.19816071,0.19816071,0.06244809,0.04896363,0.013484462,0.1707463264465332
5008,0.20176935,0.20176935,0.062543765,0.05035825,0.01218551,0.17158222198486328
5009,0.1988475,0.1988475,0.06954362,0.056154896,0.01338873,0.184523344039917
5010,0.19977088,0.19977088,0.06624222,0.05370264,0.012539575,0.17301559448242188,0.07007553,0.07007553
5011,0.20009744,0.20009744,0.06414058,0.05109397,0.013046613,0.17153382301330566
5012,0.20155345,0.20155345,0.0628566,0.049840704,0.013015896,0.1701054573059082
5013,0.20072797,0.20072797,0.06733766,0.05326121,0.014076449,0.17386937141418457
5014,0.19862406,0.19862406,0.06749879,0.055349376,0.012149408,0.18148303031921387
5015,0.19824642,0.19824642,0.06786606,0.05411716,0.013748893,0.17577815055847168,0.069938324,0.069938324
5016,0.19765596,0.19765596,0.070122816,0.056759074,0.013363742,0.170731782913208
5017,0.20000778,0.20000778,0.06604081,0.05169188,0.014348929,0.17091846466064453
5018,0.19772953,0.19772953,0.068798125,0.05565845,0.0131396735,0.17371201515197754
5019,0.19878155,0.19878155,0.066358864,0.051852405,0.014506462,0.1812598705291748
5020,0.19771735,0.19771735,0.062254272,0.049132284,0.013121987,0.1772751808166504,0.070199616,0.070199616
5021,0.19799072,0.19799072,0.058591153,0.046250567,0.012340587,0.17340087890625
5022,0.19813731,0.19813731,0.06351504,0.05023189,0.013283149,0.17300105094909668
5023,0.19734977,0.19734977,0.06483834,0.050658755,0.0141795855,0.17296719551086426
5024,0.19887367,0.19887367,0.06352302,0.051056195,0.012466822,0.16581034660339355
5025,0.19720194,0.19720194,0.061957933,0.04979817,0.012159767,0.17164134979248047,0.07069089,0.07069089
5026,0.19721341,0.19721341,0.059845284,0.047266334,0.012578951,0.17058515548706055
5027,0.19805276,0.19805276,0.06529985,0.052503787,0.012796066,0.17408108711242676
5028,0.1988332,0.1988332,0.06442453,0.051431675,0.012992855,0.17385458946228027
5029,0.1984596,0.1984596,0.059336178,0.04701337,0.0123228105,0.1707601547241211
5030,0.19751072,0.19751072,0.06598335,0.05277504,0.013208307,0.17066001892089844,0.07115813,0.07115813
5031,0.19882499,0.19882499,0.06171371,0.048747823,0.012965886,0.17832279205322266
5032,0.1979149,0.1979149,0.063221805,0.05117439,0.012047413,0.17015480995178223
5033,0.1964119,0.1964119,0.07327406,0.058137756,0.015136304,0.17079663276672363
5034,0.1978906,0.1978906,0.065527305,0.052817725,0.012709583,0.17137622833251953
5035,0.19786713,0.19786713,0.05919221,0.047646537,0.011545672,0.17588400840759277,0.0709211,0.0709211
5036,0.19874477,0.19874477,0.06280512,0.05176302,0.011042106,0.17369461059570312
5037,0.19769295,0.19769295,0.06597328,0.054398865,0.011574415,0.1718888282775879
5038,0.196157,0.196157,0.06721019,0.05551029,0.011699899,0.17020201683044434
5039,0.19757782,0.19757782,0.07034308,0.055984754,0.014358326,0.16976308822631836
5040,0.1970354,0.1970354,0.064163506,0.050499126,0.0136643825,0.17032933235168457,0.07038461,0.07038461
5041,0.19730926,0.19730926,0.058748383,0.045936454,0.012811929,0.17469477653503418
5042,0.19752873,0.19752873,0.060334653,0.047642354,0.012692298,0.17520380020141602
5043,0.19712123,0.19712123,0.06518951,0.05244719,0.012742318,0.18201804161071777
5044,0.19606893,0.19606893,0.061898,0.048760727,0.013137274,0.18117308616638184
5045,0.19697863,0.19697863,0.06331971,0.050805293,0.012514422,0.18117070198059082,0.0700412,0.0700412
5046,0.19596176,0.19596176,0.06445202,0.04890895,0.015543073,0.1764063835144043
5047,0.19721739,0.19721739,0.06121925,0.048954252,0.012264997,0.1727437973022461
5048,0.19730148,0.19730148,0.07031503,0.056643497,0.013671536,0.1663954257965088
5049,0.1964179,0.1964179,0.063059755,0.048760008,0.014299746,0.17096805572509766
5050,0.19803067,0.19803067,0.06472438,0.05102395,0.0137004275,0.17508649826049805,0.070100114,0.070100114
5051,0.19581798,0.19581798,0.06454354,0.052650522,0.011893015,0.17233848571777344
5052,0.19795358,0.19795358,0.06845221,0.053053588,0.015398622,0.18050408363342285
5053,0.19744171,0.19744171,0.06640775,0.053245887,0.013161859,0.1844630241394043
5054,0.19612409,0.19612409,0.06541527,0.051519874,0.013895394,0.1772012710571289
5055,0.19667962,0.19667962,0.06643408,0.05190213,0.0145319505,0.1663973331451416,0.07033515,0.07033515
5056,0.19595714,0.19595714,0.0661171,0.0525915,0.013525603,0.17115211486816406
5057,0.19610433,0.19610433,0.07091868,0.054630514,0.016288165,0.1709275245666504
5058,0.19691306,0.19691306,0.060286175,0.046593312,0.013692864,0.17082476615905762
5059,0.19608581,0.19608581,0.06562447,0.051186863,0.014437602,0.17132306098937988
5060,0.19657925,0.19657925,0.061153978,0.049505446,0.011648531,0.17156291007995605,0.07047052,0.07047052
5061,0.19777778,0.19777778,0.06265389,0.04904548,0.013608408,0.18126630783081055
5062,0.19689332,0.19689332,0.06808575,0.05374442,0.014341334,0.18481993675231934
5063,0.19628425,0.19628425,0.07047803,0.056558453,0.013919579,0.18101167678833008
5064,0.19620483,0.19620483,0.061611306,0.049890965,0.011720341,0.18167614936828613
5065,0.19637564,0.19637564,0.062924236,0.048770886,0.014153348,0.17252039909362793,0.07057481,0.07057481
5066,0.19643533,0.19643533,0.072221674,0.05626414,0.015957532,0.1719365119934082
5067,0.19592959,0.19592959,0.065076604,0.050529562,0.014547045,0.1741797924041748
5068,0.19751038,0.19751038,0.061796915,0.048769113,0.013027801,0.17142844200134277
5069,0.19611743,0.19611743,0.06567461,0.053835165,0.0118394485,0.1723496913909912
5070,0.19625446,0.19625446,0.06473276,0.05109598,0.013636783,0.17135190963745117,0.07054242,0.07054242
5071,0.19720538,0.19720538,0.061648488,0.049342707,0.012305782,0.1812574863433838
5072,0.19543044,0.19543044,0.064559005,0.052588694,0.011970311,0.18192839622497559
5073,0.19641435,0.19641435,0.06710289,0.054059137,0.013043751,0.17928719520568848
5074,0.19641456,0.19641456,0.064289674,0.051176064,0.013113607,0.1736617088317871
5075,0.196377,0.196377,0.064398274,0.050735764,0.013662508,0.17142653465270996,0.070675276,0.070675276
5076,0.19580959,0.19580959,0.06956158,0.05470592,0.01485566,0.17150187492370605
5077,0.19808057,0.19808057,0.06149995,0.048569206,0.012930743,0.17201972007751465
5078,0.19754893,0.19754893,0.063892625,0.05102501,0.012867616,0.1698591709136963
5079,0.1967424,0.1967424,0.06543426,0.053069394,0.012364864,0.17392778396606445
5080,0.19652863,0.19652863,0.07047864,0.05494543,0.015533212,0.18187832832336426,0.07143233,0.07143233
5081,0.19695099,0.19695099,0.066947624,0.052748334,0.0141992895,0.17757606506347656
5082,0.19653682,0.19653682,0.06292605,0.048901398,0.014024649,0.17218542098999023
5083,0.19806321,0.19806321,0.061604396,0.04855656,0.013047838,0.1706395149230957
5084,0.1967895,0.1967895,0.071232095,0.055069346,0.016162753,0.16351079940795898
5085,0.19737864,0.19737864,0.06608785,0.05039444,0.015693411,0.1723341941833496,0.07188369,0.07188369
5086,0.20011409,0.20011409,0.064104185,0.05180077,0.012303412,0.17171239852905273
5087,0.19813122,0.19813122,0.05970905,0.047593713,0.012115336,0.17182612419128418
5088,0.19688408,0.19688408,0.055953674,0.04306994,0.012883735,0.18034863471984863
5089,0.19742987,0.19742987,0.06817356,0.054968864,0.013204694,0.18231916427612305
5090,0.19821689,0.19821689,0.06525294,0.05141906,0.013833877,0.17323517799377441,0.07189458,0.07189458
5091,0.19690262,0.19690262,0.063339494,0.051140845,0.012198652,0.16596698760986328
5092,0.19785438,0.19785438,0.067129165,0.053574603,0.013554566,0.1666092872619629
5093,0.20086765,0.20086765,0.067858145,0.053473543,0.0143846,0.16487669944763184
5094,0.19645134,0.19645134,0.0607054,0.047147628,0.013557773,0.17159080505371094
5095,0.19704746,0.19704746,0.06958221,0.05557258,0.014009628,0.1717066764831543,0.07231519,0.07231519
5096,0.19778807,0.19778807,0.06557888,0.05095818,0.014620696,0.1817026138305664
5097,0.1971759,0.1971759,0.06336878,0.05054506,0.0128237195,0.18053722381591797
5098,0.19680762,0.19680762,0.06563721,0.0519219,0.013715306,0.17475032806396484
5099,0.19642945,0.19642945,0.07031788,0.055531528,0.01478635,0.17055273056030273
5100,0.19711639,0.19711639,0.07155206,0.057183713,0.014368345,0.17175602912902832,0.07241195,0.07241195
5101,0.19730888,0.19730888,0.0641982,0.05078113,0.013417072,0.17120623588562012
5102,0.19649628,0.19649628,0.064412765,0.05293875,0.011474015,0.1717369556427002
5103,0.19747658,0.19747658,0.06395685,0.05138917,0.012567682,0.17161250114440918
5104,0.19697239,0.19697239,0.06211915,0.049445655,0.012673494,0.17508482933044434
5105,0.1961973,0.1961973,0.06455257,0.05168515,0.012867419,0.17519736289978027,0.071495645,0.071495645
5106,0.19679639,0.19679639,0.061595157,0.047010493,0.014584663,0.17368125915527344
5107,0.19692336,0.19692336,0.063365676,0.05068844,0.0126772355,0.17162275314331055
5108,0.19720574,0.19720574,0.063492045,0.048053905,0.015438138,0.1718888282775879
5109,0.19614139,0.19614139,0.068478644,0.05540016,0.013078488,0.17076802253723145
5110,0.19629167,0.19629167,0.06575167,0.05299463,0.012757044,0.1733846664428711,0.07146692,0.07146692
5111,0.19671503,0.19671503,0.06528065,0.050734658,0.014545999,0.17643499374389648
5112,0.19569159,0.19569159,0.060188502,0.048049867,0.012138635,0.17876219749450684
5113,0.19680442,0.19680442,0.066263296,0.053057812,0.013205484,0.18238401412963867
5114,0.1963469,0.1963469,0.06913206,0.055896357,0.013235707,0.18923091888427734
5115,0.2000753,0.2000753,0.06596509,0.052906513,0.01305858,0.1902148723602295,0.07130008,0.07130008
5116,0.19614589,0.19614589,0.06581883,0.053774666,0.0120441625,0.18417811393737793
5117,0.1965501,0.1965501,0.064982794,0.05110357,0.0138792265,0.18043208122253418
5118,0.1985279,0.1985279,0.061562777,0.049988687,0.011574089,0.1751103401184082
5119,0.19668518,0.19668518,0.061139364,0.048534945,0.01260442,0.1713731288909912
5120,0.19679973,0.19679973,0.06115605,0.047794614,0.013361435,0.1708812713623047,0.07089379,0.07089379
5121,0.19641219,0.19641219,0.06297592,0.050920546,0.0120553775,0.1666736602783203
5122,0.19672267,0.19672267,0.05831145,0.046351872,0.01195958,0.1714932918548584
5123,0.20078035,0.20078035,0.06642518,0.053251076,0.013174107,0.1666562557220459
5124,0.19685222,0.19685222,0.06358777,0.050708823,0.012878945,0.17163634300231934
5125,0.1956341,0.1956341,0.06497116,0.05257672,0.012394435,0.17015957832336426,0.0713015,0.0713015
5126,0.19597635,0.19597635,0.06637034,0.053435247,0.012935088,0.17390799522399902
5127,0.19637702,0.19637702,0.0593673,0.04639461,0.012972692,0.17195439338684082
5128,0.19694187,0.19694187,0.06375477,0.050062697,0.013692072,0.17429327964782715
5129,0.19640414,0.19640414,0.066433504,0.053362377,0.013071126,0.17457127571105957
5130,0.19686371,0.19686371,0.067253284,0.05364146,0.0136118205,0.17432546615600586,0.07174128,0.07174128
5131,0.19667014,0.19667014,0.06436756,0.051693097,0.012674465,0.17156362533569336
5132,0.19660015,0.19660015,0.06995238,0.056886733,0.013065648,0.1824183464050293
5133,0.1964239,0.1964239,0.062244266,0.048416913,0.013827356,0.17592787742614746
5134,0.19718888,0.19718888,0.060738422,0.048732676,0.012005745,0.1727161407470703
5135,0.19664583,0.19664583,0.06285413,0.051992755,0.010861381,0.17373871803283691,0.07143622,0.07143622
5136,0.19601505,0.19601505,0.06722614,0.05221838,0.015007764,0.17244720458984375
5137,0.1968232,0.1968232,0.06349243,0.050290454,0.013201975,0.17302656173706055
5138,0.19645078,0.19645078,0.06054495,0.047436435,0.013108515,0.17250466346740723
5139,0.195669,0.195669,0.06881062,0.056445334,0.012365286,0.17199325561523438
5140,0.1964532,0.1964532,0.068840005,0.054941624,0.013898382,0.17353534698486328,0.071380235,0.071380235
5141,0.19588363,0.19588363,0.0621297,0.051617708,0.010511991,0.18260717391967773
5142,0.19664046,0.19664046,0.058168728,0.046441417,0.01172731,0.18159055709838867
5143,0.19646351,0.19646351,0.07079779,0.05825984,0.012537952,0.1772747039794922
5144,0.19595197,0.19595197,0.06339456,0.05310777,0.010286791,0.17299604415893555
5145,0.19605842,0.19605842,0.06793711,0.055278774,0.012658337,0.17191243171691895,0.07179648,0.07179648
5146,0.19637744,0.19637744,0.06217397,0.050638735,0.011535237,0.17151713371276855
5147,0.19554825,0.19554825,0.062235463,0.05139501,0.010840454,0.1711864471435547
5148,0.19689561,0.19689561,0.06273406,0.049696457,0.013037605,0.17152667045593262
5149,0.1959091,0.1959091,0.05908264,0.04596885,0.01311379,0.1734774112701416
5150,0.19584079,0.19584079,0.065970086,0.05212829,0.013841798,0.18053603172302246,0.07146819,0.07146819
5151,0.1955721,0.1955721,0.07115215,0.057800356,0.013351796,0.1752774715423584
5152,0.19624911,0.19624911,0.06589472,0.052494057,0.01340067,0.17787814140319824
5153,0.19538699,0.19538699,0.06866867,0.055561725,0.013106948,0.17285704612731934
5154,0.19593811,0.19593811,0.062527716,0.04920709,0.013320621,0.17238545417785645
5155,0.195818,0.195818,0.06274466,0.04912512,0.013619544,0.1703951358795166,0.07060613,0.07060613
5156,0.19617908,0.19617908,0.069995716,0.05600409,0.013991631,0.17290997505187988
5157,0.19650479,0.19650479,0.06909433,0.055422522,0.013671808,0.17238283157348633
5158,0.19609192,0.19609192,0.06483543,0.051448397,0.013387031,0.17764616012573242
5159,0.19619304,0.19619304,0.06306644,0.050784573,0.012281867,0.1778726577758789
5160,0.19594474,0.19594474,0.064114876,0.049129725,0.014985149,0.1813652515411377,0.070536144,0.070536144
5161,0.19586322,0.19586322,0.060029652,0.045662206,0.014367445,0.1757364273071289
5162,0.1952512,0.1952512,0.06647138,0.052395385,0.014076,0.17211532592773438
5163,0.19660236,0.19660236,0.06534047,0.05049522,0.014845247,0.1718442440032959
5164,0.19536753,0.19536753,0.06403041,0.051850908,0.0121794995,0.172532320022583
5165,0.19562164,0.19562164,0.06260623,0.048374664,0.014231567,0.17162156105041504,0.07081972,0.07081972
5166,0.19523974,0.19523974,0.0649261,0.050121516,0.014804588,0.17883849143981934
5167,0.19569877,0.19569877,0.061707735,0.048697162,0.013010574,0.17800474166870117
5168,0.19535692,0.19535692,0.0653964,0.05217628,0.013220115,0.18176507949829102
5169,0.19548184,0.19548184,0.060037266,0.04643366,0.013603604,0.18096661567687988
5170,0.19617063,0.19617063,0.068554804,0.054029204,0.014525602,0.181868314743042,0.07041364,0.07041364
5171,0.19602212,0.19602212,0.0682644,0.053524017,0.014740385,0.1833207607269287
5172,0.19561338,0.19561338,0.06640637,0.053185,0.013221367,0.17845368385314941
5173,0.19508372,0.19508372,0.06816321,0.05290927,0.0152539415,0.17650175094604492
5174,0.19588219,0.19588219,0.06588053,0.05222817,0.013652358,0.17253947257995605
5175,0.19592734,0.19592734,0.065079756,0.051054455,0.014025303,0.16671299934387207,0.070489705,0.070489705
5176,0.19571203,0.19571203,0.06271564,0.048803803,0.013911839,0.17278361320495605
5177,0.19543865,0.19543865,0.06597669,0.053838734,0.012137956,0.1749875545501709
5178,0.19560997,0.19560997,0.058288835,0.04684105,0.0114477845,0.17774033546447754
5179,0.19538745,0.19538745,0.061746467,0.049330406,0.012416061,0.17763710021972656
5180,0.19545592,0.19545592,0.062905915,0.050502613,0.0124033,0.1754450798034668,0.0707651,0.0707651
5181,0.19601052,0.19601052,0.062416196,0.05134855,0.011067649,0.17386341094970703
5182,0.19554126,0.19554126,0.06400222,0.05277847,0.011223752,0.1733696460723877
5183,0.19580062,0.19580062,0.059476666,0.047769163,0.011707503,0.1685481071472168
5184,0.19620372,0.19620372,0.06425395,0.051930934,0.012323013,0.17576217651367188
5185,0.19566688,0.19566688,0.07244131,0.059171155,0.013270154,0.17374849319458008,0.07060554,0.07060554
5186,0.19558574,0.19558574,0.06703937,0.055583473,0.011455899,0.17390084266662598
5187,0.19582996,0.19582996,0.06812426,0.056103528,0.012020728,0.1745610237121582
5188,0.19566116,0.19566116,0.06355955,0.051276423,0.012283127,0.1820850372314453
5189,0.19561127,0.19561127,0.06307969,0.048857994,0.014221695,0.17293953895568848
5190,0.19526646,0.19526646,0.06717288,0.055788886,0.011383991,0.17349791526794434,0.0703986,0.0703986
5191,0.19555216,0.19555216,0.063625984,0.05107949,0.012546495,0.17166709899902344
5192,0.19583839,0.19583839,0.064101785,0.051169284,0.0129325,0.17184734344482422
5193,0.20372707,0.20372707,0.06404443,0.053046986,0.010997444,0.16860651969909668
5194,0.19651532,0.19651532,0.060762063,0.04820052,0.012561539,0.170302152633667
5195,0.19759706,0.19759706,0.06607478,0.054588817,0.011485966,0.1714611053466797,0.07275316,0.07275316
5196,0.19875042,0.19875042,0.06404794,0.05240941,0.011638527,0.18146586418151855
5197,0.20041102,0.20041102,0.060306948,0.05045077,0.009856179,0.17805981636047363
5198,0.20430893,0.20430893,0.06622718,0.05225417,0.013973013,0.17152667045593262
5199,0.2051625,0.2051625,0.06515482,0.052885298,0.012269519,0.17136287689208984
5200,0.20133056,0.20133056,0.0620602,0.05089864,0.011161559,0.17076563835144043,0.07232891,0.07232891
5201,0.20191948,0.20191948,0.05632951,0.044145484,0.012184027,0.16742873191833496
5202,0.19897293,0.19897293,0.063575566,0.051220424,0.012355145,0.16643953323364258
5203,0.1991721,0.1991721,0.06667016,0.052783553,0.013886605,0.171952486038208
5204,0.20040718,0.20040718,0.0619127,0.050406784,0.011505918,0.17978668212890625
5205,0.20201945,0.20201945,0.06872564,0.055359486,0.013366152,0.17163753509521484,0.07016306,0.07016306
5206,0.20644042,0.20644042,0.06440184,0.051334366,0.013067475,0.1731870174407959
5207,0.20717351,0.20717351,0.07082265,0.05835421,0.01246844,0.1704697608947754
5208,0.20129623,0.20129623,0.06309216,0.049328554,0.0137636,0.17800116539001465
5209,0.20395382,0.20395382,0.06742364,0.05400177,0.0134218745,0.178236722946167
5210,0.20447074,0.20447074,0.061774734,0.0477538,0.014020936,0.17612576484680176,0.07178613,0.07178613
5211,0.2134133,0.2134133,0.06598975,0.05252281,0.013466941,0.17905116081237793
5212,0.20219284,0.20219284,0.06618881,0.053338815,0.012849996,0.1857154369354248
5213,0.20329067,0.20329067,0.066372246,0.05058324,0.015789008,0.18921709060668945
5214,0.20432875,0.20432875,0.06292859,0.05078877,0.012139813,0.18714165687561035
5215,0.20630915,0.20630915,0.061306287,0.049166925,0.01213936,0.18316888809204102,0.0718732,0.0718732
5216,0.2057515,0.2057515,0.06439018,0.051166356,0.013223826,0.18639826774597168
5217,0.20922397,0.20922397,0.066974506,0.052951187,0.014023315,0.17294096946716309
5218,0.20863411,0.20863411,0.05968053,0.047304966,0.0123755615,0.17705178260803223
5219,0.2041147,0.2041147,0.0704015,0.056727313,0.013674183,0.1774580478668213
5220,0.20350273,0.20350273,0.0625647,0.049550157,0.0130145475,0.17762470245361328,0.07052921,0.07052921
5221,0.20336455,0.20336455,0.05873411,0.046057735,0.012676377,0.17333245277404785
5222,0.20096855,0.20096855,0.06340868,0.051017098,0.012391583,0.17326903343200684
5223,0.2003354,0.2003354,0.0666787,0.053838644,0.012840057,0.17177200317382812
5224,0.1985041,0.1985041,0.0634606,0.050437346,0.01302326,0.1725926399230957
5225,0.19944683,0.19944683,0.067241535,0.05417215,0.013069382,0.17936372756958008,0.070043035,0.070043035
5226,0.19830318,0.19830318,0.06355576,0.050979603,0.012576158,0.17942023277282715
5227,0.20106609,0.20106609,0.06384416,0.049051963,0.014792196,0.17637228965759277
5228,0.1986861,0.1986861,0.065729514,0.051578656,0.014150861,0.17107868194580078
5229,0.19687907,0.19687907,0.06366969,0.0487339,0.01493579,0.172607421875
5230,0.19720216,0.19720216,0.062642306,0.049735874,0.012906432,0.17104744911193848,0.07024195,0.07024195
5231,0.19783916,0.19783916,0.06488283,0.0525634,0.012319429,0.171919584274292
5232,0.19783273,0.19783273,0.059775963,0.046234973,0.013540992,0.17264175415039062
5233,0.19658636,0.19658636,0.064935975,0.05057093,0.014365044,0.1767106056213379
5234,0.1981311,0.1981311,0.06593926,0.05258326,0.013356008,0.1830904483795166
5235,0.19702925,0.19702925,0.064883105,0.051636998,0.013246109,0.17642641067504883,0.069946125,0.069946125
5236,0.1957575,0.1957575,0.06145592,0.045713566,0.015742356,0.17238068580627441
5237,0.1975848,0.1975848,0.0636236,0.0493052,0.0143184,0.1760256290435791
5238,0.20154701,0.20154701,0.06353966,0.05129854,0.01224112,0.1759200096130371
5239,0.1958467,0.1958467,0.06149346,0.0489923,0.012501161,0.1740732192993164
5240,0.19886415,0.19886415,0.06849475,0.053928923,0.01456583,0.17324376106262207,0.070607714,0.070607714
5241,0.19762832,0.19762832,0.063666694,0.052206203,0.01146049,0.1735212802886963
5242,0.19834147,0.19834147,0.07373066,0.05923544,0.014495222,0.17193937301635742
5243,0.19824222,0.19824222,0.06883967,0.05480521,0.014034461,0.17481279373168945
5244,0.19749416,0.19749416,0.068269335,0.054296087,0.01397325,0.17340469360351562
5245,0.1972483,0.1972483,0.059848953,0.048186574,0.011662379,0.17205262184143066,0.07135716,0.07135716
5246,0.19635922,0.19635922,0.06332558,0.051435243,0.011890331,0.1732625961303711
5247,0.19718891,0.19718891,0.062457282,0.0503029,0.012154381,0.17313623428344727
5248,0.1964557,0.1964557,0.066910885,0.05375153,0.01315936,0.17111730575561523
5249,0.19678862,0.19678862,0.06338103,0.050698098,0.012682931,0.16657495498657227
5250,0.19657353,0.19657353,0.0660252,0.053728256,0.012296942,0.16721606254577637,0.070897035,0.070897035
5251,0.1968238,0.1968238,0.06271205,0.04788541,0.01482664,0.17174625396728516
5252,0.1964841,0.1964841,0.06536165,0.05167196,0.013689686,0.17134428024291992
5253,0.19685936,0.19685936,0.066531,0.05260152,0.013929486,0.17149090766906738
5254,0.19702101,0.19702101,0.06012169,0.04633332,0.0137883695,0.17106103897094727
5255,0.19645911,0.19645911,0.05720464,0.04556398,0.01164066,0.17119550704956055,0.0708031,0.0708031
5256,0.19611625,0.19611625,0.06455629,0.05066088,0.013895418,0.17313909530639648
5257,0.19611263,0.19611263,0.064194,0.049439367,0.014754636,0.17371129989624023
5258,0.19649895,0.19649895,0.06760377,0.05422426,0.013379508,0.1729872226715088
5259,0.196101,0.196101,0.0699494,0.054729946,0.015219458,0.1814587116241455
5260,0.19625843,0.19625843,0.059301093,0.047402002,0.01189909,0.17342400550842285,0.07095301,0.07095301
5261,0.19777054,0.19777054,0.057137318,0.0428737,0.01426362,0.17063140869140625
5262,0.1957896,0.1957896,0.06874866,0.054835908,0.0139127495,0.17187047004699707
5263,0.19625868,0.19625868,0.06251183,0.047965396,0.014546437,0.16675043106079102
5264,0.19726312,0.19726312,0.065845504,0.053134754,0.012710752,0.17197585105895996
5265,0.1968304,0.1968304,0.06706008,0.054278538,0.012781544,0.1694469451904297,0.071269065,0.071269065
5266,0.19604988,0.19604988,0.0666728,0.05154023,0.015132574,0.16966032981872559
5267,0.19547316,0.19547316,0.066733696,0.051968385,0.014765313,0.17190170288085938
5268,0.19634257,0.19634257,0.0655193,0.051417246,0.014102059,0.17000460624694824
5269,0.19567846,0.19567846,0.061043993,0.04807277,0.0129712215,0.17135214805603027
5270,0.1954878,0.1954878,0.07105464,0.05559677,0.015457871,0.17077159881591797,0.07154515,0.07154515
5271,0.19626957,0.19626957,0.06493421,0.050254986,0.014679226,0.17568349838256836
5272,0.19584574,0.19584574,0.06276199,0.0512167,0.011545296,0.17782092094421387
5273,0.19546148,0.19546148,0.06277315,0.048967034,0.013806119,0.17873477935791016
5274,0.19650652,0.19650652,0.06795564,0.052519783,0.0154358605,0.17679595947265625
5275,0.19735208,0.19735208,0.06592912,0.051335596,0.014593528,0.18132281303405762,0.07129506,0.07129506
5276,0.19525476,0.19525476,0.063152455,0.048854657,0.014297798,0.18571043014526367
5277,0.19613567,0.19613567,0.063079864,0.050477773,0.012602093,0.18815135955810547
5278,0.19590224,0.19590224,0.06673388,0.053180493,0.013553387,0.18749642372131348
5279,0.19618124,0.19618124,0.068401396,0.05394107,0.0144603215,0.1823444366455078
5280,0.19698544,0.19698544,0.06639936,0.05172365,0.014675709,0.1773369312286377,0.07113911,0.07113911
5281,0.19618678,0.19618678,0.060894787,0.0491286,0.011766188,0.17344427108764648
5282,0.19630408,0.19630408,0.06662443,0.052920125,0.013704308,0.17091774940490723
5283,0.1955986,0.1955986,0.06559695,0.05076226,0.014834693,0.17071795463562012
5284,0.19639009,0.19639009,0.062255733,0.04917909,0.013076646,0.16948223114013672
5285,0.19533588,0.19533588,0.05960277,0.047745477,0.011857293,0.17261195182800293,0.07117067,0.07117067
5286,0.19575956,0.19575956,0.062734775,0.04859854,0.014136238,0.17311811447143555
5287,0.19539338,0.19539338,0.06496304,0.05028352,0.014679525,0.17092156410217285
5288,0.19573212,0.19573212,0.061810747,0.049873047,0.011937698,0.17119765281677246
5289,0.19634335,0.19634335,0.060811676,0.047143884,0.013667794,0.17129230499267578
5290,0.1976305,0.1976305,0.06253067,0.048952628,0.013578039,0.17058515548706055,0.071054414,0.071054414
5291,0.19601163,0.19601163,0.06277707,0.049903803,0.012873267,0.17026281356811523
5292,0.19573078,0.19573078,0.065743774,0.05153498,0.014208793,0.17052316665649414
5293,0.19659726,0.19659726,0.061456382,0.048193235,0.013263146,0.1709761619567871
5294,0.19513817,0.19513817,0.0684336,0.054085664,0.014347931,0.17208337783813477
5295,0.19542623,0.19542623,0.0627002,0.050242342,0.012457852,0.18080544471740723,0.07093303,0.07093303
5296,0.19659217,0.19659217,0.06402301,0.049293414,0.014729599,0.17642760276794434
5297,0.19549179,0.19549179,0.06291305,0.050832573,0.012080477,0.17461347579956055
5298,0.19590475,0.19590475,0.062249653,0.050064567,0.012185087,0.1705482006072998
5299,0.19616088,0.19616088,0.06379746,0.050339222,0.013458236,0.17109012603759766
5300,0.19712713,0.19712713,0.060823597,0.04778366,0.013039936,0.1662299633026123,0.07126307,0.07126307
5301,0.19546054,0.19546054,0.06426405,0.051022694,0.013241357,0.1704702377319336
5302,0.19650051,0.19650051,0.06647972,0.0540137,0.012466023,0.16582274436950684
5303,0.19508918,0.19508918,0.06558514,0.052841954,0.012743183,0.18138766288757324
5304,0.19636175,0.19636175,0.058681607,0.04749119,0.01119042,0.17680621147155762
5305,0.19618069,0.19618069,0.064003214,0.050754532,0.013248678,0.16765928268432617,0.07103803,0.07103803
5306,0.19556278,0.19556278,0.065824166,0.052025918,0.013798252,0.17212915420532227
5307,0.19597632,0.19597632,0.06894195,0.052888393,0.016053554,0.16693997383117676
5308,0.19619958,0.19619958,0.06371805,0.050852053,0.012865994,0.1711883544921875
5309,0.19558154,0.19558154,0.06116767,0.046928313,0.014239355,0.17132830619812012
5310,0.19589993,0.19589993,0.06357962,0.050165724,0.013413899,0.17691302299499512,0.07080617,0.07080617
5311,0.1958867,0.1958867,0.072468795,0.056151796,0.016316997,0.17519593238830566
5312,0.19606386,0.19606386,0.058743466,0.04683517,0.011908297,0.17434906959533691
5313,0.19630308,0.19630308,0.06421919,0.050507523,0.013711668,0.174224853515625
5314,0.1965514,0.1965514,0.06225416,0.0485369,0.013717262,0.17243099212646484
5315,0.19616744,0.19616744,0.057819042,0.04485565,0.012963391,0.17139840126037598,0.07105052,0.07105052
5316,0.19565548,0.19565548,0.06307629,0.04964983,0.0134264575,0.17231082916259766
5317,0.1952903,0.1952903,0.058780108,0.047030855,0.011749252,0.17133879661560059
5318,0.19525824,0.19525824,0.06560503,0.051381145,0.0142238885,0.17820143699645996
5319,0.19608814,0.19608814,0.07034706,0.054936156,0.015410905,0.17763686180114746
5320,0.19618317,0.19618317,0.06507501,0.052605744,0.012469266,0.18318414688110352,0.071114555,0.071114555
5321,0.19564651,0.19564651,0.05876216,0.04559114,0.013171022,0.17503094673156738
5322,0.19615081,0.19615081,0.0650513,0.05146131,0.013589989,0.17450714111328125
5323,0.19594699,0.19594699,0.068618745,0.05503696,0.013581787,0.1746692657470703
5324,0.19568416,0.19568416,0.06375755,0.04961795,0.014139608,0.17271018028259277
5325,0.1964398,0.1964398,0.06526294,0.0516641,0.013598843,0.17163681983947754,0.071046226,0.071046226
5326,0.19605984,0.19605984,0.06445645,0.051436353,0.0130200945,0.1715686321258545
5327,0.19594972,0.19594972,0.060370993,0.04856187,0.011809122,0.17208170890808105
5328,0.19584632,0.19584632,0.06546959,0.053249244,0.012220345,0.17312121391296387
5329,0.19583447,0.19583447,0.06618378,0.052353196,0.013830585,0.17989826202392578
5330,0.19608243,0.19608243,0.06151007,0.04926792,0.012242148,0.17734432220458984,0.07112244,0.07112244
5331,0.19592233,0.19592233,0.060782705,0.048386637,0.012396068,0.17256808280944824
5332,0.1955175,0.1955175,0.060626306,0.047339078,0.013287227,0.17294883728027344
5333,0.19524543,0.19524543,0.06720872,0.05195322,0.015255507,0.17220377922058105
5334,0.19563031,0.19563031,0.06498147,0.05159433,0.013387137,0.17153453826904297
5335,0.1955175,0.1955175,0.06290563,0.048600618,0.014305011,0.1722729206085205,0.07110987,0.07110987
5336,0.19531918,0.19531918,0.06231585,0.050832734,0.01148312,0.1713881492614746
5337,0.19592963,0.19592963,0.05998676,0.04715119,0.012835571,0.1761457920074463
5338,0.19547771,0.19547771,0.05923465,0.046003215,0.013231436,0.1716938018798828
5339,0.19612524,0.19612524,0.06187486,0.04916406,0.012710799,0.17218351364135742
5340,0.19594547,0.19594547,0.06446424,0.051559523,0.012904716,0.17309331893920898,0.071295045,0.071295045
5341,0.19723953,0.19723953,0.06608952,0.05281534,0.01327418,0.17554092407226562
5342,0.19608589,0.19608589,0.063112825,0.049792167,0.013320656,0.17621397972106934
5343,0.19544989,0.19544989,0.06659078,0.05334194,0.0132488385,0.17196321487426758
5344,0.19569269,0.19569269,0.062715456,0.049523246,0.013192211,0.17521071434020996
5345,0.19601017,0.19601017,0.060666535,0.04763164,0.013034896,0.1739199161529541,0.071260296,0.071260296
5346,0.19638722,0.19638722,0.060782973,0.046885487,0.013897485,0.17217755317687988
5347,0.19510177,0.19510177,0.06967662,0.055509053,0.014167569,0.1720285415649414
5348,0.19537407,0.19537407,0.06173692,0.049099285,0.012637634,0.17448210716247559
5349,0.19669348,0.19669348,0.059167385,0.046250682,0.012916702,0.172607421875
5350,0.20006554,0.20006554,0.06374852,0.051126342,0.012622184,0.1729123592376709,0.07116329,0.07116329
5351,0.19644706,0.19644706,0.06196623,0.047801226,0.014165002,0.17275118827819824
5352,0.19619155,0.19619155,0.06289089,0.049172815,0.013718071,0.17322301864624023
5353,0.19634928,0.19634928,0.06966399,0.054613817,0.015050172,0.17159485816955566
5354,0.19586113,0.19586113,0.06388066,0.047728337,0.01615232,0.18212318420410156
5355,0.19588497,0.19588497,0.06398508,0.050476037,0.013509046,0.17507004737854004,0.07093797,0.07093797
5356,0.19630447,0.19630447,0.0638432,0.05130899,0.012534208,0.17179369926452637
5357,0.19525032,0.19525032,0.067144975,0.053360645,0.013784329,0.1759190559387207
5358,0.19598484,0.19598484,0.06644081,0.050876897,0.015563917,0.17691540718078613
5359,0.19618784,0.19618784,0.062811375,0.05151993,0.011291441,0.17391586303710938
5360,0.19568297,0.19568297,0.058848336,0.045428734,0.013419602,0.17264127731323242,0.07099067,0.07099067
5361,0.1955856,0.1955856,0.061719373,0.047413636,0.014305736,0.1716620922088623
5362,0.19604889,0.19604889,0.06543527,0.05116692,0.014268343,0.1780257225036621
5363,0.19595283,0.19595283,0.06969849,0.055411924,0.014286568,0.1829972267150879
5364,0.19505644,0.19505644,0.06524852,0.05263326,0.012615257,0.1800377368927002
5365,0.19658846,0.19658846,0.05812211,0.046136707,0.011985402,0.17615365982055664,0.07125219,0.07125219
5366,0.19574724,0.19574724,0.061939824,0.049059022,0.012880802,0.1726980209350586
5367,0.19600601,0.19600601,0.06555509,0.049409878,0.016145209,0.17362284660339355
5368,0.19588941,0.19588941,0.06475306,0.05260826,0.012144807,0.1731107234954834
5369,0.19564971,0.19564971,0.0638934,0.050198097,0.013695304,0.18094444274902344
5370,0.19609125,0.19609125,0.06042711,0.048701115,0.011725996,0.17440199851989746,0.07143297,0.07143297
5371,0.19586216,0.19586216,0.064538985,0.052074928,0.012464059,0.1729884147644043
5372,0.19541565,0.19541565,0.062368914,0.04964106,0.012727852,0.17384862899780273
5373,0.19561318,0.19561318,0.06482772,0.05320705,0.011620668,0.18085217475891113
5374,0.19537789,0.19537789,0.06000079,0.047096334,0.012904455,0.1782855987548828
5375,0.19509766,0.19509766,0.064816095,0.050836682,0.0139794145,0.1719987392425537,0.07112454,0.07112454
5376,0.19539359,0.19539359,0.06365984,0.0502271,0.013432744,0.17004990577697754
5377,0.19501697,0.19501697,0.06245046,0.050245892,0.012204568,0.1713545322418213
5378,0.1952191,0.1952191,0.065359555,0.052029837,0.013329721,0.17110395431518555
5379,0.19542858,0.19542858,0.06441481,0.049792252,0.014622556,0.17040681838989258
5380,0.19619377,0.19619377,0.061955694,0.04942493,0.012530762,0.1714184284210205,0.070851885,0.070851885
5381,0.19532442,0.19532442,0.06092894,0.04644506,0.014483881,0.18111276626586914
5382,0.19643554,0.19643554,0.0650375,0.051768254,0.013269244,0.17466163635253906
5383,0.19573803,0.19573803,0.06734642,0.052186847,0.015159571,0.17066645622253418
5384,0.19535214,0.19535214,0.06821889,0.05439913,0.013819756,0.17171645164489746
5385,0.19513875,0.19513875,0.063301235,0.049796283,0.01350495,0.17356228828430176,0.07093497,0.07093497
5386,0.19564894,0.19564894,0.060937736,0.047344744,0.013592993,0.17728948593139648
5387,0.19580747,0.19580747,0.06651043,0.054546118,0.011964314,0.17229008674621582
5388,0.19642527,0.19642527,0.06389732,0.049188092,0.014709228,0.17002129554748535
5389,0.1957108,0.1957108,0.062865034,0.049100682,0.013764353,0.17089462280273438
5390,0.19602977,0.19602977,0.06268193,0.049681425,0.013000507,0.18080925941467285,0.07091441,0.07091441
5391,0.19573207,0.19573207,0.06720022,0.054461807,0.012738415,0.1790928840637207
5392,0.19538733,0.19538733,0.06639299,0.050648775,0.01574421,0.1732633113861084
5393,0.19508344,0.19508344,0.062213674,0.049807284,0.012406392,0.17202043533325195
5394,0.1946408,0.1946408,0.06429122,0.050863467,0.013427752,0.16649222373962402
5395,0.19512103,0.19512103,0.06418178,0.04943499,0.014746792,0.17251300811767578,0.070794195,0.070794195
5396,0.19595657,0.19595657,0.062306482,0.04884284,0.013463643,0.17126989364624023
5397,0.19548553,0.19548553,0.063329324,0.050272815,0.013056512,0.1715388298034668
5398,0.19532466,0.19532466,0.06698873,0.053692922,0.013295809,0.17110466957092285
5399,0.19553825,0.19553825,0.06277105,0.04932697,0.01344408,0.17084193229675293
5400,0.19518398,0.19518398,0.06231959,0.04742227,0.014897321,0.1656026840209961,0.07075574,0.07075574
5401,0.1955137,0.1955137,0.06019812,0.04734795,0.012850168,0.17110919952392578
5402,0.19543025,0.19543025,0.0651153,0.050955858,0.014159447,0.17126798629760742
5403,0.19650847,0.19650847,0.06275472,0.051786195,0.010968528,0.17226505279541016
5404,0.19536006,0.19536006,0.06562869,0.051317815,0.014310874,0.17405080795288086
5405,0.1954176,0.1954176,0.0644675,0.051109925,0.013357572,0.1730210781097412,0.0710342,0.0710342
5406,0.1955339,0.1955339,0.06321515,0.049105972,0.0141091775,0.18199992179870605
5407,0.19549666,0.19549666,0.06411251,0.051066287,0.013046223,0.18276286125183105
5408,0.1957695,0.1957695,0.06308432,0.048965946,0.01411837,0.17994308471679688
5409,0.1967816,0.1967816,0.058171216,0.045547005,0.012624211,0.17137980461120605
5410,0.1950943,0.1950943,0.056669403,0.043842286,0.012827116,0.17218375205993652,0.07123296,0.07123296
5411,0.19541258,0.19541258,0.062035337,0.04806109,0.013974245,0.1717360019683838
5412,0.1961155,0.1961155,0.06252682,0.048762836,0.013763983,0.17186617851257324
5413,0.19580078,0.19580078,0.06461446,0.048287842,0.01632662,0.1724104881286621
5414,0.19570269,0.19570269,0.06660083,0.054158848,0.012441982,0.1722698211669922
5415,0.19479945,0.19479945,0.06608715,0.05090919,0.015177958,0.1830615997314453,0.07111236,0.07111236
5416,0.19574325,0.19574325,0.05794637,0.046140358,0.011806013,0.17572259902954102
5417,0.19531451,0.19531451,0.06051613,0.045725945,0.014790184,0.1749742031097412
5418,0.1953203,0.1953203,0.06791733,0.05405063,0.0138667,0.1769416332244873
5419,0.19612022,0.19612022,0.06112493,0.04807139,0.013053538,0.17286133766174316
5420,0.1953831,0.1953831,0.062244747,0.049405538,0.01283921,0.1701221466064453,0.07091997,0.07091997
5421,0.19570507,0.19570507,0.06325113,0.048926212,0.014324917,0.17838597297668457
5422,0.19509773,0.19509773,0.06666868,0.05282863,0.013840053,0.17801833152770996
5423,0.19526678,0.19526678,0.06322293,0.049658544,0.013564383,0.17902374267578125
5424,0.19541976,0.19541976,0.06884342,0.054457687,0.01438573,0.18668889999389648
5425,0.19575657,0.19575657,0.063918345,0.050259374,0.0136589715,0.1820371150970459,0.07065543,0.07065543
5426,0.19501932,0.19501932,0.06488762,0.050417706,0.014469917,0.1770765781402588
5427,0.19567066,0.19567066,0.061712164,0.047732722,0.013979443,0.17079925537109375
5428,0.19525851,0.19525851,0.06654547,0.05337766,0.013167808,0.1705186367034912
5429,0.19578153,0.19578153,0.06298719,0.050402123,0.012585067,0.17139339447021484
5430,0.19565481,0.19565481,0.06260719,0.049253628,0.013353563,0.1712052822113037,0.07042792,0.07042792
5431,0.1952929,0.1952929,0.064160034,0.05134152,0.012818515,0.16655969619750977
5432,0.19505689,0.19505689,0.057634268,0.046786323,0.010847944,0.17090916633605957
5433,0.19501463,0.19501463,0.06713414,0.05481079,0.012323354,0.17304158210754395
5434,0.19497569,0.19497569,0.061310127,0.047574773,0.013735353,0.18004131317138672
5435,0.19558853,0.19558853,0.06120982,0.049081087,0.012128735,0.1835019588470459,0.070426464,0.070426464
5436,0.19590431,0.19590431,0.063277654,0.04892526,0.014352397,0.17262554168701172
5437,0.1950986,0.1950986,0.065336786,0.05053515,0.014801637,0.17153143882751465
5438,0.19614124,0.19614124,0.06049973,0.046477705,0.014022026,0.17032361030578613
5439,0.19597927,0.19597927,0.062248614,0.049684275,0.012564339,0.16609454154968262
5440,0.19555354,0.19555354,0.066716135,0.05264865,0.014067487,0.17072415351867676,0.07081011,0.07081011
5441,0.19571818,0.19571818,0.06835916,0.052577488,0.015781673,0.1715869903564453
5442,0.20540233,0.20540233,0.06596459,0.051746406,0.014218182,0.17743849754333496
5443,0.21259971,0.21259971,0.06224336,0.04918306,0.0130603025,0.17576265335083008
5444,0.20177844,0.20177844,0.061104786,0.04778731,0.013317477,0.17277240753173828
5445,0.20979095,0.20979095,0.058631882,0.046725214,0.011906667,0.17222857475280762,0.07295631,0.07295631
5446,0.21301925,0.21301925,0.06335334,0.050610047,0.012743288,0.17351078987121582
5447,0.21064891,0.21064891,0.062041916,0.0483335,0.013708417,0.1722884178161621
5448,0.20544557,0.20544557,0.06153181,0.047830254,0.013701553,0.17250442504882812
5449,0.20444198,0.20444198,0.059031904,0.047056988,0.011974915,0.17120814323425293
5450,0.20626,0.20626,0.066572435,0.05302809,0.013544345,0.17403960227966309,0.0699281,0.0699281
5451,0.20147341,0.20147341,0.063133314,0.048532095,0.014601223,0.1732945442199707
5452,0.19975267,0.19975267,0.06165568,0.04755374,0.014101941,0.1741042137145996
5453,0.19745201,0.19745201,0.063340016,0.050568398,0.012771618,0.17110729217529297
5454,0.20130487,0.20130487,0.06594733,0.05132441,0.014622925,0.17293548583984375
5455,0.20247991,0.20247991,0.06384515,0.05032805,0.013517099,0.1707766056060791,0.069505796,0.069505796
5456,0.20317227,0.20317227,0.054707393,0.04394472,0.010762675,0.1709427833557129
5457,0.20225187,0.20225187,0.06649168,0.053278897,0.013212778,0.17153453826904297
5458,0.20104977,0.20104977,0.06516561,0.050818745,0.014346862,0.17427921295166016
5459,0.19968128,0.19968128,0.0635033,0.050680257,0.012823047,0.17247748374938965
5460,0.19920479,0.19920479,0.060131874,0.04732827,0.012803603,0.17100238800048828,0.07032668,0.07032668
5461,0.19853388,0.19853388,0.064532086,0.049696043,0.014836041,0.17153620719909668
5462,0.1983847,0.1983847,0.06249303,0.04800613,0.014486901,0.17081832885742188
5463,0.1974896,0.1974896,0.06215387,0.047884826,0.014269043,0.17419672012329102
5464,0.2002775,0.2002775,0.067213595,0.052965734,0.0142478645,0.17166566848754883
5465,0.1979882,0.1979882,0.06404695,0.050147146,0.013899806,0.1714470386505127,0.07032944,0.07032944
5466,0.19934131,0.19934131,0.06412046,0.050949812,0.013170648,0.17487645149230957
5467,0.19738963,0.19738963,0.062840804,0.05093311,0.011907689,0.17150115966796875
5468,0.19881466,0.19881466,0.06938345,0.055348616,0.014034831,0.17185354232788086
5469,0.19728462,0.19728462,0.065332316,0.05037585,0.01495647,0.16965842247009277
5470,0.19823614,0.19823614,0.06099928,0.04796855,0.013030731,0.1679248809814453,0.07001555,0.07001555
5471,0.19832028,0.19832028,0.058822244,0.045830697,0.012991548,0.16333651542663574
5472,0.19808765,0.19808765,0.06186316,0.04751493,0.014348229,0.16356277465820312
5473,0.19823961,0.19823961,0.06496575,0.052011948,0.012953799,0.1656186580657959
5474,0.19754024,0.19754024,0.0637988,0.04993719,0.013861611,0.17381834983825684
5475,0.19805263,0.19805263,0.07086763,0.055102006,0.01576562,0.16808080673217773,0.07015272,0.07015272
5476,0.19675057,0.19675057,0.062223002,0.04909155,0.013131452,0.16471076011657715
5477,0.19729382,0.19729382,0.06685932,0.05180363,0.01505569,0.16403603553771973
5478,0.19663689,0.19663689,0.06262048,0.049805462,0.012815023,0.16377592086791992
5479,0.19558628,0.19558628,0.06258495,0.048007865,0.014577084,0.16494297981262207
5480,0.19703968,0.19703968,0.06894251,0.05463221,0.0143103,0.16736650466918945,0.07014084,0.07014084
5481,0.19641522,0.19641522,0.06737679,0.052266087,0.015110708,0.16546130180358887
5482,0.19610088,0.19610088,0.06227124,0.04760115,0.014670092,0.16359496116638184
5483,0.1960907,0.1960907,0.06371902,0.049104676,0.014614346,0.1642313003540039
5484,0.19611862,0.19611862,0.068327986,0.05338487,0.014943115,0.16320276260375977
5485,0.19644938,0.19644938,0.06421898,0.050839365,0.013379618,0.1654508113861084,0.06988249,0.06988249
5486,0.19715618,0.19715618,0.06650427,0.05245743,0.014046843,0.17144036293029785
5487,0.197896,0.197896,0.063611515,0.05067404,0.012937477,0.17113494873046875
5488,0.19569957,0.19569957,0.066959366,0.05371272,0.013246648,0.16702723503112793
5489,0.19679302,0.19679302,0.0617752,0.048240043,0.013535158,0.1650857925415039
5490,0.196682,0.196682,0.066598594,0.05255048,0.014048118,0.16495895385742188,0.07015587,0.07015587
5491,0.19641447,0.19641447,0.06850836,0.053233955,0.015274398,0.16512823104858398
5492,0.19606641,0.19606641,0.063746706,0.049780477,0.013966226,0.16523337364196777
5493,0.19600101,0.19600101,0.06287729,0.049439136,0.013438151,0.17432665824890137
5494,0.19550854,0.19550854,0.05776958,0.04457099,0.013198591,0.17286252975463867
5495,0.19543017,0.19543017,0.058984514,0.04551784,0.013466675,0.16779446601867676,0.07021238,0.07021238
5496,0.19651039,0.19651039,0.06564965,0.049511436,0.016138215,0.16727638244628906
5497,0.19584404,0.19584404,0.06579801,0.051896602,0.013901405,0.16415929794311523
5498,0.19597857,0.19597857,0.063022174,0.049815126,0.013207046,0.16545605659484863
5499,0.19571373,0.19571373,0.061186638,0.04784699,0.013339647,0.17426657676696777
5500,0.19633949,0.19633949,0.061298802,0.04747653,0.013822272,0.17391753196716309,0.070046596,0.070046596
5501,0.19568254,0.19568254,0.0665069,0.051933065,0.014573837,0.16840815544128418
5502,0.19548938,0.19548938,0.061623063,0.047461886,0.014161176,0.1673271656036377
5503,0.19549875,0.19549875,0.06658716,0.054013476,0.012573683,0.1643669605255127
5504,0.1956247,0.1956247,0.06159646,0.04830465,0.013291808,0.16451644897460938
5505,0.19557947,0.19557947,0.070508584,0.05430517,0.016203417,0.16613435745239258,0.069894195,0.069894195
5506,0.19619589,0.19619589,0.06658092,0.052766897,0.013814026,0.16537046432495117
5507,0.19612063,0.19612063,0.06576564,0.052011114,0.01375453,0.1643667221069336
5508,0.19636147,0.19636147,0.061464615,0.047594875,0.01386974,0.16408586502075195
5509,0.19570014,0.19570014,0.058589663,0.045894824,0.01269484,0.16386747360229492
5510,0.19535448,0.19535448,0.060320202,0.047444142,0.012876059,0.16715407371520996,0.06988188,0.06988188
5511,0.19535011,0.19535011,0.06790025,0.051154647,0.016745603,0.17352867126464844
5512,0.19541968,0.19541968,0.06404507,0.049612507,0.014432567,0.17617416381835938
5513,0.19794677,0.19794677,0.06477184,0.049698975,0.015072864,0.1746385097503662
5514,0.19568992,0.19568992,0.06569105,0.051404495,0.014286553,0.1723318099975586
5515,0.19562744,0.19562744,0.06511673,0.050919015,0.014197716,0.17328381538391113,0.0699343,0.0699343
5516,0.19625749,0.19625749,0.066751905,0.053497527,0.013254379,0.17294549942016602
5517,0.19530046,0.19530046,0.060490534,0.046127297,0.014363239,0.1729881763458252
5518,0.19561933,0.19561933,0.067933396,0.055060014,0.012873385,0.17228913307189941
5519,0.19577578,0.19577578,0.06608534,0.052492697,0.013592645,0.17210030555725098
5520,0.19569866,0.19569866,0.06641418,0.0528085,0.013605679,0.1752185821533203,0.06996846,0.06996846
5521,0.1957516,0.1957516,0.064944655,0.05148313,0.013461529,0.1802983283996582
5522,0.19556068,0.19556068,0.06323622,0.050102483,0.013133735,0.1735234260559082
5523,0.19521599,0.19521599,0.06150666,0.047981516,0.013525142,0.17343354225158691
5524,0.19562832,0.19562832,0.0631712,0.05056415,0.012607049,0.17350149154663086
5525,0.19583793,0.19583793,0.062533244,0.04783717,0.0146960765,0.17265748977661133,0.069952466,0.069952466
5526,0.19612288,0.19612288,0.06670092,0.053384222,0.013316702,0.17241644859313965
5527,0.19531536,0.19531536,0.06572621,0.050937504,0.014788712,0.17310309410095215
5528,0.19508815,0.19508815,0.06254308,0.049064092,0.01347899,0.17486834526062012
5529,0.195769,0.195769,0.061126947,0.04764688,0.013480067,0.18261075019836426
5530,0.19574569,0.19574569,0.06305612,0.04789033,0.01516579,0.18155884742736816,0.06998064,0.06998064
5531,0.19554485,0.19554485,0.061117757,0.04755978,0.013557977,0.17542028427124023
5532,0.19509356,0.19509356,0.05815958,0.04467963,0.013479947,0.17358994483947754
5533,0.19681114,0.19681114,0.05929179,0.04582799,0.013463802,0.17300009727478027
5534,0.19544277,0.19544277,0.06035974,0.046062812,0.014296927,0.17342615127563477
5535,0.19619057,0.19619057,0.06075072,0.04777245,0.012978272,0.17302918434143066,0.07022819,0.07022819
5536,0.1956437,0.1956437,0.061324522,0.049233958,0.012090564,0.17299199104309082
5537,0.19528465,0.19528465,0.066307604,0.05175417,0.014553436,0.17247605323791504
5538,0.19559914,0.19559914,0.06483198,0.050553214,0.014278769,0.17423796653747559
5539,0.1953015,0.1953015,0.064564735,0.05098355,0.0135811865,0.18138813972473145
5540,0.19574037,0.19574037,0.06895508,0.055041388,0.013913694,0.18196964263916016,0.07040376,0.07040376
5541,0.19559406,0.19559406,0.06538756,0.05182477,0.013562795,0.1761176586151123
5542,0.19572258,0.19572258,0.06300327,0.049982622,0.013020649,0.17235779762268066
5543,0.19534841,0.19534841,0.06556386,0.051733132,0.013830726,0.1738724708557129
5544,0.19555336,0.19555336,0.062461935,0.0499092,0.012552735,0.17423152923583984
5545,0.19528902,0.19528902,0.067094356,0.052627143,0.014467216,0.17361021041870117,0.0702066,0.0702066
5546,0.19541532,0.19541532,0.064609945,0.051156938,0.01345301,0.17484807968139648
5547,0.19552185,0.19552185,0.055542793,0.043100785,0.012442007,0.17632794380187988
5548,0.19607636,0.19607636,0.06410617,0.050315406,0.013790756,0.18345856666564941
5549,0.19598265,0.19598265,0.06682637,0.051343378,0.015482998,0.17914247512817383
5550,0.1950731,0.1950731,0.061280765,0.048635174,0.012645589,0.17318964004516602,0.07004259,0.07004259
5551,0.19530956,0.19530956,0.06476452,0.050243862,0.014520657,0.1731715202331543
5552,0.19510528,0.19510528,0.06272793,0.048369482,0.014358447,0.17353606224060059
5553,0.19607437,0.19607437,0.068122216,0.05270233,0.015419885,0.17243170738220215
5554,0.19517258,0.19517258,0.06293484,0.05121944,0.011715395,0.1714177131652832
5555,0.19502571,0.19502571,0.064650804,0.05033474,0.014316063,0.17305755615234375,0.07010516,0.07010516
5556,0.196529,0.196529,0.062455487,0.04895993,0.013495557,0.18149399757385254
5557,0.19519062,0.19519062,0.06595282,0.050124817,0.015828004,0.18261027336120605
5558,0.1954425,0.1954425,0.05799165,0.046182986,0.011808664,0.1811962127685547
5559,0.195682,0.195682,0.06568378,0.05263709,0.013046697,0.17643404006958008
5560,0.19528866,0.19528866,0.06125845,0.048177037,0.013081413,0.17235422134399414,0.070205934,0.070205934
5561,0.19508371,0.19508371,0.062341355,0.049017824,0.013323529,0.17241811752319336
5562,0.19543123,0.19543123,0.06518336,0.05118245,0.014000905,0.1721646785736084
5563,0.19579977,0.19579977,0.061691392,0.049414486,0.0122769065,0.1730666160583496
5564,0.19553436,0.19553436,0.059249535,0.04564237,0.013607165,0.16966986656188965
5565,0.19567664,0.19567664,0.059658427,0.047470264,0.012188162,0.17204070091247559,0.0701755,0.0701755
5566,0.19543746,0.19543746,0.062156238,0.04949009,0.012666149,0.17652297019958496
5567,0.1952676,0.1952676,0.05907517,0.046868335,0.012206833,0.1765749454498291
5568,0.19594564,0.19594564,0.06408722,0.049992193,0.014095029,0.17197608947753906
5569,0.1949886,0.1949886,0.06207198,0.04820022,0.01387176,0.17351508140563965
5570,0.19567688,0.19567688,0.062293828,0.049607728,0.012686102,0.1723346710205078,0.07010388,0.07010388
5571,0.19505978,0.19505978,0.06455986,0.050331194,0.014228665,0.1785721778869629
5572,0.19520085,0.19520085,0.06896812,0.05280385,0.016164264,0.17166352272033691
5573,0.1958002,0.1958002,0.06534371,0.05211329,0.013230414,0.1718461513519287
5574,0.19597718,0.19597718,0.0651613,0.050712682,0.014448624,0.17285466194152832
5575,0.19564578,0.19564578,0.060972407,0.046845477,0.014126931,0.18158864974975586,0.070144646,0.070144646
5576,0.19637015,0.19637015,0.06659815,0.05186779,0.014730353,0.17880868911743164
5577,0.19581038,0.19581038,0.061217353,0.048584387,0.012632966,0.17381548881530762
5578,0.19547887,0.19547887,0.06673183,0.0527379,0.013993935,0.17206597328186035
5579,0.19531383,0.19531383,0.06625223,0.05196162,0.014290614,0.17322087287902832
5580,0.19575326,0.19575326,0.06298179,0.05104667,0.011935123,0.1730034351348877,0.07024153,0.07024153
5581,0.1952736,0.1952736,0.06634438,0.052564453,0.013779931,0.17296648025512695
5582,0.19594601,0.19594601,0.06798572,0.05399947,0.013986255,0.1687321662902832
5583,0.19495167,0.19495167,0.06452558,0.050370924,0.014154657,0.16788148880004883
5584,0.19505773,0.19505773,0.05803348,0.045097373,0.012936106,0.1828477382659912
5585,0.19554876,0.19554876,0.06052088,0.04671273,0.013808149,0.16923308372497559,0.07019621,0.07019621
5586,0.19516748,0.19516748,0.06312536,0.048391514,0.0147338435,0.16753673553466797
5587,0.19555788,0.19555788,0.06090936,0.047109395,0.013799965,0.1711268424987793
5588,0.19519162,0.19519162,0.06318107,0.049413525,0.013767546,0.16556477546691895
5589,0.19554096,0.19554096,0.0634176,0.0496825,0.013735096,0.17128992080688477
5590,0.19532825,0.19532825,0.05621764,0.043909863,0.012307777,0.17307209968566895,0.07006156,0.07006156
5591,0.19533254,0.19533254,0.056468684,0.04424726,0.012221427,0.18320918083190918
5592,0.19508085,0.19508085,0.062094092,0.048680283,0.013413811,0.18359971046447754
5593,0.1959608,0.1959608,0.071604885,0.057121288,0.014483598,0.17798662185668945
5594,0.19522959,0.19522959,0.06541492,0.05132384,0.014091083,0.17331933975219727
5595,0.1951427,0.1951427,0.06455135,0.05045677,0.014094584,0.17214417457580566,0.070272565,0.070272565
5596,0.1950946,0.1950946,0.06409503,0.050578304,0.013516723,0.16404318809509277
5597,0.19525269,0.19525269,0.061116725,0.046196878,0.014919845,0.170271635055542
5598,0.19518188,0.19518188,0.06364414,0.049088236,0.014555905,0.17062735557556152
5599,0.19504315,0.19504315,0.05984515,0.046254773,0.013590376,0.1708378791809082
5600,0.19523636,0.19523636,0.06380228,0.049962014,0.013840265,0.17196893692016602,0.0702321,0.0702321
5601,0.19567749,0.19567749,0.06508982,0.05200974,0.013080084,0.1720108985900879
5602,0.19549622,0.19549622,0.065740675,0.052621618,0.013119054,0.17186617851257324
5603,0.19524945,0.19524945,0.061349884,0.048334107,0.013015777,0.17287826538085938
5604,0.19509917,0.19509917,0.06343821,0.049217734,0.014220472,0.17223167419433594
5605,0.19551192,0.19551192,0.06988577,0.05579672,0.014089048,0.1718142032623291,0.07013981,0.07013981
5606,0.19522548,0.19522548,0.06584707,0.05218141,0.013665656,0.1733858585357666
5607,0.19530754,0.19530754,0.06551706,0.05274991,0.012767148,0.18235397338867188
5608,0.19545296,0.19545296,0.069227144,0.05297964,0.016247505,0.1812143325805664
5609,0.1956314,0.1956314,0.06146327,0.04806083,0.013402439,0.18032097816467285
5610,0.19522437,0.19522437,0.06945066,0.05501906,0.014431605,0.17333698272705078,0.06999232,0.06999232
5611,0.19524807,0.19524807,0.064038716,0.050283257,0.013755458,0.17217755317687988
5612,0.19546472,0.19546472,0.0604994,0.047517795,0.012981603,0.17141985893249512
5613,0.19534618,0.19534618,0.06262377,0.048028015,0.014595758,0.17090725898742676
5614,0.19481285,0.19481285,0.06463758,0.050258055,0.014379522,0.17133522033691406
5615,0.19498138,0.19498138,0.06252432,0.04797435,0.014549963,0.1717236042022705,0.07028885,0.07028885
5616,0.19560237,0.19560237,0.06853197,0.05403167,0.014500295,0.18039703369140625
5617,0.1951057,0.1951057,0.065432794,0.05133359,0.014099204,0.1815321445465088
5618,0.19489056,0.19489056,0.057916205,0.04504924,0.012866966,0.17477035522460938
5619,0.19546172,0.19546172,0.062324908,0.04988646,0.012438446,0.17119479179382324
5620,0.19543286,0.19543286,0.06859846,0.053865768,0.014732687,0.1721787452697754,0.07044551,0.07044551
5621,0.20329662,0.20329662,0.0682462,0.051863335,0.016382864,0.17236065864562988
5622,0.19526045,0.19526045,0.05561088,0.042229913,0.013380966,0.17848753929138184
5623,0.19594848,0.19594848,0.057724904,0.043640155,0.014084749,0.1711575984954834
5624,0.19793704,0.19793704,0.06392973,0.05018144,0.01374829,0.17180442810058594
5625,0.19761108,0.19761108,0.060296524,0.047236264,0.013060261,0.17596030235290527,0.070833765,0.070833765
5626,0.19799766,0.19799766,0.06103802,0.048213996,0.012824024,0.1821885108947754
5627,0.19703455,0.19703455,0.058487356,0.045636784,0.012850571,0.17995119094848633
5628,0.19746196,0.19746196,0.060198784,0.047317564,0.012881221,0.1763916015625
5629,0.19822866,0.19822866,0.06276967,0.049886495,0.012883168,0.1702413558959961
5630,0.19778995,0.19778995,0.05889958,0.04677813,0.012121451,0.1711728572845459,0.0705319,0.0705319
5631,0.21631871,0.21631871,0.062376454,0.04884407,0.013532384,0.17220234870910645
5632,0.1976281,0.1976281,0.0596792,0.048229776,0.011449422,0.1705179214477539
5633,0.20044117,0.20044117,0.06507568,0.051323514,0.013752168,0.17279958724975586
5634,0.20213063,0.20213063,0.06436854,0.049494293,0.014874247,0.1726691722869873
5635,0.20187218,0.20187218,0.06639978,0.05166555,0.014734232,0.18166637420654297,0.07058735,0.07058735
5636,0.19996913,0.19996913,0.06416922,0.051325075,0.012844147,0.17557168006896973
5637,0.20016964,0.20016964,0.05778651,0.044730313,0.013056198,0.17584657669067383
5638,0.19919948,0.19919948,0.06471294,0.0529007,0.011812237,0.17090988159179688
5639,0.19729286,0.19729286,0.06355676,0.050233386,0.013323378,0.1703183650970459
5640,0.19756386,0.19756386,0.06570484,0.052256882,0.013447955,0.17097926139831543,0.07025423,0.07025423
5641,0.19936977,0.19936977,0.06229586,0.05085442,0.011441441,0.17060637474060059
5642,0.19874322,0.19874322,0.063566804,0.050979324,0.012587484,0.1720573902130127
5643,0.19887453,0.19887453,0.062328033,0.04858961,0.0137384245,0.17890477180480957
5644,0.20216805,0.20216805,0.060597748,0.04873843,0.011859315,0.17615747451782227
5645,0.20024432,0.20024432,0.06113474,0.046930626,0.014204113,0.17189264297485352,0.070292115,0.070292115
5646,0.20000789,0.20000789,0.061623592,0.04829128,0.013332312,0.17157530784606934
5647,0.20068373,0.20068373,0.068633564,0.05503862,0.013594944,0.1719365119934082
5648,0.19929785,0.19929785,0.06450631,0.051423248,0.013083061,0.17223167419433594
5649,0.19856884,0.19856884,0.065191045,0.05194852,0.013242524,0.17119431495666504
5650,0.19799547,0.19799547,0.0657491,0.053024024,0.0127250785,0.17067217826843262,0.070894025,0.070894025
5651,0.19700713,0.19700713,0.05810944,0.046473254,0.011636186,0.17829513549804688
5652,0.19654962,0.19654962,0.06320872,0.049923588,0.013285134,0.1763002872467041
5653,0.19906543,0.19906543,0.06740889,0.05276725,0.014641638,0.16892743110656738
5654,0.1972306,0.1972306,0.06519539,0.050567783,0.014627603,0.17104625701904297
5655,0.20305464,0.20305464,0.061643165,0.048116542,0.013526621,0.17265892028808594,0.071159504,0.071159504
5656,0.19813472,0.19813472,0.06444784,0.050085228,0.014362613,0.17270827293395996
5657,0.1971318,0.1971318,0.06254564,0.04874731,0.013798336,0.17355632781982422
5658,0.19655262,0.19655262,0.062819764,0.05080428,0.012015482,0.17303681373596191
5659,0.19689563,0.19689563,0.064207904,0.05139646,0.012811444,0.17910385131835938
5660,0.19708818,0.19708818,0.061945997,0.04918714,0.012758857,0.17816758155822754,0.070696495,0.070696495
5661,0.19715632,0.19715632,0.0617693,0.04887527,0.012894031,0.17597246170043945
5662,0.19819465,0.19819465,0.056875117,0.044297583,0.012577534,0.17205524444580078
5663,0.19866851,0.19866851,0.06296232,0.04978687,0.013175455,0.17276215553283691
5664,0.19556321,0.19556321,0.05910481,0.047490105,0.011614707,0.172379732131958
5665,0.1960045,0.1960045,0.06378865,0.04825169,0.015536963,0.16711688041687012,0.07024432,0.07024432
5666,0.19803752,0.19803752,0.055122197,0.042238183,0.012884014,0.17031431198120117
5667,0.19729412,0.19729412,0.06023039,0.047343668,0.012886721,0.1703479290008545
5668,0.19680542,0.19680542,0.05912043,0.0454788,0.013641632,0.17200922966003418
5669,0.19697982,0.19697982,0.06271299,0.04858359,0.0141294,0.1716933250427246
5670,0.19838387,0.19838387,0.06865842,0.056299962,0.012358455,0.17031621932983398,0.0706664,0.0706664
5671,0.19760773,0.19760773,0.06477422,0.051249396,0.0135248285,0.17078137397766113
5672,0.19602884,0.19602884,0.059363708,0.046293385,0.013070324,0.17057347297668457
5673,0.1969407,0.1969407,0.06119062,0.047972307,0.013218315,0.17674994468688965
5674,0.19644703,0.19644703,0.0609728,0.047839783,0.013133015,0.17048954963684082
5675,0.19701317,0.19701317,0.061417285,0.048646607,0.01277068,0.1703629493713379,0.071337335,0.071337335
5676,0.1963478,0.1963478,0.06761265,0.052989002,0.014623648,0.18116140365600586
5677,0.1972209,0.1972209,0.05862328,0.046365183,0.012258098,0.1813492774963379
5678,0.19663513,0.19663513,0.06718096,0.05119547,0.015985496,0.1774148941040039
5679,0.19708973,0.19708973,0.059162356,0.046039075,0.01312328,0.17304229736328125
5680,0.1964022,0.1964022,0.064413644,0.049469817,0.014943828,0.17006564140319824,0.07073823,0.07073823
5681,0.19641648,0.19641648,0.05940212,0.04602824,0.013373879,0.16928458213806152
5682,0.1962864,0.1962864,0.061702352,0.04743775,0.014264602,0.16971445083618164
5683,0.19676802,0.19676802,0.06220047,0.049261637,0.012938835,0.16985678672790527
5684,0.19631217,0.19631217,0.06137622,0.048853375,0.012522845,0.1719965934753418
5685,0.19566593,0.19566593,0.06520841,0.051844362,0.013364053,0.18023228645324707,0.07001146,0.07001146
5686,0.19632244,0.19632244,0.060751915,0.047063734,0.0136881815,0.17702984809875488
5687,0.19642586,0.19642586,0.06434366,0.051060088,0.013283571,0.17143774032592773
5688,0.19571266,0.19571266,0.059203967,0.046603993,0.012599977,0.1701972484588623
5689,0.19809434,0.19809434,0.06256131,0.05022737,0.012333939,0.1712055206298828
5690,0.19568446,0.19568446,0.06401416,0.049120255,0.014893903,0.16994500160217285,0.07030337,0.07030337
5691,0.19563684,0.19563684,0.063139394,0.050394274,0.012745119,0.1710655689239502
5692,0.19615005,0.19615005,0.062580645,0.050292987,0.012287656,0.16939902305603027
5693,0.19582047,0.19582047,0.058103394,0.046711527,0.011391868,0.171525239944458
5694,0.1954123,0.1954123,0.06815979,0.054088395,0.014071394,0.17012333869934082
5695,0.19591506,0.19591506,0.060039382,0.046777885,0.013261496,0.17101192474365234,0.070648216,0.070648216
5696,0.19585651,0.19585651,0.0626861,0.0494489,0.013237203,0.171189546585083
5697,0.196658,0.196658,0.061930515,0.04993027,0.012000244,0.16979098320007324
5698,0.19605759,0.19605759,0.059112143,0.045382526,0.013729616,0.16972708702087402
5699,0.19576192,0.19576192,0.066757664,0.05254585,0.014211815,0.17064714431762695
5700,0.19660453,0.19660453,0.06293256,0.048744798,0.014187762,0.17160916328430176,0.070831366,0.070831366
5701,0.19687714,0.19687714,0.06633705,0.052695524,0.013641525,0.18036174774169922
5702,0.1957596,0.1957596,0.06746545,0.052329637,0.015135811,0.17975282669067383
5703,0.19741113,0.19741113,0.06621413,0.05223063,0.013983496,0.17430400848388672
5704,0.19649473,0.19649473,0.061619386,0.04656256,0.015056825,0.17214369773864746
5705,0.19591367,0.19591367,0.0592895,0.047157165,0.012132335,0.16588997840881348,0.07062205,0.07062205
5706,0.19607536,0.19607536,0.061760828,0.048718866,0.013041963,0.1703653335571289
5707,0.19893639,0.19893639,0.06424455,0.050397024,0.01384753,0.17015385627746582
5708,0.19547261,0.19547261,0.059619773,0.046395954,0.01322382,0.17036771774291992
5709,0.19611028,0.19611028,0.054732233,0.04275361,0.011978623,0.169266939163208
5710,0.19595706,0.19595706,0.05861764,0.04715174,0.0114659,0.17055964469909668,0.07008027,0.07008027
5711,0.19541515,0.19541515,0.06384653,0.049215592,0.014630934,0.17048406600952148
5712,0.1959751,0.1959751,0.06020834,0.047061924,0.013146416,0.17081856727600098
5713,0.19572388,0.19572388,0.06380557,0.05025871,0.013546864,0.16931891441345215
5714,0.19625571,0.19625571,0.06348363,0.049225587,0.014258046,0.16948676109313965
5715,0.19530468,0.19530468,0.0647372,0.049635287,0.015101917,0.17008519172668457,0.07035645,0.07035645
5716,0.19541359,0.19541359,0.065932065,0.050910756,0.015021307,0.17087912559509277
5717,0.1954215,0.1954215,0.063014455,0.05007181,0.0129426485,0.17242789268493652
5718,0.1958303,0.1958303,0.06253525,0.04938285,0.013152401,0.16982102394104004
5719,0.19581077,0.19581077,0.067813575,0.052831046,0.014982529,0.16995692253112793
5720,0.19572711,0.19572711,0.06227961,0.048602283,0.01367733,0.16999530792236328,0.07056442,0.07056442
5721,0.19522804,0.19522804,0.061931387,0.046967044,0.014964342,0.16958904266357422
5722,0.19528383,0.19528383,0.05741765,0.043825448,0.013592201,0.16971492767333984
5723,0.1963858,0.1963858,0.06556261,0.052183107,0.013379507,0.17026448249816895
5724,0.19566372,0.19566372,0.06216671,0.04706892,0.01509779,0.18560409545898438
5725,0.19541259,0.19541259,0.062722445,0.050373334,0.012349106,0.17557358741760254,0.0703443,0.0703443
5726,0.19518688,0.19518688,0.061933033,0.04937254,0.012560496,0.17097210884094238
5727,0.19682866,0.19682866,0.05730229,0.04400555,0.013296739,0.17044806480407715
5728,0.19621468,0.19621468,0.06381133,0.049958017,0.013853314,0.16905546188354492
5729,0.19562282,0.19562282,0.06457715,0.050354797,0.014222347,0.16967320442199707
5730,0.1955188,0.1955188,0.06124506,0.04644166,0.014803403,0.1693131923675537,0.07029689,0.07029689
5731,0.19563362,0.19563362,0.064299,0.05024302,0.014055983,0.16955995559692383
5732,0.19543974,0.19543974,0.06396861,0.050660424,0.013308185,0.17969751358032227
5733,0.19558452,0.19558452,0.06460601,0.050266646,0.014339361,0.17467522621154785
5734,0.19563405,0.19563405,0.06220607,0.049936343,0.012269728,0.1693730354309082
5735,0.19572563,0.19572563,0.05907903,0.046011783,0.0130672455,0.17044568061828613,0.07025221,0.07025221
5736,0.1959553,0.1959553,0.060257312,0.047483742,0.01277357,0.17012953758239746
5737,0.19529083,0.19529083,0.059192516,0.046531312,0.012661206,0.1697373390197754
5738,0.19612296,0.19612296,0.06086485,0.048073992,0.012790858,0.16947054862976074
5739,0.19619459,0.19619459,0.06761407,0.052737482,0.01487659,0.17127323150634766
5740,0.19554022,0.19554022,0.06742616,0.05191938,0.015506784,0.18008065223693848,0.07018427,0.07018427
5741,0.19695118,0.19695118,0.065586366,0.052639887,0.012946476,0.17911887168884277
5742,0.19631252,0.19631252,0.06680078,0.0517694,0.015031383,0.17459774017333984
5743,0.19516166,0.19516166,0.06834073,0.054913856,0.013426877,0.17023468017578125
5744,0.19614501,0.19614501,0.06610034,0.051645417,0.01445492,0.1693286895751953
5745,0.1955171,0.1955171,0.064018786,0.051770657,0.012248132,0.16955304145812988,0.07031356,0.07031356
5746,0.19699915,0.19699915,0.058256004,0.04609289,0.012163115,0.16677141189575195
5747,0.19591723,0.19591723,0.06039394,0.04766567,0.01272827,0.1656494140625
5748,0.19583763,0.19583763,0.065669335,0.052781764,0.012887571,0.1687166690826416
5749,0.19509159,0.19509159,0.05820807,0.045849107,0.012358963,0.16805028915405273
5750,0.19538811,0.19538811,0.06068293,0.04751083,0.013172102,0.16689515113830566,0.07046773,0.07046773
5751,0.19564372,0.19564372,0.059671156,0.045345873,0.014325283,0.16939735412597656
5752,0.19529578,0.19529578,0.05717565,0.04351248,0.013663171,0.17035937309265137
5753,0.19516845,0.19516845,0.06381697,0.050232586,0.013584387,0.16744589805603027
5754,0.19499005,0.19499005,0.0638437,0.049864236,0.013979465,0.1700727939605713
5755,0.19541465,0.19541465,0.05805784,0.04442844,0.0136294,0.17861652374267578,0.07031788,0.07031788
5756,0.19501853,0.19501853,0.055566426,0.043622512,0.011943913,0.17269110679626465
5757,0.19549549,0.19549549,0.06563104,0.052284554,0.013346484,0.16685748100280762
5758,0.19548404,0.19548404,0.05890669,0.04682806,0.012078626,0.16983747482299805
5759,0.1955796,0.1955796,0.06251171,0.04919896,0.013312756,0.16666960716247559
5760,0.19528152,0.19528152,0.061583526,0.048312593,0.013270932,0.16196441650390625,0.070195116,0.070195116
5761,0.19578691,0.19578691,0.06362083,0.0516842,0.01193663,0.16518640518188477
5762,0.19505516,0.19505516,0.06337965,0.050169494,0.013210162,0.1680128574371338
5763,0.19540241,0.19540241,0.06206538,0.048503563,0.013561819,0.16676974296569824
5764,0.19493702,0.19493702,0.064680405,0.051585503,0.013094902,0.16312742233276367
5765,0.19517463,0.19517463,0.060236674,0.048711672,0.011525002,0.16464900970458984,0.07023149,0.07023149
5766,0.19558261,0.19558261,0.0644189,0.050977837,0.0134410625,0.16470623016357422
5767,0.19553958,0.19553958,0.060761042,0.046692014,0.014069027,0.16460418701171875
5768,0.19616789,0.19616789,0.06157934,0.04842444,0.013154896,0.17106866836547852
5769,0.19533896,0.19533896,0.05926259,0.04640402,0.012858569,0.17239642143249512
5770,0.19515339,0.19515339,0.06497671,0.051808316,0.013168391,0.16614222526550293,0.070260584,0.070260584
5771,0.19513275,0.19513275,0.06316216,0.049482502,0.013679664,0.16416454315185547
5772,0.19511558,0.19511558,0.06163312,0.048269715,0.013363407,0.16446256637573242
5773,0.19571403,0.19571403,0.06433291,0.05185872,0.012474189,0.1645660400390625
5774,0.19537301,0.19537301,0.06706461,0.05309708,0.013967535,0.16821694374084473
5775,0.19511737,0.19511737,0.057441715,0.04473352,0.0127081955,0.16517996788024902,0.07017313,0.07017313
5776,0.19571635,0.19571635,0.06061355,0.048256826,0.012356726,0.16471529006958008
5777,0.19547479,0.19547479,0.05953158,0.046108074,0.013423505,0.16324329376220703
5778,0.19586395,0.19586395,0.062329695,0.048663914,0.013665779,0.16280412673950195
5779,0.19500934,0.19500934,0.06114935,0.048898388,0.012250962,0.16301751136779785
5780,0.19529308,0.19529308,0.06165581,0.048651233,0.013004575,0.16194510459899902,0.07009166,0.07009166
5781,0.19553842,0.19553842,0.058492668,0.045904454,0.012588215,0.16109037399291992
5782,0.19569667,0.19569667,0.063353635,0.049502626,0.013851011,0.16220879554748535
5783,0.19494507,0.19494507,0.060072843,0.04723343,0.012839413,0.16283273696899414
5784,0.19541463,0.19541463,0.061229482,0.048815288,0.012414194,0.16129684448242188
5785,0.19527608,0.19527608,0.058399443,0.04520204,0.0131974025,0.1618647575378418,0.07008937,0.07008937
5786,0.1949858,0.1949858,0.060664803,0.047224473,0.013440329,0.17007803916931152
5787,0.19504982,0.19504982,0.058926612,0.04646092,0.012465695,0.1678783893585205
5788,0.19536965,0.19536965,0.06449493,0.05095307,0.0135418605,0.1624746322631836
5789,0.19565184,0.19565184,0.06302765,0.049815513,0.013212133,0.16190290451049805
5790,0.19510235,0.19510235,0.057479616,0.04467449,0.012805128,0.16524100303649902,0.06996131,0.06996131
5791,0.19627902,0.19627902,0.06276045,0.048420865,0.014339585,0.17571187019348145
5792,0.19595824,0.19595824,0.05933363,0.04578199,0.013551643,0.17937612533569336
5793,0.19518463,0.19518463,0.06157718,0.047634494,0.013942683,0.17670416831970215
5794,0.19485503,0.19485503,0.062450107,0.05009434,0.012355766,0.1727445125579834
5795,0.19528702,0.19528702,0.05969926,0.047073793,0.012625467,0.17024016380310059,0.07044265,0.07044265
5796,0.19548981,0.19548981,0.056348316,0.04370847,0.0126398485,0.16959047317504883
5797,0.19569446,0.19569446,0.055936,0.043192,0.012744,0.1662156581878662
5798,0.1956783,0.1956783,0.062266003,0.048718065,0.013547937,0.16221070289611816
5799,0.19546562,0.19546562,0.06407171,0.050782666,0.013289039,0.1621108055114746
5800,0.19578636,0.19578636,0.063734494,0.049903885,0.013830607,0.16167092323303223,0.07057997,0.07057997
5801,0.19549099,0.19549099,0.058780134,0.04643486,0.012345275,0.17072534561157227
5802,0.1953175,0.1953175,0.060566504,0.048114922,0.012451583,0.17034316062927246
5803,0.19515663,0.19515663,0.06663689,0.052897476,0.013739416,0.1710519790649414
5804,0.1955839,0.1955839,0.06315843,0.04940297,0.013755462,0.17043852806091309
5805,0.19504696,0.19504696,0.06661118,0.05294355,0.013667627,0.17599773406982422,0.07039814,0.07039814
5806,0.19549431,0.19549431,0.0624118,0.04902998,0.013381822,0.18051695823669434
5807,0.19560261,0.19560261,0.05973145,0.047227386,0.012504063,0.17823219299316406
5808,0.19532274,0.19532274,0.06268909,0.04871145,0.013977639,0.17355775833129883
5809,0.19602478,0.19602478,0.06432697,0.049210798,0.015116173,0.1677851676940918
5810,0.19501823,0.19501823,0.059439044,0.045708027,0.013731017,0.1697068214416504,0.07025386,0.07025386
5811,0.19500048,0.19500048,0.06251843,0.04773377,0.014784667,0.16988706588745117
5812,0.19545452,0.19545452,0.060889147,0.047020834,0.013868311,0.17087793350219727
5813,0.19512409,0.19512409,0.062436275,0.04859532,0.013840955,0.17032504081726074
5814,0.1950689,0.1950689,0.061618693,0.047832713,0.013785979,0.17481136322021484
5815,0.19514698,0.19514698,0.062093515,0.049364783,0.012728732,0.1662757396697998,0.07013415,0.07013415
5816,0.19520994,0.19520994,0.060335837,0.04682855,0.01350729,0.17075109481811523
5817,0.1962172,0.1962172,0.06309181,0.05013659,0.012955219,0.16907405853271484
5818,0.19511802,0.19511802,0.06491171,0.04997532,0.014936387,0.1663973331451416
5819,0.19501849,0.19501849,0.066736005,0.052901957,0.013834048,0.17081809043884277
5820,0.19565442,0.19565442,0.058522817,0.046462867,0.012059949,0.17284703254699707,0.06997025,0.06997025
5821,0.19569515,0.19569515,0.06292543,0.047563776,0.015361651,0.18061113357543945
5822,0.19539154,0.19539154,0.06439711,0.050124455,0.0142726535,0.17554473876953125
5823,0.19510572,0.19510572,0.063024044,0.048899896,0.014124148,0.1660470962524414
5824,0.19519755,0.19519755,0.06605254,0.05211288,0.013939662,0.1715550422668457
5825,0.19560531,0.19560531,0.060586933,0.04775261,0.012834323,0.1769242286682129,0.07004003,0.07004003
5826,0.19509006,0.19509006,0.060796134,0.046423327,0.014372809,0.17090129852294922
5827,0.19514188,0.19514188,0.063596874,0.049481727,0.014115148,0.17026948928833008
5828,0.19550374,0.19550374,0.06302507,0.049858466,0.013166603,0.17020225524902344
5829,0.1953532,0.1953532,0.060973197,0.046681467,0.014291732,0.1699528694152832
5830,0.19518806,0.19518806,0.061874725,0.048547264,0.013327461,0.17087268829345703,0.07001322,0.07001322
5831,0.1952087,0.1952087,0.0644108,0.051709026,0.012701773,0.17113780975341797
5832,0.19548084,0.19548084,0.060205217,0.047898114,0.012307104,0.1685163974761963
5833,0.19504786,0.19504786,0.06369873,0.050317038,0.0133816935,0.1713273525238037
5834,0.19513649,0.19513649,0.062029228,0.047746636,0.014282593,0.16880154609680176
5835,0.19543211,0.19543211,0.06267755,0.048428684,0.014248864,0.17015290260314941,0.0700672,0.0700672
5836,0.19483392,0.19483392,0.056138955,0.04441098,0.011727973,0.170623779296875
5837,0.19487171,0.19487171,0.053100057,0.04183512,0.011264936,0.16999125480651855
5838,0.19577445,0.19577445,0.06072493,0.046911728,0.013813202,0.16869592666625977
5839,0.1955091,0.1955091,0.057396125,0.044668887,0.012727237,0.16447019577026367
5840,0.19506022,0.19506022,0.060787253,0.048139863,0.01264739,0.16225838661193848,0.070126556,0.070126556
5841,0.1952805,0.1952805,0.06358618,0.048433233,0.01515295,0.16277170181274414
5842,0.19501072,0.19501072,0.06507412,0.0522847,0.0127894245,0.16234374046325684
5843,0.19512321,0.19512321,0.065008454,0.048227668,0.016780784,0.1628270149230957
5844,0.19533508,0.19533508,0.06159074,0.04818086,0.01340988,0.1702427864074707
5845,0.19512947,0.19512947,0.06681396,0.05281525,0.0139987115,0.16637706756591797,0.07006629,0.07006629
5846,0.19472691,0.19472691,0.058692258,0.046400115,0.012292142,0.1630699634552002
5847,0.19495995,0.19495995,0.06597136,0.051730502,0.014240857,0.16627240180969238
5848,0.19476493,0.19476493,0.065766916,0.05160054,0.014166374,0.1724703311920166
5849,0.19504125,0.19504125,0.06243208,0.047799632,0.0146324495,0.1816704273223877
5850,0.19497143,0.19497143,0.060064055,0.046569068,0.013494987,0.17906403541564941,0.06991753,0.06991753
5851,0.19535804,0.19535804,0.06112788,0.04885442,0.012273455,0.17234563827514648
5852,0.19568706,0.19568706,0.06289023,0.049226142,0.013664092,0.17018747329711914
5853,0.19542001,0.19542001,0.058917955,0.044785004,0.014132951,0.1697678565979004
5854,0.19514084,0.19514084,0.062307306,0.047604024,0.014703282,0.16957330703735352
5855,0.19541992,0.19541992,0.0584027,0.045476656,0.012926042,0.1694474220275879,0.07010867,0.07010867
5856,0.1948297,0.1948297,0.06074939,0.048138756,0.012610632,0.1676480770111084
5857,0.19554955,0.19554955,0.05869931,0.045221686,0.013477625,0.17509961128234863
5858,0.19544066,0.19544066,0.0649504,0.050329313,0.014621088,0.1760849952697754
5859,0.19541135,0.19541135,0.0640265,0.051380455,0.012646043,0.17473769187927246
5860,0.19582465,0.19582465,0.06280285,0.04858403,0.014218822,0.16918134689331055,0.070131,0.070131
5861,0.1956525,0.1956525,0.058446154,0.045377135,0.013069021,0.17015576362609863
5862,0.19528024,0.19528024,0.05851802,0.04564219,0.01287583,0.1696634292602539
5863,0.195368,0.195368,0.06190356,0.04852032,0.01338324,0.17098450660705566
5864,0.19567116,0.19567116,0.06240858,0.04913189,0.0132766925,0.16939377784729004
5865,0.19515884,0.19515884,0.06336829,0.05036745,0.013000842,0.17953729629516602,0.06990852,0.06990852
5866,0.19479467,0.19479467,0.062090266,0.04775425,0.014336017,0.1796274185180664
5867,0.19516464,0.19516464,0.061870627,0.048354592,0.013516037,0.17367124557495117
5868,0.1948211,0.1948211,0.058724888,0.04657788,0.012147011,0.16985774040222168
5869,0.19521005,0.19521005,0.06294498,0.051230725,0.01171425,0.17009592056274414
5870,0.19520947,0.19520947,0.05850582,0.046812247,0.011693571,0.17001914978027344,0.06969155,0.06969155
5871,0.19491723,0.19491723,0.05849894,0.046850376,0.0116485655,0.16964387893676758
5872,0.19496161,0.19496161,0.062826626,0.04982771,0.012998918,0.17000794410705566
5873,0.19533725,0.19533725,0.06439848,0.049181364,0.015217119,0.18085360527038574
5874,0.19487315,0.19487315,0.063279465,0.05055621,0.012723256,0.16993141174316406
5875,0.19514114,0.19514114,0.06408485,0.051414806,0.012670045,0.17083382606506348,0.06976741,0.06976741
5876,0.19523597,0.19523597,0.06315122,0.04985186,0.013299354,0.1781320571899414
5877,0.19531944,0.19531944,0.060608283,0.04703702,0.0135712605,0.1658623218536377
5878,0.19490536,0.19490536,0.061786123,0.046813805,0.014972316,0.17037010192871094
5879,0.19483386,0.19483386,0.060544897,0.048233625,0.012311272,0.17074894905090332
5880,0.19507688,0.19507688,0.062726885,0.047437504,0.015289381,0.16571497917175293,0.069942035,0.069942035
5881,0.19520842,0.19520842,0.06285432,0.048087977,0.014766347,0.179337739944458
5882,0.19515412,0.19515412,0.057656534,0.044810824,0.012845709,0.1745600700378418
5883,0.19496985,0.19496985,0.066342235,0.05186886,0.014473372,0.17073822021484375
5884,0.19516069,0.19516069,0.065546975,0.05167457,0.013872404,0.16541028022766113
5885,0.19527374,0.19527374,0.06907791,0.053100947,0.015976965,0.16959476470947266,0.06984654,0.06984654
5886,0.19536747,0.19536747,0.06357893,0.04937871,0.014200225,0.17045927047729492
5887,0.19512482,0.19512482,0.06397234,0.050178323,0.01379402,0.16939592361450195
5888,0.19498028,0.19498028,0.05576399,0.042436607,0.013327384,0.1657085418701172
5889,0.19500136,0.19500136,0.061115146,0.04812786,0.012987286,0.17960047721862793
5890,0.19495194,0.19495194,0.05941672,0.045581985,0.0138347335,0.17841291427612305,0.06975586,0.06975586
5891,0.19522956,0.19522956,0.056749407,0.043256156,0.013493251,0.17163443565368652
5892,0.19505218,0.19505218,0.06135653,0.04785228,0.013504248,0.16963791847229004
5893,0.1957676,0.1957676,0.059638746,0.0441048,0.015533945,0.16977357864379883
5894,0.19546531,0.19546531,0.059787303,0.046063066,0.01372424,0.16594457626342773
5895,0.19520769,0.19520769,0.06019354,0.04659922,0.013594318,0.17150139808654785,0.06973977,0.06973977
5896,0.19519216,0.19519216,0.05815091,0.045787133,0.0123637775,0.17946219444274902
5897,0.19517906,0.19517906,0.061742995,0.0479896,0.0137533955,0.17552590370178223
5898,0.19476148,0.19476148,0.058797844,0.046747528,0.012050315,0.1700913906097412
5899,0.19537647,0.19537647,0.057143427,0.044703912,0.012439514,0.17110323905944824
5900,0.19498833,0.19498833,0.057066023,0.045286674,0.011779348,0.16568303108215332,0.069845125,0.069845125
5901,0.19497669,0.19497669,0.06416598,0.04990941,0.0142565705,0.1704251766204834
5902,0.19477023,0.19477023,0.06287262,0.048462182,0.014410435,0.16562914848327637
5903,0.19480012,0.19480012,0.06932123,0.054437734,0.014883498,0.16961455345153809
5904,0.19583303,0.19583303,0.06508292,0.050945573,0.014137346,0.1763594150543213
5905,0.19536151,0.19536151,0.06271792,0.04932628,0.013391644,0.17684149742126465,0.0701098,0.0701098
5906,0.19507462,0.19507462,0.060816143,0.048113756,0.012702386,0.17007970809936523
5907,0.19491291,0.19491291,0.056432955,0.043997996,0.012434961,0.16958260536193848
5908,0.19513233,0.19513233,0.064495705,0.04999506,0.014500645,0.16997885704040527
5909,0.1957384,0.1957384,0.057512145,0.043701246,0.0138109,0.1699974536895752
5910,0.19546506,0.19546506,0.065492585,0.052535713,0.012956876,0.16890239715576172,0.0703394,0.0703394
5911,0.1953002,0.1953002,0.065272115,0.050144196,0.015127919,0.1741650104522705
5912,0.19524387,0.19524387,0.060876824,0.047642868,0.013233955,0.1767101287841797
5913,0.19652122,0.19652122,0.056051,0.043873195,0.012177806,0.17299151420593262
5914,0.19502945,0.19502945,0.06714773,0.051594194,0.015553539,0.16987848281860352
5915,0.1953458,0.1953458,0.059360527,0.04690747,0.012453056,0.16942453384399414,0.069964506,0.069964506
5916,0.19526604,0.19526604,0.06333867,0.049816124,0.013522543,0.17159152030944824
5917,0.19518214,0.19518214,0.06001604,0.0454574,0.01455864,0.17151403427124023
5918,0.19558349,0.19558349,0.06313113,0.04774925,0.015381882,0.17224597930908203
5919,0.19570135,0.19570135,0.061018545,0.048761535,0.01225701,0.1756439208984375
5920,0.19578777,0.19578777,0.062381033,0.04836829,0.014012744,0.17280983924865723,0.06967915,0.06967915
5921,0.19841255,0.19841255,0.06827007,0.053515963,0.014754113,0.17184758186340332
5922,0.19560282,0.19560282,0.061326183,0.048801895,0.012524288,0.17137694358825684
5923,0.19881664,0.19881664,0.057292167,0.044230577,0.01306159,0.1706242561340332
5924,0.19574481,0.19574481,0.056144428,0.045222294,0.010922134,0.17085766792297363
5925,0.19572313,0.19572313,0.06410125,0.050486717,0.013614528,0.172102689743042,0.07007299,0.07007299
5926,0.20552881,0.20552881,0.0635461,0.04898399,0.014562107,0.17208385467529297
5927,0.19982566,0.19982566,0.06073724,0.045870177,0.014867064,0.18704652786254883
5928,0.1959254,0.1959254,0.063046254,0.048679024,0.014367229,0.1823580265045166
5929,0.20165393,0.20165393,0.054173768,0.042550735,0.011623033,0.18217182159423828
5930,0.22147052,0.22147052,0.06726009,0.053712394,0.013547696,0.17911672592163086,0.07309877,0.07309877
5931,0.19679882,0.19679882,0.06247314,0.04725078,0.015222358,0.1712934970855713
5932,0.20021945,0.20021945,0.061421495,0.048317168,0.013104328,0.1710796356201172
5933,0.20096637,0.20096637,0.060444664,0.046045747,0.014398917,0.1715221405029297
5934,0.19812816,0.19812816,0.061608918,0.048241623,0.013367294,0.1729128360748291
5935,0.20144342,0.20144342,0.06323754,0.047549486,0.015688054,0.17149019241333008,0.07259747,0.07259747
5936,0.20003933,0.20003933,0.0614584,0.048197284,0.013261117,0.17188644409179688
5937,0.19892947,0.19892947,0.060579453,0.046462618,0.014116836,0.181898832321167
5938,0.20212118,0.20212118,0.06411824,0.050339486,0.013778748,0.17847418785095215
5939,0.19809173,0.19809173,0.066254385,0.05246394,0.0137904445,0.17136192321777344
5940,0.19915088,0.19915088,0.059043158,0.046195913,0.012847244,0.17229056358337402,0.07016134,0.07016134
5941,0.19727816,0.19727816,0.06486886,0.05103991,0.013828948,0.17336344718933105
5942,0.19693267,0.19693267,0.062441442,0.04724779,0.015193652,0.17194652557373047
5943,0.19665153,0.19665153,0.065324955,0.05003867,0.0152862845,0.1722242832183838
5944,0.1964029,0.1964029,0.06256598,0.0499491,0.012616887,0.17289233207702637
5945,0.19691204,0.19691204,0.058028672,0.04450112,0.013527553,0.17129874229431152,0.07017747,0.07017747
5946,0.19632906,0.19632906,0.06360539,0.048918277,0.014687112,0.18062496185302734
5947,0.19666272,0.19666272,0.05729443,0.043460328,0.0138341,0.17905735969543457
5948,0.19609867,0.19609867,0.06248623,0.04907973,0.013406498,0.17297077178955078
5949,0.19552591,0.19552591,0.061197028,0.04628887,0.014908158,0.16983556747436523
5950,0.19830719,0.19830719,0.06623289,0.051279847,0.014953045,0.16589689254760742,0.07034749,0.07034749
5951,0.19578488,0.19578488,0.06280635,0.049186576,0.013619773,0.1709606647491455
5952,0.19638,0.19638,0.069290824,0.053975876,0.015314946,0.16999173164367676
5953,0.19701089,0.19701089,0.06459137,0.04942632,0.015165051,0.1737504005432129
5954,0.19529556,0.19529556,0.064264424,0.04978999,0.014474431,0.1809086799621582
5955,0.19633323,0.19633323,0.060511082,0.04757266,0.012938421,0.1749720573425293,0.0705647,0.0705647
5956,0.19639207,0.19639207,0.06260267,0.04676079,0.015841877,0.16636085510253906
5957,0.1962508,0.1962508,0.061969727,0.048366044,0.013603683,0.17145705223083496
5958,0.19627963,0.19627963,0.05983872,0.04665115,0.013187567,0.1741631031036377
5959,0.19604312,0.19604312,0.06757107,0.050594676,0.016976392,0.17409563064575195
5960,0.19618204,0.19618204,0.05901749,0.045707293,0.013310197,0.17584013938903809,0.07018682,0.07018682
5961,0.19549145,0.19549145,0.06313731,0.049409773,0.0137275355,0.17726659774780273
5962,0.19572918,0.19572918,0.06950294,0.054719068,0.014783877,0.17927265167236328
5963,0.19585565,0.19585565,0.06227667,0.04810212,0.014174549,0.18178892135620117
5964,0.19608752,0.19608752,0.06382161,0.050467324,0.013354286,0.1810286045074463
5965,0.19562908,0.19562908,0.0632538,0.04741837,0.015835427,0.17634987831115723,0.06995651,0.06995651
5966,0.19623637,0.19623637,0.0637486,0.050327267,0.013421334,0.17187976837158203
5967,0.19556281,0.19556281,0.0610175,0.048163656,0.012853844,0.1735546588897705
5968,0.19582823,0.19582823,0.062487014,0.04877761,0.013709403,0.1710796356201172
5969,0.19534959,0.19534959,0.0639918,0.04885414,0.015137665,0.1693863868713379
5970,0.19732688,0.19732688,0.060579747,0.047126018,0.0134537285,0.1702132225036621,0.070256785,0.070256785
5971,0.19534615,0.19534615,0.06560973,0.050237916,0.015371814,0.17044425010681152
5972,0.19592328,0.19592328,0.059986964,0.046706628,0.013280337,0.18015360832214355
5973,0.19559643,0.19559643,0.06497531,0.05181707,0.013158232,0.17502403259277344
5974,0.19570428,0.19570428,0.06477898,0.049473654,0.015305329,0.17193055152893066
5975,0.19574016,0.19574016,0.05683173,0.04474246,0.012089266,0.17119860649108887,0.07065479,0.07065479
5976,0.19527267,0.19527267,0.063142665,0.048519507,0.014623155,0.17089509963989258
5977,0.19630808,0.19630808,0.06289261,0.05025818,0.012634427,0.17721176147460938
5978,0.19535032,0.19535032,0.060854718,0.046699047,0.014155669,0.1701674461364746
5979,0.19587874,0.19587874,0.06535937,0.05107285,0.014286521,0.17078757286071777
5980,0.19650374,0.19650374,0.06387174,0.04790236,0.015969383,0.17446637153625488,0.070310034,0.070310034
5981,0.19591087,0.19591087,0.064424194,0.04872439,0.015699802,0.17225980758666992
5982,0.19512977,0.19512977,0.06289923,0.048342012,0.014557224,0.16986489295959473
5983,0.19491656,0.19491656,0.062173635,0.045947168,0.016226467,0.17059946060180664
5984,0.19546157,0.19546157,0.059937365,0.045186665,0.0147507,0.1717519760131836
5985,0.19530393,0.19530393,0.057991423,0.04414565,0.013845772,0.17126107215881348,0.07014209,0.07014209
5986,0.1954053,0.1954053,0.05635306,0.04314052,0.013212538,0.17075443267822266
5987,0.19501993,0.19501993,0.058786254,0.0451584,0.013627854,0.1735084056854248
5988,0.19508322,0.19508322,0.06480912,0.049288124,0.015520997,0.18176651000976562
5989,0.19539638,0.19539638,0.063252725,0.047986846,0.01526588,0.17482376098632812
5990,0.19523889,0.19523889,0.057139363,0.04387988,0.013259483,0.1704387664794922,0.07017251,0.07017251
5991,0.19590195,0.19590195,0.05831953,0.04379734,0.01452219,0.17026877403259277
5992,0.19521284,0.19521284,0.068868645,0.05286851,0.016000131,0.17024779319763184
5993,0.19515632,0.19515632,0.059516445,0.04535873,0.014157714,0.1698925495147705
5994,0.19543998,0.19543998,0.059163786,0.04426628,0.014897505,0.1701335906982422
5995,0.19545293,0.19545293,0.063751556,0.04768001,0.016071545,0.17217803001403809,0.070518605,0.070518605
5996,0.19509152,0.19509152,0.060668133,0.048454933,0.012213201,0.18087363243103027
5997,0.19603623,0.19603623,0.06346119,0.04909376,0.01436743,0.18031978607177734
5998,0.19520427,0.19520427,0.06277421,0.04802928,0.014744926,0.17606592178344727
5999,0.19526483,0.19526483,0.06262486,0.048200767,0.014424091,0.1714017391204834
6000,0.195248,0.195248,0.058081534,0.04550751,0.012574024,0.17760586738586426,0.07028365,0.07028365
6001,0.19506161,0.19506161,0.061186105,0.048189353,0.012996754,0.17107176780700684
6002,0.1947512,0.1947512,0.06315716,0.049187414,0.013969749,0.1702277660369873
6003,0.19558093,0.19558093,0.058593556,0.043316644,0.015276914,0.17202973365783691
6004,0.19531798,0.19531798,0.061166257,0.045505106,0.015661152,0.17087912559509277
6005,0.19521572,0.19521572,0.06132084,0.04571921,0.01560163,0.17954683303833008,0.07005234,0.07005234
6006,0.19501649,0.19501649,0.064612664,0.04894829,0.015664374,0.17422270774841309
6007,0.19531925,0.19531925,0.059893325,0.04666611,0.013227213,0.171004056930542
6008,0.19524829,0.19524829,0.061152767,0.047407385,0.013745382,0.17149591445922852
6009,0.1949567,0.1949567,0.059032355,0.045275427,0.013756927,0.17151761054992676
6010,0.19509403,0.19509403,0.05994598,0.04674888,0.013197099,0.17075896263122559,0.0698527,0.0698527
6011,0.19559568,0.19559568,0.058597594,0.045517605,0.01307999,0.17106175422668457
6012,0.19532779,0.19532779,0.06376188,0.051033292,0.012728592,0.17185664176940918
6013,0.19485031,0.19485031,0.063268505,0.048278835,0.01498967,0.17471790313720703
6014,0.19515446,0.19515446,0.06367082,0.049384017,0.014286807,0.17246747016906738
6015,0.19474451,0.19474451,0.06321314,0.04956723,0.013645909,0.17054080963134766,0.06997498,0.06997498
6016,0.1953659,0.1953659,0.06513184,0.05173509,0.013396754,0.17163991928100586
6017,0.19514592,0.19514592,0.069041274,0.055591572,0.013449703,0.17123150825500488
6018,0.19495967,0.19495967,0.06538559,0.051130213,0.014255376,0.17124605178833008
6019,0.1950611,0.1950611,0.06415528,0.049876757,0.014278521,0.17092442512512207
6020,0.19543572,0.19543572,0.06030751,0.045694247,0.014613263,0.1718606948852539,0.070210084,0.070210084
6021,0.19504029,0.19504029,0.060055517,0.047679458,0.012376057,0.18080425262451172
6022,0.19530523,0.19530523,0.062170982,0.048112743,0.014058238,0.18038678169250488
6023,0.19523908,0.19523908,0.062114432,0.04762132,0.014493113,0.17519664764404297
6024,0.19522521,0.19522521,0.063522644,0.04908896,0.014433684,0.17026543617248535
6025,0.1953548,0.1953548,0.056911856,0.043955117,0.0129567385,0.17161154747009277,0.06996274,0.06996274
6026,0.19512518,0.19512518,0.06027014,0.04613602,0.01413412,0.1727759838104248
6027,0.19570972,0.19570972,0.059867367,0.04676678,0.013100585,0.17261171340942383
6028,0.19514316,0.19514316,0.058842544,0.045627,0.013215542,0.17918634414672852
6029,0.19508342,0.19508342,0.059929058,0.044667184,0.015261873,0.17839646339416504
6030,0.19539626,0.19539626,0.057077177,0.044284675,0.0127925,0.1813809871673584,0.06992537,0.06992537
6031,0.1952812,0.1952812,0.062466636,0.047559965,0.014906669,0.17746353149414062
6032,0.19500361,0.19500361,0.06563082,0.05046916,0.015161667,0.17377781867980957
6033,0.19536994,0.19536994,0.06325658,0.04929066,0.01396592,0.17115378379821777
6034,0.19518325,0.19518325,0.05937466,0.045613762,0.013760899,0.16956686973571777
6035,0.19617902,0.19617902,0.06403713,0.04975729,0.0142798405,0.1703498363494873,0.07001751,0.07001751
6036,0.19529854,0.19529854,0.06252719,0.048130304,0.014396883,0.17255067825317383
6037,0.19548723,0.19548723,0.062404998,0.049412064,0.012992933,0.17081999778747559
6038,0.19516216,0.19516216,0.060871005,0.046576265,0.014294742,0.17325210571289062
6039,0.19534183,0.19534183,0.06123362,0.046873007,0.014360613,0.1812279224395752
6040,0.19522953,0.19522953,0.056811377,0.043338172,0.013473205,0.17631769180297852,0.07007025,0.07007025
6041,0.19514501,0.19514501,0.06628801,0.05311888,0.013169131,0.17271876335144043
6042,0.19490577,0.19490577,0.061157316,0.046852246,0.014305071,0.171705961227417
6043,0.19483902,0.19483902,0.05683094,0.0444445,0.012386438,0.1755685806274414
6044,0.19498558,0.19498558,0.057214625,0.042765148,0.014449475,0.17371058464050293
6045,0.19513683,0.19513683,0.060577855,0.045843944,0.014733909,0.17103362083435059,0.06983682,0.06983682
6046,0.19507259,0.19507259,0.058123045,0.043397974,0.014725069,0.1727447509765625
6047,0.19512582,0.19512582,0.0569807,0.04295407,0.014026629,0.18146276473999023
6048,0.19512653,0.19512653,0.06008792,0.046473082,0.013614838,0.1813967227935791
6049,0.19499572,0.19499572,0.059260838,0.04590862,0.01335222,0.17832207679748535
6050,0.19672418,0.19672418,0.06222929,0.047274422,0.014954867,0.1734297275543213,0.06977901,0.06977901
6051,0.19519316,0.19519316,0.06604246,0.05282478,0.01321768,0.17255449295043945
6052,0.19476631,0.19476631,0.054980434,0.0440883,0.010892132,0.17059993743896484
6053,0.19513622,0.19513622,0.06397076,0.048957232,0.015013525,0.1720566749572754
6054,0.19491084,0.19491084,0.061563194,0.049103595,0.0124596,0.17092275619506836
6055,0.1951988,0.1951988,0.05962415,0.047921427,0.011702722,0.17084908485412598,0.07009562,0.07009562
6056,0.19519952,0.19519952,0.061825432,0.048767705,0.013057727,0.1714801788330078
6057,0.19487855,0.19487855,0.060962234,0.04768442,0.013277815,0.17864584922790527
6058,0.19503658,0.19503658,0.06240786,0.050055474,0.0123523865,0.17163729667663574
6059,0.1951801,0.1951801,0.062941365,0.047499306,0.015442057,0.1752326488494873
6060,0.19534363,0.19534363,0.06008581,0.04656487,0.013520942,0.17488813400268555,0.07013985,0.07013985
6061,0.19582954,0.19582954,0.058031555,0.044489175,0.013542379,0.17229962348937988
6062,0.19509108,0.19509108,0.06623247,0.051550202,0.014682271,0.17180204391479492
6063,0.19494785,0.19494785,0.064471975,0.049906667,0.014565308,0.17245745658874512
6064,0.19491073,0.19491073,0.053977802,0.04159811,0.012379692,0.17330574989318848
6065,0.19544432,0.19544432,0.06286958,0.049159188,0.013710388,0.18067049980163574,0.06982654,0.06982654
6066,0.19527078,0.19527078,0.061906707,0.04595835,0.015948355,0.1815793514251709
6067,0.19502439,0.19502439,0.06733465,0.053397685,0.0139369685,0.17617058753967285
6068,0.1951015,0.1951015,0.060204152,0.04626415,0.013940004,0.17099499702453613
6069,0.19504523,0.19504523,0.056647856,0.04344576,0.013202098,0.17116618156433105
6070,0.19512333,0.19512333,0.05764161,0.046690542,0.010951067,0.1719045639038086,0.069698825,0.069698825
6071,0.1954266,0.1954266,0.0630231,0.04876947,0.014253628,0.17284917831420898
6072,0.19485675,0.19485675,0.059494592,0.04713104,0.012363553,0.17211484909057617
6073,0.19500466,0.19500466,0.05991021,0.044806305,0.015103907,0.17138242721557617
6074,0.19527902,0.19527902,0.05803614,0.04354918,0.014486959,0.18162012100219727
6075,0.19500613,0.19500613,0.05982906,0.044928264,0.014900796,0.1855299472808838,0.069861725,0.069861725
6076,0.19502968,0.19502968,0.064093284,0.051199783,0.012893504,0.1747291088104248
6077,0.1950341,0.1950341,0.06704849,0.051994763,0.015053726,0.17238306999206543
6078,0.19494213,0.19494213,0.06391895,0.049841225,0.014077719,0.1703324317932129
6079,0.19544657,0.19544657,0.060731564,0.046731494,0.014000069,0.17824149131774902
6080,0.19532469,0.19532469,0.06509638,0.049306132,0.015790243,0.1708850860595703,0.06994326,0.06994326
6081,0.1950645,0.1950645,0.06039627,0.045506615,0.014889656,0.17009496688842773
6082,0.19538482,0.19538482,0.057839945,0.04391095,0.013928994,0.16967988014221191
6083,0.19483085,0.19483085,0.05822841,0.04484664,0.01338177,0.1705760955810547
6084,0.19498685,0.19498685,0.06526597,0.050911583,0.014354388,0.17103791236877441
6085,0.19492054,0.19492054,0.05985868,0.045268882,0.014589796,0.17061328887939453,0.06995162,0.06995162
6086,0.19493209,0.19493209,0.063015595,0.04736854,0.01564705,0.1693103313446045
6087,0.19464058,0.19464058,0.0575741,0.044660304,0.012913797,0.16982030868530273
6088,0.19533058,0.19533058,0.059277587,0.04638332,0.012894265,0.16973543167114258
6089,0.19508262,0.19508262,0.06861566,0.051911827,0.016703837,0.17320680618286133
6090,0.19502659,0.19502659,0.057958663,0.045530975,0.012427687,0.1804494857788086,0.069763206,0.069763206
6091,0.19488992,0.19488992,0.056639098,0.044081483,0.012557613,0.18046975135803223
6092,0.19514976,0.19514976,0.063015625,0.048604455,0.014411172,0.18384933471679688
6093,0.19497028,0.19497028,0.060665205,0.046044715,0.014620489,0.1829700469970703
6094,0.19483294,0.19483294,0.060966447,0.046426363,0.014540086,0.17433643341064453
6095,0.19523309,0.19523309,0.061539557,0.047859333,0.013680222,0.17150640487670898,0.06959393,0.06959393
6096,0.19498393,0.19498393,0.0594162,0.04563727,0.013778933,0.17238402366638184
6097,0.19519241,0.19519241,0.058453448,0.04523985,0.013213596,0.17077994346618652
6098,0.1950335,0.1950335,0.06914098,0.053199507,0.015941473,0.17100882530212402
6099,0.19553936,0.19553936,0.05574746,0.041910373,0.013837088,0.17478704452514648
6100,0.19543423,0.19543423,0.06120476,0.045725185,0.015479576,0.1822059154510498,0.06951763,0.06951763
6101,0.19523035,0.19523035,0.06128866,0.04642733,0.014861329,0.17825746536254883
6102,0.19610864,0.19610864,0.058942325,0.046052974,0.012889351,0.17123126983642578
6103,0.19510809,0.19510809,0.057282634,0.04173783,0.015544805,0.17047810554504395
6104,0.19520622,0.19520622,0.05520209,0.04300665,0.01219544,0.17145180702209473
6105,0.1972002,0.1972002,0.06337352,0.048335068,0.015038454,0.17124104499816895,0.070030525,0.070030525
6106,0.19497353,0.19497353,0.065437146,0.049931455,0.015505687,0.1746056079864502
6107,0.19503582,0.19503582,0.064662695,0.05066683,0.013995866,0.17277097702026367
6108,0.19535446,0.19535446,0.05721692,0.044799387,0.012417532,0.17304635047912598
6109,0.19558907,0.19558907,0.058471292,0.04620368,0.012267614,0.18212485313415527
6110,0.1964029,0.1964029,0.060071737,0.046392176,0.01367956,0.18157553672790527,0.070248716,0.070248716
6111,0.19519182,0.19519182,0.06325461,0.048780683,0.014473929,0.1735694408416748
6112,0.1951704,0.1951704,0.06395354,0.049255107,0.014698435,0.17186784744262695
6113,0.19560039,0.19560039,0.056363866,0.04383657,0.012527296,0.17249488830566406
6114,0.19515721,0.19515721,0.060795315,0.04727611,0.013519204,0.1723639965057373
6115,0.19513828,0.19513828,0.06320819,0.048082583,0.015125606,0.17193174362182617,0.06953442,0.06953442
6116,0.19485743,0.19485743,0.06523696,0.050741874,0.014495091,0.17273712158203125
6117,0.19540964,0.19540964,0.065807536,0.050794777,0.015012757,0.1749722957611084
6118,0.19530128,0.19530128,0.0598078,0.045721076,0.014086725,0.1825239658355713
6119,0.19553825,0.19553825,0.060797825,0.046468884,0.014328941,0.176497220993042
6120,0.19538635,0.19538635,0.061795164,0.046619147,0.015176016,0.17093133926391602,0.06946629,0.06946629
6121,0.19517429,0.19517429,0.06259219,0.049667444,0.012924749,0.17191171646118164
6122,0.19484909,0.19484909,0.058719844,0.045151293,0.013568552,0.17476892471313477
6123,0.19537681,0.19537681,0.055363104,0.043146547,0.012216555,0.17304682731628418
6124,0.19550651,0.19550651,0.06174843,0.046901967,0.014846463,0.17151403427124023
6125,0.19504714,0.19504714,0.05859162,0.045410044,0.013181574,0.17066073417663574,0.06967073,0.06967073
6126,0.19550385,0.19550385,0.06084789,0.046224557,0.014623333,0.18132281303405762
6127,0.19496673,0.19496673,0.061798826,0.047245283,0.014553543,0.18282556533813477
6128,0.19517636,0.19517636,0.0670175,0.05223887,0.014778635,0.1713414192199707
6129,0.1954156,0.1954156,0.057987962,0.04368572,0.0143022435,0.1761012077331543
6130,0.19497871,0.19497871,0.057198197,0.04371335,0.013484847,0.17020201683044434,0.0696677,0.0696677
6131,0.19497466,0.19497466,0.062859684,0.04663947,0.016220214,0.1670207977294922
6132,0.1951286,0.1951286,0.068151645,0.052200455,0.015951188,0.17059707641601562
6133,0.19481258,0.19481258,0.059623502,0.04671862,0.0129048815,0.16792941093444824
6134,0.19495116,0.19495116,0.06129338,0.046857376,0.014436003,0.17092514038085938
6135,0.19523965,0.19523965,0.06702067,0.051031426,0.015989246,0.17503738403320312,0.06952235,0.06952235
6136,0.19530162,0.19530162,0.062202647,0.047683273,0.014519374,0.16680169105529785
6137,0.19468431,0.19468431,0.06465477,0.04917364,0.015481133,0.16981172561645508
6138,0.1948311,0.1948311,0.061531067,0.046860993,0.014670076,0.17033171653747559
6139,0.19489615,0.19489615,0.060834855,0.04634019,0.014494666,0.17116069793701172
6140,0.1950839,0.1950839,0.062334314,0.049282193,0.013052122,0.16971158981323242,0.06952458,0.06952458
6141,0.19489276,0.19489276,0.059931345,0.046212975,0.013718372,0.1651010513305664
6142,0.19487436,0.19487436,0.062586166,0.047525708,0.015060461,0.17105531692504883
6143,0.19543214,0.19543214,0.06387092,0.051067315,0.012803605,0.16417503356933594
6144,0.19498426,0.19498426,0.060279917,0.04757816,0.012701758,0.17000985145568848
6145,0.19476268,0.19476268,0.061627448,0.04653585,0.015091597,0.17009615898132324,0.0695684,0.0695684
6146,0.19505234,0.19505234,0.063569345,0.049768485,0.0138008585,0.1726362705230713
6147,0.19520254,0.19520254,0.06467167,0.050673015,0.013998658,0.16983723640441895
6148,0.19502683,0.19502683,0.06473629,0.048923526,0.015812762,0.171555757522583
6149,0.19482046,0.19482046,0.059800893,0.045722015,0.014078879,0.17113900184631348
6150,0.19514842,0.19514842,0.062606655,0.047654297,0.014952358,0.17099380493164062,0.069592275,0.069592275
6151,0.19498275,0.19498275,0.062338874,0.048684813,0.01365406,0.17161989212036133
6152,0.19500828,0.19500828,0.057595115,0.043311138,0.0142839765,0.1717069149017334
6153,0.19489676,0.19489676,0.063252434,0.04958589,0.013666541,0.17113757133483887
6154,0.19497728,0.19497728,0.06573172,0.051417045,0.01431467,0.17138290405273438
6155,0.19474922,0.19474922,0.05881577,0.04477501,0.014040759,0.17324137687683105,0.06958061,0.06958061
6156,0.19489251,0.19489251,0.058733203,0.045589626,0.013143579,0.1732954978942871
6157,0.19531837,0.19531837,0.05782243,0.04329371,0.014528716,0.18000411987304688
6158,0.19508193,0.19508193,0.058350362,0.04449623,0.01385413,0.18250155448913574
6159,0.19511382,0.19511382,0.064586006,0.049046896,0.015539112,0.18014311790466309
6160,0.19487914,0.19487914,0.059104796,0.047631837,0.011472958,0.17464041709899902,0.069595836,0.069595836
6161,0.19498056,0.19498056,0.058596466,0.04456831,0.014028155,0.17198443412780762
6162,0.19502375,0.19502375,0.058613047,0.042863473,0.015749572,0.1729891300201416
6163,0.19475201,0.19475201,0.06413949,0.05046985,0.0136696445,0.17132806777954102
6164,0.19489446,0.19489446,0.05653336,0.043541152,0.012992208,0.17221355438232422
6165,0.19487785,0.19487785,0.06057311,0.045113713,0.015459395,0.17284417152404785,0.06968313,0.06968313
6166,0.19467455,0.19467455,0.060382828,0.045934997,0.0144478325,0.17378592491149902
6167,0.19498004,0.19498004,0.0634721,0.05036708,0.013105019,0.1805877685546875
6168,0.19523872,0.19523872,0.05686483,0.04455589,0.012308939,0.17913126945495605
6169,0.19501631,0.19501631,0.061185185,0.04590103,0.015284155,0.17281603813171387
6170,0.19529553,0.19529553,0.060813263,0.046303876,0.014509389,0.17084574699401855,0.069606625,0.069606625
6171,0.19496441,0.19496441,0.068307824,0.053339213,0.0149686085,0.1705474853515625
6172,0.19517227,0.19517227,0.06178118,0.04733834,0.014442839,0.17060327529907227
6173,0.19509895,0.19509895,0.057379786,0.043650284,0.0137295015,0.17071819305419922
6174,0.19511372,0.19511372,0.06277204,0.0482689,0.014503143,0.17071318626403809
6175,0.19502772,0.19502772,0.06003717,0.04758751,0.012449659,0.17025542259216309,0.06948085,0.06948085
6176,0.1950813,0.1950813,0.06798713,0.052240614,0.015746515,0.1710832118988037
6177,0.19801788,0.19801788,0.0628416,0.048993465,0.013848135,0.17065024375915527
6178,0.19510844,0.19510844,0.062713176,0.04923159,0.013481591,0.17078137397766113
6179,0.19491188,0.19491188,0.062783435,0.048393987,0.014389444,0.17074179649353027
6180,0.19478603,0.19478603,0.06071874,0.047773376,0.012945366,0.1769089698791504,0.06952609,0.06952609
6181,0.19490524,0.19490524,0.05962504,0.045788124,0.013836916,0.17144298553466797
6182,0.19620733,0.19620733,0.06501524,0.050703607,0.014311632,0.17018628120422363
6183,0.19491583,0.19491583,0.05662504,0.043131016,0.013494021,0.1817483901977539
6184,0.19490123,0.19490123,0.06380139,0.048219204,0.015582185,0.17426300048828125
6185,0.1949036,0.1949036,0.06258561,0.047681287,0.014904319,0.17158150672912598,0.06953649,0.06953649
6186,0.1950031,0.1950031,0.05964953,0.0450704,0.014579133,0.1705341339111328
6187,0.1947435,0.1947435,0.055990532,0.043376524,0.012614009,0.1706867218017578
6188,0.19511577,0.19511577,0.059267938,0.045291018,0.013976922,0.170701265335083
6189,0.19482215,0.19482215,0.05496794,0.041338295,0.013629647,0.17062163352966309
6190,0.1953897,0.1953897,0.060660645,0.045707203,0.014953441,0.17088079452514648,0.0695453,0.0695453
6191,0.19553943,0.19553943,0.059825405,0.045433346,0.014392059,0.17139649391174316
6192,0.19509403,0.19509403,0.06170298,0.048313696,0.013389285,0.17270731925964355
6193,0.19506253,0.19506253,0.06506025,0.04995829,0.015101959,0.17023706436157227
6194,0.19487278,0.19487278,0.06421087,0.04969138,0.014519493,0.16977429389953613
6195,0.19662566,0.19662566,0.062759176,0.048346356,0.014412817,0.16992545127868652,0.06955853,0.06955853
6196,0.19495861,0.19495861,0.058136303,0.044660605,0.013475697,0.17037320137023926
6197,0.19475766,0.19475766,0.053767473,0.042898968,0.010868506,0.17066383361816406
6198,0.19493954,0.19493954,0.06342994,0.048545633,0.014884307,0.17200517654418945
6199,0.19502953,0.19502953,0.06800757,0.054197133,0.01381044,0.18061184883117676
6200,0.19503322,0.19503322,0.06011302,0.046553433,0.013559589,0.1757359504699707,0.06950285,0.06950285
6201,0.19549637,0.19549637,0.0588337,0.045116086,0.013717613,0.17004799842834473
6202,0.19504555,0.19504555,0.06389813,0.049330954,0.014567174,0.17047548294067383
6203,0.1951455,0.1951455,0.056832753,0.04340058,0.013432175,0.17131352424621582
6204,0.19454005,0.19454005,0.065244734,0.052634176,0.0126105575,0.17169785499572754
6205,0.19502518,0.19502518,0.06201848,0.04849365,0.013524829,0.17053866386413574,0.06942147,0.06942147
6206,0.1951194,0.1951194,0.05819362,0.045526143,0.012667477,0.17288684844970703
6207,0.19495767,0.19495767,0.06452313,0.04992118,0.014601951,0.18063759803771973
6208,0.1951498,0.1951498,0.06405549,0.049446724,0.014608762,0.18172097206115723
6209,0.19595356,0.19595356,0.06249366,0.047828898,0.01466476,0.17727351188659668
6210,0.19494711,0.19494711,0.059215393,0.046037566,0.013177828,0.17142176628112793,0.06942754,0.06942754
6211,0.19488834,0.19488834,0.060296252,0.045738537,0.014557715,0.17096543312072754
6212,0.1953457,0.1953457,0.06241754,0.048383027,0.014034512,0.1729433536529541
6213,0.19766502,0.19766502,0.059083678,0.04511348,0.013970195,0.1711878776550293
6214,0.19560018,0.19560018,0.062168434,0.049169,0.012999433,0.1708691120147705
6215,0.19521342,0.19521342,0.061433956,0.046927538,0.01450642,0.17201542854309082,0.06965246,0.06965246
6216,0.1950478,0.1950478,0.060459007,0.045091357,0.015367649,0.18158173561096191
6217,0.19519794,0.19519794,0.060579456,0.04676618,0.013813278,0.1769273281097412
6218,0.19498397,0.19498397,0.056839895,0.04211454,0.0147253545,0.17043185234069824
6219,0.19532947,0.19532947,0.06315614,0.04915251,0.014003633,0.17100071907043457
6220,0.19523704,0.19523704,0.060878493,0.047106635,0.01377186,0.1710360050201416,0.06976914,0.06976914
6221,0.19488601,0.19488601,0.06284699,0.048168145,0.014678844,0.17071032524108887
6222,0.19495074,0.19495074,0.05970162,0.045613006,0.014088615,0.17104482650756836
6223,0.1952296,0.1952296,0.05914299,0.046482407,0.012660581,0.1704864501953125
6224,0.1951754,0.1951754,0.06444843,0.04937786,0.015070576,0.17748498916625977
6225,0.19524363,0.19524363,0.05517526,0.04128642,0.013888839,0.17642760276794434,0.069561325,0.069561325
6226,0.19491188,0.19491188,0.05797967,0.042468324,0.015511346,0.17042875289916992
6227,0.19487116,0.19487116,0.06129727,0.047632057,0.013665214,0.1698455810546875
6228,0.19480677,0.19480677,0.06614916,0.048986044,0.01716312,0.17066693305969238
6229,0.194911,0.194911,0.0598513,0.04576901,0.01408229,0.17029738426208496
6230,0.19511935,0.19511935,0.060870867,0.04643008,0.014440786,0.16971564292907715,0.069428764,0.069428764
6231,0.19743058,0.19743058,0.067455225,0.04917419,0.018281033,0.17496418952941895
6232,0.19496767,0.19496767,0.062824726,0.049636427,0.013188299,0.16994571685791016
6233,0.19472866,0.19472866,0.058664046,0.04554429,0.013119757,0.1701793670654297
6234,0.19486503,0.19486503,0.06233999,0.046625905,0.015714085,0.16891264915466309
6235,0.19494869,0.19494869,0.060244605,0.04610334,0.014141263,0.1709132194519043,0.06953002,0.06953002
6236,0.19529541,0.19529541,0.06127379,0.046266187,0.015007604,0.17033648490905762
6237,0.19486114,0.19486114,0.06468787,0.049809378,0.014878492,0.17055940628051758
6238,0.19529803,0.19529803,0.061874844,0.04607012,0.015804725,0.1690068244934082
6239,0.19551128,0.19551128,0.059861332,0.04572019,0.014141144,0.17214608192443848
6240,0.19477282,0.19477282,0.059022054,0.043669004,0.015353049,0.1814436912536621,0.069534145,0.069534145
6241,0.19491974,0.19491974,0.05817331,0.04493184,0.013241469,0.18094301223754883
6242,0.19512402,0.19512402,0.06605322,0.051568516,0.014484703,0.1742546558380127
6243,0.19478202,0.19478202,0.061275467,0.046415303,0.014860165,0.1700596809387207
6244,0.19503604,0.19503604,0.061131824,0.04587007,0.015261755,0.1705033779144287
6245,0.19520028,0.19520028,0.06166731,0.046604685,0.015062624,0.16962885856628418,0.069490835,0.069490835
6246,0.195032,0.195032,0.06300354,0.04770737,0.015296169,0.17085814476013184
6247,0.19476096,0.19476096,0.06299929,0.047735408,0.015263886,0.17231512069702148
6248,0.19487472,0.19487472,0.06383249,0.04860531,0.015227176,0.1752614974975586
6249,0.1947817,0.1947817,0.059238404,0.04483413,0.014404276,0.17544341087341309
6250,0.19502704,0.19502704,0.061521,0.046003405,0.015517598,0.1726536750793457,0.06943949,0.06943949
6251,0.19488414,0.19488414,0.06087855,0.047838617,0.013039933,0.17035222053527832
6252,0.1952031,0.1952031,0.066269934,0.051351227,0.014918704,0.1719374656677246
6253,0.1954989,0.1954989,0.058692656,0.04422381,0.014468844,0.17009758949279785
6254,0.19489628,0.19489628,0.06365236,0.048378896,0.015273466,0.17082738876342773
6255,0.19484483,0.19484483,0.061933562,0.048645977,0.013287583,0.17038393020629883,0.06942644,0.06942644
6256,0.19538668,0.19538668,0.062473875,0.04724658,0.015227295,0.1748049259185791
6257,0.19501396,0.19501396,0.059593797,0.045916174,0.013677624,0.17425847053527832
6258,0.19477852,0.19477852,0.057729796,0.04322793,0.014501866,0.1694469451904297
6259,0.19508724,0.19508724,0.058111966,0.044485383,0.013626581,0.1696481704711914
6260,0.1950563,0.1950563,0.058569126,0.04386514,0.014703984,0.1700575351715088,0.06941872,0.06941872
6261,0.19485569,0.19485569,0.06028883,0.045371287,0.014917545,0.17064857482910156
6262,0.19484843,0.19484843,0.06169563,0.04619696,0.015498673,0.1713876724243164
6263,0.19497463,0.19497463,0.058396667,0.045215428,0.013181239,0.171431303024292
6264,0.19553813,0.19553813,0.059507724,0.043133825,0.016373899,0.17520451545715332
6265,0.19503924,0.19503924,0.06228848,0.045581847,0.016706634,0.17269182205200195,0.06938468,0.06938468
6266,0.19497006,0.19497006,0.06248834,0.045674518,0.016813822,0.17202425003051758
6267,0.19482635,0.19482635,0.06596395,0.049941257,0.01602269,0.1713557243347168
6268,0.1949662,0.1949662,0.056523655,0.04306087,0.013462785,0.17118334770202637
6269,0.19488838,0.19488838,0.059699737,0.044673465,0.01502627,0.170029878616333
6270,0.19489606,0.19489606,0.062345956,0.047946915,0.0143990405,0.16969013214111328,0.06936509,0.06936509
6271,0.19485307,0.19485307,0.05807995,0.04263062,0.015449332,0.17152047157287598
6272,0.19497779,0.19497779,0.05997257,0.046207275,0.013765293,0.17709851264953613
6273,0.1949564,0.1949564,0.061620362,0.045599893,0.016020471,0.1742250919342041
6274,0.19563678,0.19563678,0.059420113,0.045459274,0.013960837,0.17044568061828613
6275,0.19490582,0.19490582,0.06325813,0.046994988,0.016263139,0.17032742500305176,0.06935931,0.06935931
6276,0.1946537,0.1946537,0.06524958,0.048910134,0.016339445,0.17049002647399902
6277,0.19493255,0.19493255,0.058494546,0.04483594,0.013658607,0.17015957832336426
6278,0.19460757,0.19460757,0.062024828,0.04647579,0.015549037,0.1709589958190918
6279,0.19487967,0.19487967,0.05963215,0.04398261,0.015649538,0.17040348052978516
6280,0.19473086,0.19473086,0.06040912,0.046323366,0.014085757,0.1807565689086914,0.06937063,0.06937063
6281,0.19481578,0.19481578,0.06360693,0.04992367,0.013683266,0.18018651008605957
6282,0.19475879,0.19475879,0.06438573,0.04970066,0.014685069,0.17077183723449707
6283,0.19482708,0.19482708,0.056799185,0.04379322,0.013005964,0.17087125778198242
6284,0.19477008,0.19477008,0.059171524,0.045093074,0.01407845,0.17025327682495117
6285,0.19472514,0.19472514,0.0583904,0.043995127,0.014395273,0.17028570175170898,0.06936305,0.06936305
6286,0.19511226,0.19511226,0.055015557,0.04207986,0.012935697,0.17097234725952148
6287,0.19504915,0.19504915,0.05944235,0.04535202,0.014090331,0.16559100151062012
6288,0.19460326,0.19460326,0.061226923,0.04617073,0.015056193,0.170090913772583
6289,0.19475791,0.19475791,0.058557477,0.042642236,0.015915241,0.17119097709655762
6290,0.1947777,0.1947777,0.061024275,0.046721395,0.01430288,0.17087721824645996,0.069385156,0.069385156
6291,0.1949581,0.1949581,0.05867971,0.045632556,0.013047155,0.17150402069091797
6292,0.19490725,0.19490725,0.06124644,0.046854496,0.014391942,0.17169952392578125
6293,0.19488335,0.19488335,0.060067322,0.04528916,0.014778164,0.17121529579162598
6294,0.19494759,0.19494759,0.062743135,0.046219546,0.016523587,0.17143654823303223
6295,0.19487606,0.19487606,0.057990152,0.045354873,0.01263528,0.1720898151397705,0.06936766,0.06936766
6296,0.19504039,0.19504039,0.060941163,0.046816733,0.01412443,0.1806330680847168
6297,0.19483921,0.19483921,0.056414712,0.041703317,0.014711394,0.17658090591430664
6298,0.19455776,0.19455776,0.059527867,0.045484755,0.014043113,0.16942644119262695
6299,0.19506253,0.19506253,0.06249958,0.047861192,0.014638388,0.17056989669799805
6300,0.19484046,0.19484046,0.06117045,0.045530453,0.01564,0.17029452323913574,0.06934945,0.06934945
6301,0.19481309,0.19481309,0.06810926,0.051585376,0.01652388,0.17002296447753906
6302,0.1945796,0.1945796,0.06290521,0.047329854,0.015575357,0.16957831382751465
6303,0.19506247,0.19506247,0.064435795,0.049881324,0.014554472,0.16994452476501465
6304,0.19487204,0.19487204,0.06635419,0.051368542,0.014985652,0.17293119430541992
6305,0.19493572,0.19493572,0.061457135,0.047697973,0.013759164,0.1699514389038086,0.06934751,0.06934751
6306,0.19483627,0.19483627,0.057487085,0.044470463,0.0130166225,0.1691429615020752
6307,0.19508018,0.19508018,0.06701471,0.05069871,0.016316004,0.1702113151550293
6308,0.19497707,0.19497707,0.06181342,0.04932745,0.01248597,0.16476774215698242
6309,0.19495402,0.19495402,0.061481364,0.0453177,0.016163664,0.16963911056518555
6310,0.19485086,0.19485086,0.056021407,0.04103955,0.014981857,0.16544866561889648,0.06939061,0.06939061
6311,0.19463533,0.19463533,0.057182357,0.044436418,0.01274594,0.1800987720489502
6312,0.19469959,0.19469959,0.056172803,0.042973742,0.013199063,0.17214512825012207
6313,0.19473825,0.19473825,0.06256031,0.046501603,0.01605871,0.17332077026367188
6314,0.19482213,0.19482213,0.06341945,0.04911963,0.0142998155,0.1705927848815918
6315,0.19510227,0.19510227,0.06261012,0.04801241,0.014597707,0.1669480800628662,0.069390856,0.069390856
6316,0.19496424,0.19496424,0.06192365,0.04733967,0.01458398,0.17180871963500977
6317,0.19473758,0.19473758,0.056091752,0.042287413,0.013804338,0.17145943641662598
6318,0.19500351,0.19500351,0.062603325,0.047385667,0.01521766,0.17314434051513672
6319,0.19505225,0.19505225,0.059384923,0.045028523,0.0143564,0.18108415603637695
6320,0.19499207,0.19499207,0.05992929,0.04647409,0.013455196,0.17140984535217285,0.06936075,0.06936075
6321,0.19482632,0.19482632,0.05692336,0.04445341,0.012469949,0.17101597785949707
6322,0.19482775,0.19482775,0.05931563,0.04495506,0.01436057,0.17072224617004395
6323,0.19484596,0.19484596,0.06187822,0.048474994,0.013403228,0.1719379425048828
6324,0.1945993,0.1945993,0.05887621,0.0447798,0.014096409,0.17102551460266113
6325,0.19457711,0.19457711,0.057687875,0.042198647,0.015489228,0.1706991195678711,0.06935801,0.06935801
6326,0.19476394,0.19476394,0.061803922,0.04542388,0.01638004,0.17522597312927246
6327,0.19487704,0.19487704,0.055936236,0.043013718,0.012922518,0.18072819709777832
6328,0.19482313,0.19482313,0.06665944,0.051635116,0.015024325,0.17861199378967285
6329,0.19533943,0.19533943,0.059475556,0.044135623,0.015339935,0.1690225601196289
6330,0.19476654,0.19476654,0.057573345,0.044543985,0.01302936,0.16504263877868652,0.06934891,0.06934891
6331,0.19493411,0.19493411,0.05965182,0.04451051,0.015141314,0.16451668739318848
6332,0.19487306,0.19487306,0.059596296,0.046482623,0.013113674,0.17452239990234375
6333,0.1950072,0.1950072,0.055302296,0.040600557,0.01470174,0.16488385200500488
6334,0.19485423,0.19485423,0.061999097,0.04736457,0.014634529,0.16565561294555664
6335,0.19480993,0.19480993,0.061239738,0.04642137,0.014818366,0.17155694961547852,0.06935536,0.06935536
6336,0.19465733,0.19465733,0.06251129,0.047074378,0.015436909,0.16533255577087402
6337,0.19445395,0.19445395,0.058407,0.04507837,0.01332863,0.1708984375
6338,0.19516462,0.19516462,0.0619383,0.047920115,0.0140181845,0.17075109481811523
6339,0.19484997,0.19484997,0.06312133,0.047713425,0.015407911,0.17084550857543945
6340,0.19499731,0.19499731,0.058880344,0.043446753,0.015433593,0.1712498664855957,0.06936122,0.06936122
6341,0.1946688,0.1946688,0.058938794,0.04524484,0.013693956,0.17969632148742676
6342,0.19468492,0.19468492,0.05930279,0.045013048,0.014289741,0.17525482177734375
6343,0.19497608,0.19497608,0.060704455,0.043546107,0.01715835,0.16553616523742676
6344,0.19469097,0.19469097,0.06318263,0.04877616,0.014406467,0.1713728904724121
6345,0.19487955,0.19487955,0.062135085,0.047299627,0.01483546,0.16367173194885254,0.06935954,0.06935954
6346,0.19481345,0.19481345,0.064316176,0.04859708,0.015719099,0.17014622688293457
6347,0.19489177,0.19489177,0.05879023,0.043869786,0.014920444,0.1668391227722168
6348,0.19475497,0.19475497,0.06387586,0.04738113,0.016494732,0.17035269737243652
6349,0.19479707,0.19479707,0.06357093,0.0471546,0.016416328,0.1808786392211914
6350,0.19473815,0.19473815,0.0604381,0.045648966,0.014789134,0.1731715202331543,0.06935165,0.06935165
6351,0.19524562,0.19524562,0.058674015,0.044673264,0.014000753,0.17102813720703125
6352,0.19468479,0.19468479,0.06639672,0.050069004,0.016327716,0.17231106758117676
6353,0.19456142,0.19456142,0.058815956,0.044644132,0.014171823,0.1699976921081543
6354,0.19492069,0.19492069,0.065056786,0.049081128,0.015975658,0.1698760986328125
6355,0.19502518,0.19502518,0.059656806,0.04331594,0.016340869,0.1703031063079834,0.06933837,0.06933837
6356,0.1947775,0.1947775,0.058635794,0.04352102,0.015114775,0.17049431800842285
6357,0.19482936,0.19482936,0.062860094,0.04929486,0.013565236,0.17024636268615723
6358,0.19460936,0.19460936,0.064071134,0.049385883,0.014685247,0.17170166969299316
6359,0.19468479,0.19468479,0.06138865,0.045927864,0.0154607855,0.16944313049316406
6360,0.19490807,0.19490807,0.057682827,0.04450642,0.013176407,0.16948342323303223,0.06933388,0.06933388
6361,0.19471818,0.19471818,0.06611131,0.050707486,0.015403822,0.16708135604858398
6362,0.1949051,0.1949051,0.061232816,0.047860373,0.013372445,0.17016124725341797
6363,0.19475743,0.19475743,0.06628854,0.049675286,0.016613252,0.17102265357971191
6364,0.19511682,0.19511682,0.055009946,0.042684715,0.012325229,0.17105317115783691
6365,0.19477184,0.19477184,0.063934065,0.048863962,0.015070105,0.17150020599365234,0.06933463,0.06933463
6366,0.19463104,0.19463104,0.06119818,0.047077388,0.014120792,0.1701202392578125
6367,0.19468968,0.19468968,0.055729996,0.04035631,0.015373688,0.16962766647338867
6368,0.19473773,0.19473773,0.06616822,0.048153248,0.018014975,0.17160582542419434
6369,0.19479507,0.19479507,0.062188085,0.046750087,0.015437997,0.17002034187316895
6370,0.19510086,0.19510086,0.06251648,0.048181757,0.014334727,0.1697826385498047,0.06934032,0.06934032
6371,0.19467956,0.19467956,0.06387175,0.04866251,0.015209241,0.1771714687347412
6372,0.19487926,0.19487926,0.0639991,0.048814666,0.015184432,0.1804969310760498
6373,0.19495742,0.19495742,0.058265924,0.04321097,0.015054957,0.18040680885314941
6374,0.19480312,0.19480312,0.06154384,0.04598915,0.015554692,0.17705416679382324
6375,0.19471103,0.19471103,0.06256739,0.04870058,0.01386681,0.16991853713989258,0.06933745,0.06933745
6376,0.19453567,0.19453567,0.055309117,0.042402975,0.012906143,0.16964244842529297
6377,0.19472358,0.19472358,0.06461229,0.048082978,0.016529316,0.1697392463684082
6378,0.19470263,0.19470263,0.0650604,0.04814869,0.016911706,0.16949176788330078
6379,0.19467571,0.19467571,0.05844339,0.04457157,0.013871819,0.17084789276123047
6380,0.19483072,0.19483072,0.058050007,0.044669747,0.013380261,0.17722845077514648,0.06933191,0.06933191
6381,0.19510694,0.19510694,0.063904904,0.049056664,0.014848239,0.17462897300720215
6382,0.19485171,0.19485171,0.060544904,0.045612477,0.014932427,0.17015957832336426
6383,0.19491607,0.19491607,0.06089492,0.046304382,0.014590541,0.177032470703125
6384,0.19462964,0.19462964,0.059103843,0.04707366,0.012030184,0.17004036903381348
6385,0.19470602,0.19470602,0.06251922,0.04726075,0.015258472,0.17055296897888184,0.0693398,0.0693398
6386,0.19477078,0.19477078,0.05317505,0.040693987,0.012481065,0.17347931861877441
6387,0.19495979,0.19495979,0.06038602,0.04654029,0.0138457315,0.17099761962890625
6388,0.19465452,0.19465452,0.058930337,0.045718327,0.013212008,0.1723008155822754
6389,0.19482648,0.19482648,0.063500024,0.048619583,0.014880443,0.17715859413146973
6390,0.19507909,0.19507909,0.0584748,0.04475859,0.01371621,0.1702251434326172,0.06933951,0.06933951
6391,0.19456032,0.19456032,0.06115298,0.04616462,0.014988358,0.1719503402709961
6392,0.19458681,0.19458681,0.058771797,0.04438321,0.014388585,0.17139339447021484
6393,0.19465408,0.19465408,0.06373285,0.047685057,0.016047787,0.17056655883789062
6394,0.1950229,0.1950229,0.056958623,0.042493187,0.014465438,0.17081999778747559
6395,0.19456512,0.19456512,0.05574373,0.041351013,0.014392718,0.171281099319458,0.06932874,0.06932874
6396,0.19475253,0.19475253,0.062681764,0.048177663,0.0145041,0.17817258834838867
6397,0.19470339,0.19470339,0.05941099,0.04491264,0.014498351,0.17720890045166016
6398,0.19481094,0.19481094,0.065497406,0.04906425,0.016433157,0.17842316627502441
6399,0.19471519,0.19471519,0.057100028,0.04175082,0.015349211,0.17266464233398438
6400,0.19477092,0.19477092,0.05917591,0.045035478,0.014140429,0.16475605964660645,0.06932429,0.06932429
6401,0.19466114,0.19466114,0.061209116,0.04547635,0.015732765,0.16984009742736816
6402,0.19473712,0.19473712,0.06177988,0.045900412,0.015879469,0.1703026294708252
6403,0.19509201,0.19509201,0.0672121,0.051388726,0.015823374,0.16505789756774902
6404,0.1947959,0.1947959,0.05726468,0.042907428,0.014357252,0.17060542106628418
6405,0.19466056,0.19466056,0.06444804,0.046031512,0.018416535,0.17013907432556152,0.06932652,0.06932652
6406,0.19456363,0.19456363,0.060578275,0.04518285,0.015395424,0.17125368118286133
6407,0.19456321,0.19456321,0.05413539,0.04167667,0.012458721,0.1707746982574463
6408,0.19479182,0.19479182,0.06471773,0.050239883,0.014477847,0.17055010795593262
6409,0.1945187,0.1945187,0.06476497,0.04999322,0.01477175,0.17119097709655762
6410,0.19462742,0.19462742,0.05780129,0.04424506,0.013556232,0.1708507537841797,0.069332026,0.069332026
6411,0.1949192,0.1949192,0.057713665,0.042899266,0.014814401,0.17062854766845703
6412,0.19478866,0.19478866,0.056635834,0.042967357,0.013668479,0.17307782173156738
6413,0.19492988,0.19492988,0.060000923,0.043700524,0.016300399,0.17108559608459473
6414,0.1946046,0.1946046,0.060615655,0.045146797,0.015468859,0.1702737808227539
6415,0.19476219,0.19476219,0.05776043,0.044393755,0.013366673,0.16616129875183105,0.06933037,0.06933037
6416,0.19482581,0.19482581,0.0624239,0.04754229,0.014881609,0.17108988761901855
6417,0.19445899,0.19445899,0.05830135,0.04410693,0.014194419,0.16841578483581543
6418,0.19448845,0.19448845,0.062549464,0.049268175,0.013281288,0.17227602005004883
6419,0.19480461,0.19480461,0.056365117,0.0426147,0.013750421,0.1803913116455078
6420,0.19477661,0.19477661,0.056074254,0.04324653,0.012827725,0.17473483085632324,0.06933211,0.06933211
6421,0.19470146,0.19470146,0.063808806,0.05000796,0.013800846,0.1727602481842041
6422,0.19488391,0.19488391,0.060551465,0.046679772,0.013871691,0.1654677391052246
6423,0.19466904,0.19466904,0.056042627,0.04225641,0.013786215,0.17037725448608398
6424,0.19477278,0.19477278,0.06520589,0.049675178,0.015530705,0.16589903831481934
6425,0.19475238,0.19475238,0.055628605,0.041428775,0.014199831,0.17006993293762207,0.0693342,0.0693342
6426,0.19486733,0.19486733,0.06410373,0.048520304,0.015583426,0.17197155952453613
6427,0.19468345,0.19468345,0.058441285,0.044763792,0.013677492,0.18079710006713867
6428,0.19458507,0.19458507,0.06003641,0.04754993,0.012486479,0.1808478832244873
6429,0.19714107,0.19714107,0.05772072,0.04396339,0.013757328,0.17474842071533203
6430,0.1945911,0.1945911,0.060455844,0.046159904,0.014295941,0.16988015174865723,0.069328174,0.069328174
6431,0.19449963,0.19449963,0.061332032,0.04625633,0.015075701,0.16630291938781738
6432,0.19485973,0.19485973,0.063463464,0.047930945,0.015532518,0.170576810836792
6433,0.19472949,0.19472949,0.062068265,0.047539815,0.014528449,0.1650230884552002
6434,0.19470763,0.19470763,0.058813397,0.043517154,0.015296244,0.1715106964111328
6435,0.19490989,0.19490989,0.05942366,0.045954783,0.013468877,0.1798393726348877,0.069324665,0.069324665
6436,0.19516982,0.19516982,0.062964395,0.048102643,0.0148617495,0.18093037605285645
6437,0.19479527,0.19479527,0.06423453,0.048195418,0.016039113,0.17726540565490723
6438,0.19469704,0.19469704,0.062102027,0.04689784,0.0152041875,0.17168235778808594
6439,0.19471887,0.19471887,0.058596827,0.0428141,0.01578273,0.17063045501708984
6440,0.19466333,0.19466333,0.06180921,0.046757616,0.015051592,0.1702103614807129,0.06936072,0.06936072
6441,0.19461605,0.19461605,0.058323666,0.042790037,0.015533631,0.17035913467407227
6442,0.19466813,0.19466813,0.061852075,0.044881437,0.016970638,0.1704082489013672
6443,0.19453102,0.19453102,0.058794945,0.044973224,0.013821721,0.17198753356933594
6444,0.19460517,0.19460517,0.05736981,0.04475862,0.012611188,0.18078851699829102
6445,0.19493534,0.19493534,0.059143905,0.044734668,0.014409238,0.17501521110534668,0.069383815,0.069383815
6446,0.19490352,0.19490352,0.060332987,0.04492944,0.015403546,0.17031550407409668
6447,0.19446367,0.19446367,0.060232297,0.046000056,0.014232242,0.17020964622497559
6448,0.19480062,0.19480062,0.058383882,0.043578044,0.014805837,0.17058968544006348
6449,0.19483249,0.19483249,0.05788543,0.044095132,0.013790298,0.17247915267944336
6450,0.194978,0.194978,0.061475802,0.045862008,0.015613793,0.17011618614196777,0.0693473,0.0693473
6451,0.1945799,0.1945799,0.06194177,0.04811995,0.013821817,0.17137503623962402
6452,0.19457847,0.19457847,0.055698123,0.040276248,0.015421875,0.17657089233398438
6453,0.19500394,0.19500394,0.055371232,0.041221708,0.014149523,0.1718442440032959
6454,0.19447853,0.19447853,0.060699955,0.048208553,0.012491402,0.17133617401123047
6455,0.19456291,0.19456291,0.06566882,0.050451547,0.015217277,0.1723310947418213,0.069329396,0.069329396
6456,0.1949696,0.1949696,0.059132133,0.04377982,0.015352313,0.17170405387878418
6457,0.19479351,0.19479351,0.053793836,0.04016424,0.013629596,0.17128372192382812
6458,0.19452484,0.19452484,0.061592393,0.04666772,0.014924672,0.17093276977539062
6459,0.19498757,0.19498757,0.05852219,0.04562706,0.012895129,0.17190289497375488
6460,0.19903895,0.19903895,0.056718998,0.042429414,0.014289582,0.17307734489440918,0.069322385,0.069322385
6461,0.195458,0.195458,0.06384081,0.047848955,0.015991855,0.16990137100219727
6462,0.1948886,0.1948886,0.057925053,0.042848963,0.01507609,0.16970562934875488
6463,0.1947252,0.1947252,0.058035895,0.04229791,0.015737986,0.16979551315307617
6464,0.194437,0.194437,0.06255709,0.04733156,0.015225522,0.17065715789794922
6465,0.19471002,0.19471002,0.061313182,0.045446195,0.01586699,0.17146039009094238,0.06933763,0.06933763
6466,0.19470584,0.19470584,0.05764136,0.043531463,0.014109898,0.17102670669555664
6467,0.19479544,0.19479544,0.060456693,0.045542154,0.014914537,0.17940211296081543
6468,0.19459918,0.19459918,0.061651353,0.046066023,0.01558533,0.1803877353668213
6469,0.19641052,0.19641052,0.06334796,0.048194677,0.015153282,0.17970967292785645
6470,0.19469617,0.19469617,0.06046726,0.04520112,0.015266144,0.17359018325805664,0.06935496,0.06935496
6471,0.19467871,0.19467871,0.05864394,0.04554636,0.01309758,0.16982603073120117
6472,0.19490612,0.19490612,0.057256762,0.041808464,0.015448297,0.1689615249633789
6473,0.19499569,0.19499569,0.062141255,0.047751315,0.0143899415,0.16977763175964355
6474,0.19480494,0.19480494,0.060665257,0.04672214,0.013943116,0.16967391967773438
6475,0.19483355,0.19483355,0.063397534,0.047046065,0.016351467,0.1707441806793213,0.06935021,0.06935021
6476,0.19460991,0.19460991,0.060116567,0.043369986,0.016746582,0.1801300048828125
6477,0.19459255,0.19459255,0.059732858,0.044684,0.015048857,0.17687129974365234
6478,0.19497718,0.19497718,0.061994195,0.048469156,0.013525037,0.17229604721069336
6479,0.1948735,0.1948735,0.059662312,0.046469834,0.013192477,0.16990900039672852
6480,0.19490367,0.19490367,0.06724661,0.05148829,0.015758317,0.17095184326171875,0.06933259,0.06933259
6481,0.19459179,0.19459179,0.061064817,0.043921966,0.017142849,0.17029023170471191
6482,0.19481765,0.19481765,0.05970693,0.045598928,0.014108001,0.17070651054382324
6483,0.19453835,0.19453835,0.059874523,0.0441993,0.015675224,0.17122745513916016
6484,0.19472843,0.19472843,0.05913603,0.04440807,0.014727957,0.18686795234680176
6485,0.1953973,0.1953973,0.056766257,0.042674754,0.014091503,0.18044304847717285,0.06932836,0.06932836
6486,0.19499546,0.19499546,0.058804177,0.04395801,0.014846169,0.17708373069763184
6487,0.19472866,0.19472866,0.05910509,0.044036087,0.015069003,0.1719050407409668
6488,0.19480568,0.19480568,0.06360482,0.04885886,0.014745956,0.1700429916381836
6489,0.19467278,0.19467278,0.061230708,0.048319787,0.01291092,0.17048430442810059
6490,0.19495815,0.19495815,0.059661757,0.045635615,0.014026142,0.1693108081817627,0.06936302,0.06936302
6491,0.19489326,0.19489326,0.0607449,0.0470684,0.013676501,0.17356300354003906
6492,0.19515218,0.19515218,0.06148464,0.04638081,0.015103828,0.1743614673614502
6493,0.1947542,0.1947542,0.061526068,0.046682492,0.014843576,0.1776411533355713
6494,0.1946233,0.1946233,0.054905392,0.04227727,0.012628121,0.1788327693939209
6495,0.19469188,0.19469188,0.060846318,0.04653477,0.014311547,0.17287111282348633,0.06936762,0.06936762
6496,0.19467914,0.19467914,0.065051764,0.050571952,0.0144798085,0.17102456092834473
6497,0.19479269,0.19479269,0.061073307,0.046533577,0.01453973,0.17015314102172852
6498,0.1943859,0.1943859,0.064643696,0.049205624,0.015438072,0.16991591453552246
6499,0.19436796,0.19436796,0.0660577,0.05081493,0.015242765,0.17049217224121094
6500,0.19467266,0.19467266,0.058918837,0.044295598,0.01462324,0.1701667308807373,0.069342814,0.069342814
6501,0.19474615,0.19474615,0.055801507,0.04200474,0.013796764,0.1768627166748047
6502,0.19459507,0.19459507,0.06454143,0.049376685,0.015164747,0.1783452033996582
6503,0.19481094,0.19481094,0.06275635,0.048557106,0.014199247,0.17744994163513184
6504,0.19498542,0.19498542,0.056159567,0.0414325,0.014727068,0.17315912246704102
6505,0.19466178,0.19466178,0.061732,0.048323106,0.013408895,0.1695091724395752,0.0693422,0.0693422
6506,0.1945067,0.1945067,0.06396566,0.049117614,0.0148480525,0.16958904266357422
6507,0.19475196,0.19475196,0.05303719,0.038864825,0.014172362,0.17036843299865723
6508,0.19467139,0.19467139,0.06493222,0.0498529,0.015079319,0.1733567714691162
6509,0.19465895,0.19465895,0.058996696,0.04474395,0.014252746,0.17158198356628418
6510,0.1947356,0.1947356,0.055419978,0.040914126,0.014505853,0.17737269401550293,0.06935551,0.06935551
6511,0.19488867,0.19488867,0.0592722,0.0436982,0.015574003,0.17583298683166504
6512,0.19479199,0.19479199,0.061919045,0.046981484,0.01493756,0.17345714569091797
6513,0.19468586,0.19468586,0.060903583,0.044900715,0.016002867,0.1721491813659668
6514,0.19510566,0.19510566,0.060948238,0.04751796,0.013430279,0.17185068130493164
6515,0.19475959,0.19475959,0.062016092,0.047634136,0.014381954,0.17107295989990234,0.06933952,0.06933952
6516,0.194647,0.194647,0.05728253,0.042743996,0.014538536,0.17294764518737793
6517,0.19455703,0.19455703,0.06403586,0.049376607,0.014659256,0.1722409725189209
6518,0.19456497,0.19456497,0.06165068,0.04741425,0.014236427,0.1746065616607666
6519,0.1947335,0.1947335,0.06192886,0.046793,0.015135864,0.17317795753479004
6520,0.19498724,0.19498724,0.05429026,0.041331287,0.012958975,0.17080187797546387,0.06932748,0.06932748
6521,0.19489256,0.19489256,0.05726182,0.042844016,0.014417804,0.16989541053771973
6522,0.19517581,0.19517581,0.060944732,0.047017995,0.013926737,0.16988801956176758
6523,0.19470306,0.19470306,0.05672319,0.043516744,0.013206444,0.16997838020324707
6524,0.19472487,0.19472487,0.05992791,0.046440363,0.013487549,0.17019152641296387
6525,0.19468576,0.19468576,0.0628302,0.04760004,0.015230166,0.1703166961669922,0.06932968,0.06932968
6526,0.19460388,0.19460388,0.05994373,0.04564722,0.014296509,0.18001627922058105
6527,0.19469364,0.19469364,0.064301476,0.049820036,0.014481439,0.17915630340576172
6528,0.19465423,0.19465423,0.05978389,0.04487918,0.014904711,0.17496800422668457
6529,0.1944046,0.1944046,0.06096626,0.04676365,0.014202611,0.17160272598266602
6530,0.1947502,0.1947502,0.061857317,0.04816043,0.013696886,0.17003798484802246,0.06932521,0.06932521
6531,0.19450413,0.19450413,0.06160193,0.044825215,0.016776716,0.1700124740600586
6532,0.19437626,0.19437626,0.056834802,0.04403226,0.012802543,0.1702582836151123
6533,0.19463247,0.19463247,0.056951378,0.042011026,0.014940352,0.17036747932434082
6534,0.19501865,0.19501865,0.053997997,0.040292196,0.013705801,0.16954922676086426
6535,0.19459957,0.19459957,0.061343532,0.04736957,0.013973963,0.17912793159484863,0.06932954,0.06932954
6536,0.1945608,0.1945608,0.05990656,0.04508838,0.014818181,0.16975951194763184
6537,0.19449456,0.19449456,0.05553498,0.042801958,0.0127330255,0.16970181465148926
6538,0.19445671,0.19445671,0.058212116,0.044215254,0.013996864,0.17085838317871094
6539,0.1948062,0.1948062,0.060774684,0.04561543,0.015159255,0.17044711112976074
6540,0.194869,0.194869,0.060930997,0.046609513,0.014321483,0.17049527168273926,0.06936412,0.06936412
6541,0.19469337,0.19469337,0.061010104,0.046775296,0.014234808,0.17057108879089355
6542,0.19503957,0.19503957,0.056409393,0.04449693,0.01191246,0.1783602237701416
6543,0.19462512,0.19462512,0.06395936,0.04915383,0.0148055265,0.17327642440795898
6544,0.19442531,0.19442531,0.06210552,0.04678788,0.015317643,0.1711444854736328
6545,0.19458035,0.19458035,0.06137712,0.047060784,0.014316334,0.1693439483642578,0.069362745,0.069362745
6546,0.19450395,0.19450395,0.060200226,0.044896618,0.015303607,0.169525146484375
6547,0.19445439,0.19445439,0.058872666,0.044016022,0.014856643,0.1706066131591797
6548,0.1946254,0.1946254,0.062151242,0.04736687,0.014784373,0.17207717895507812
6549,0.19469616,0.19469616,0.06355956,0.049255405,0.014304159,0.17074871063232422
6550,0.19445857,0.19445857,0.053583182,0.040713187,0.012869994,0.17339634895324707,0.069357745,0.069357745
6551,0.19485809,0.19485809,0.057430558,0.044598065,0.012832494,0.17121577262878418
6552,0.19480684,0.19480684,0.05688314,0.044223864,0.012659277,0.1698305606842041
6553,0.19444855,0.19444855,0.063534364,0.047259938,0.016274424,0.1712944507598877
6554,0.19451103,0.19451103,0.06372139,0.048494548,0.015226837,0.17013144493103027
6555,0.19473256,0.19473256,0.060985677,0.044685215,0.016300464,0.1701793670654297,0.069357865,0.069357865
6556,0.19460052,0.19460052,0.060182698,0.046633683,0.013549013,0.16941261291503906
6557,0.19507763,0.19507763,0.05880726,0.042647585,0.016159678,0.16921401023864746
6558,0.1944885,0.1944885,0.056702342,0.042897988,0.013804354,0.17715048789978027
6559,0.19449496,0.19449496,0.062503815,0.048317,0.014186811,0.17134594917297363
6560,0.19452626,0.19452626,0.064007,0.048608657,0.015398345,0.17004728317260742,0.069350325,0.069350325
6561,0.19471264,0.19471264,0.05749091,0.042850286,0.014640626,0.17055463790893555
6562,0.1946764,0.1946764,0.059427746,0.043679155,0.01574859,0.17008733749389648
6563,0.19447953,0.19447953,0.05982953,0.046691414,0.013138115,0.17081141471862793
6564,0.19450569,0.19450569,0.05835162,0.04283143,0.015520192,0.17029237747192383
6565,0.19465227,0.19465227,0.06619993,0.04991767,0.016282257,0.17234086990356445,0.069360696,0.069360696
6566,0.19450065,0.19450065,0.059628956,0.04460568,0.015023277,0.18161225318908691
6567,0.1953376,0.1953376,0.06278565,0.047753826,0.015031823,0.1802663803100586
6568,0.19467151,0.19467151,0.060403034,0.04504901,0.015354021,0.17745518684387207
6569,0.19458152,0.19458152,0.06392844,0.04898674,0.014941702,0.17156481742858887
6570,0.19446675,0.19446675,0.061209254,0.04593189,0.015277365,0.17007184028625488,0.06935765,0.06935765
6571,0.19463961,0.19463961,0.0625133,0.04577297,0.016740328,0.17037463188171387
6572,0.19758508,0.19758508,0.05615402,0.04266644,0.01348758,0.17025041580200195
6573,0.19440904,0.19440904,0.060285382,0.044333927,0.015951457,0.17001819610595703
6574,0.19449404,0.19449404,0.0554633,0.04009982,0.015363483,0.1696624755859375
6575,0.1944617,0.1944617,0.05638509,0.043891467,0.012493622,0.1722729206085205,0.069337495,0.069337495
6576,0.19445701,0.19445701,0.05975587,0.044835288,0.014920579,0.17220497131347656
6577,0.19519044,0.19519044,0.06070207,0.04633358,0.014368489,0.1712343692779541
6578,0.19444863,0.19444863,0.05875269,0.04460136,0.01415133,0.17063236236572266
6579,0.19472237,0.19472237,0.055624545,0.042428922,0.013195624,0.1716761589050293
6580,0.19451386,0.19451386,0.05946976,0.04490343,0.0145663265,0.1719355583190918,0.06934308,0.06934308
6581,0.19464864,0.19464864,0.061655384,0.046383277,0.015272108,0.1705918312072754
6582,0.19439366,0.19439366,0.060764678,0.045039296,0.015725382,0.1797940731048584
6583,0.1949501,0.1949501,0.057539605,0.043278236,0.014261368,0.18220162391662598
6584,0.1944687,0.1944687,0.056589574,0.045049116,0.011540457,0.1820814609527588
6585,0.19461659,0.19461659,0.060352102,0.044161186,0.016190914,0.17590641975402832,0.06935057,0.06935057
6586,0.19436933,0.19436933,0.062371373,0.04680776,0.0155636165,0.17867326736450195
6587,0.1947581,0.1947581,0.058759965,0.043055777,0.015704187,0.17095136642456055
6588,0.19465339,0.19465339,0.062338307,0.04560954,0.016728764,0.17194843292236328
6589,0.19447453,0.19447453,0.060548287,0.045350645,0.015197643,0.1708354949951172
6590,0.1946061,0.1946061,0.06327834,0.048244923,0.015033419,0.17214632034301758,0.069354326,0.069354326
6591,0.19451918,0.19451918,0.055359665,0.04106331,0.0142963575,0.17483758926391602
6592,0.19443044,0.19443044,0.057315495,0.04202689,0.015288607,0.17105507850646973
6593,0.19449455,0.19449455,0.06102115,0.04468725,0.016333899,0.17153620719909668
6594,0.19454488,0.19454488,0.05872309,0.04384615,0.014876938,0.17148089408874512
6595,0.19450575,0.19450575,0.06071396,0.04360907,0.017104888,0.17194008827209473,0.069378935,0.069378935
6596,0.19453263,0.19453263,0.05773328,0.04374299,0.013990291,0.1749112606048584
6597,0.1952959,0.1952959,0.05929876,0.043941014,0.015357748,0.17574262619018555
6598,0.19454281,0.19454281,0.058945138,0.045058142,0.013886995,0.17201995849609375
6599,0.19450556,0.19450556,0.055078834,0.04172523,0.013353605,0.17602801322937012
6600,0.19450702,0.19450702,0.064225644,0.048509885,0.015715756,0.17964625358581543,0.06938273,0.06938273
6601,0.19434012,0.19434012,0.055280484,0.041722726,0.01355776,0.18213582038879395
6602,0.19443685,0.19443685,0.05864939,0.04394044,0.014708951,0.1772768497467041
6603,0.19437003,0.19437003,0.055649217,0.040787667,0.014861549,0.1707603931427002
6604,0.19440304,0.19440304,0.06095729,0.044702124,0.016255166,0.1726839542388916
6605,0.19583187,0.19583187,0.06251716,0.04892374,0.013593421,0.17178726196289062,0.06937832,0.06937832
6606,0.19441654,0.19441654,0.05933883,0.04480808,0.014530751,0.17184805870056152
6607,0.1944165,0.1944165,0.06462118,0.04789356,0.016727623,0.17111873626708984
6608,0.19445664,0.19445664,0.064792894,0.049540654,0.015252241,0.17403960227966309
6609,0.19452882,0.19452882,0.05910814,0.044918753,0.0141893895,0.17944884300231934
6610,0.19435154,0.19435154,0.05668319,0.040665288,0.016017903,0.1812903881072998,0.06937188,0.06937188
6611,0.19456935,0.19456935,0.064285144,0.04848582,0.015799321,0.1735365390777588
6612,0.1946344,0.1946344,0.059000734,0.04431414,0.014686596,0.1709737777709961
6613,0.19466293,0.19466293,0.06182515,0.046765905,0.015059245,0.17003583908081055
6614,0.19451314,0.19451314,0.057374865,0.044679295,0.012695571,0.16503620147705078
6615,0.19448818,0.19448818,0.054428708,0.04028969,0.01413902,0.1695847511291504,0.06936697,0.06936697
6616,0.19480488,0.19480488,0.059421413,0.044141863,0.015279552,0.17032170295715332
6617,0.19470005,0.19470005,0.05714006,0.04148407,0.01565599,0.17138075828552246
6618,0.1942516,0.1942516,0.0681769,0.051915716,0.016261185,0.17249798774719238
6619,0.19443397,0.19443397,0.056951188,0.042888433,0.014062755,0.17139744758605957
6620,0.194687,0.194687,0.059063785,0.042809147,0.016254637,0.17102813720703125,0.06937362,0.06937362
6621,0.19478498,0.19478498,0.056202598,0.04319214,0.013010457,0.17030882835388184
6622,0.19441767,0.19441767,0.058339007,0.044030286,0.014308721,0.1702868938446045
6623,0.19448061,0.19448061,0.06006396,0.0447013,0.015362658,0.17101001739501953
6624,0.19480455,0.19480455,0.05994335,0.045610115,0.014333235,0.17016911506652832
6625,0.19456278,0.19456278,0.06116601,0.045708116,0.015457893,0.17221355438232422,0.06934208,0.06934208
6626,0.19503231,0.19503231,0.059201255,0.04677958,0.012421676,0.17168283462524414
6627,0.19436881,0.19436881,0.05974336,0.046105936,0.013637422,0.1712942123413086
6628,0.19463788,0.19463788,0.06256963,0.046766274,0.015803361,0.17017292976379395
6629,0.19458976,0.19458976,0.058717705,0.043536793,0.015180911,0.17159652709960938
6630,0.1955453,0.1955453,0.054939654,0.04160839,0.013331265,0.17364120483398438,0.069330744,0.069330744
6631,0.19448318,0.19448318,0.059380382,0.04663631,0.012744072,0.17177844047546387
6632,0.1943538,0.1943538,0.051792465,0.039666645,0.012125821,0.17144155502319336
6633,0.19455296,0.19455296,0.060066305,0.04666426,0.013402045,0.1732320785522461
6634,0.1947425,0.1947425,0.060573645,0.044710785,0.01586286,0.17121672630310059
6635,0.19481292,0.19481292,0.056569055,0.04218599,0.014383067,0.17266297340393066,0.06932229,0.06932229
6636,0.19461624,0.19461624,0.056689646,0.04188798,0.014801667,0.18021941184997559
6637,0.19501762,0.19501762,0.06342985,0.048252724,0.015177126,0.17512965202331543
6638,0.19478935,0.19478935,0.058716666,0.04385129,0.014865375,0.17342805862426758
6639,0.19459663,0.19459663,0.059639785,0.043590754,0.016049031,0.1724257469177246
6640,0.19477707,0.19477707,0.060633853,0.04690932,0.013724531,0.17091870307922363,0.06931955,0.06931955
6641,0.19463058,0.19463058,0.055247232,0.04132315,0.013924083,0.1711564064025879
6642,0.19466001,0.19466001,0.05974964,0.04533914,0.014410499,0.17722678184509277
6643,0.19454691,0.19454691,0.06449893,0.050094638,0.014404295,0.1765737533569336
6644,0.19431853,0.19431853,0.06328876,0.048871662,0.014417103,0.18016910552978516
6645,0.19450557,0.19450557,0.061211534,0.046586767,0.014624765,0.17460083961486816,0.06932036,0.06932036
6646,0.19440399,0.19440399,0.058801744,0.043918695,0.01488305,0.17113709449768066
6647,0.19447131,0.19447131,0.056236867,0.041850135,0.014386731,0.17086291313171387
6648,0.19463165,0.19463165,0.0565142,0.04322526,0.013288942,0.17091917991638184
6649,0.19441672,0.19441672,0.054353215,0.040886015,0.013467198,0.1716020107269287
6650,0.19449331,0.19449331,0.06300688,0.046992637,0.01601424,0.17087244987487793,0.06932199,0.06932199
6651,0.1955959,0.1955959,0.05587601,0.04278643,0.01308958,0.17149019241333008
6652,0.19449556,0.19449556,0.059189253,0.046038397,0.013150857,0.17077994346618652
6653,0.19729362,0.19729362,0.060778316,0.046366736,0.01441158,0.17011785507202148
6654,0.19466312,0.19466312,0.060104627,0.04521947,0.014885158,0.1703486442565918
6655,0.19441785,0.19441785,0.056964114,0.045109455,0.01185466,0.16851210594177246,0.06933435,0.06933435
6656,0.19444868,0.19444868,0.055892326,0.042971637,0.012920689,0.17072391510009766
6657,0.19453995,0.19453995,0.058873527,0.045237523,0.013636004,0.17412805557250977
6658,0.1950796,0.1950796,0.062185705,0.04759906,0.014586645,0.17558050155639648
6659,0.19468309,0.19468309,0.058698025,0.044325963,0.014372063,0.1706376075744629
6660,0.19474629,0.19474629,0.058805943,0.044583384,0.014222559,0.17682600021362305,0.06934108,0.06934108
6661,0.19763921,0.19763921,0.061200313,0.045374233,0.015826078,0.17401790618896484
6662,0.19476625,0.19476625,0.057758756,0.043299526,0.01445923,0.17294836044311523
6663,0.19491027,0.19491027,0.05745643,0.042759817,0.014696614,0.17236757278442383
6664,0.194807,0.194807,0.06154386,0.046451487,0.015092371,0.17205166816711426
6665,0.19521515,0.19521515,0.0637615,0.0492003,0.014561201,0.17182064056396484,0.069494665,0.069494665
6666,0.1948049,0.1948049,0.06555956,0.05014887,0.015410689,0.1715683937072754
6667,0.19478758,0.19478758,0.05901441,0.042755287,0.016259125,0.17396259307861328
6668,0.19504948,0.19504948,0.05654078,0.041281927,0.0152588505,0.17176604270935059
6669,0.19476001,0.19476001,0.055755913,0.04242863,0.013327284,0.17165637016296387
6670,0.19612633,0.19612633,0.060189307,0.04549617,0.014693137,0.17162442207336426,0.06980448,0.06980448
6671,0.1946328,0.1946328,0.059686143,0.046418164,0.01326798,0.17215847969055176
6672,0.19480725,0.19480725,0.059661068,0.045810353,0.013850717,0.17376208305358887
6673,0.19471,0.19471,0.060093284,0.046985243,0.013108043,0.17264533042907715
6674,0.19456115,0.19456115,0.061915863,0.04858172,0.013334145,0.18017363548278809
6675,0.19502255,0.19502255,0.061899163,0.04760909,0.014290074,0.17577147483825684,0.0701443,0.0701443
6676,0.19442943,0.19442943,0.0576494,0.04487007,0.012779329,0.17226672172546387
6677,0.19515413,0.19515413,0.059476294,0.045298472,0.01417782,0.17087841033935547
6678,0.1949187,0.1949187,0.057932112,0.04248475,0.015447362,0.17161035537719727
6679,0.19481258,0.19481258,0.0639859,0.048847247,0.015138656,0.17270612716674805
6680,0.19463398,0.19463398,0.06296404,0.04730397,0.015660064,0.17271924018859863,0.069525324,0.069525324
6681,0.19458893,0.19458893,0.06186812,0.047189318,0.014678801,0.17290830612182617
6682,0.19558226,0.19558226,0.06176439,0.047158062,0.014606327,0.18134140968322754
6683,0.19453895,0.19453895,0.057046823,0.044665325,0.012381496,0.18263459205627441
6684,0.19514637,0.19514637,0.06290517,0.046597555,0.016307615,0.18324851989746094
6685,0.19467735,0.19467735,0.05891776,0.045170978,0.013746784,0.17814254760742188,0.06932723,0.06932723
6686,0.19436559,0.19436559,0.059913106,0.04597268,0.013940428,0.17343664169311523
6687,0.19451444,0.19451444,0.061027188,0.046555176,0.014472011,0.1788473129272461
6688,0.1948549,0.1948549,0.06041068,0.04511028,0.015300395,0.17118477821350098
6689,0.19453792,0.19453792,0.05554271,0.042148802,0.01339391,0.17162704467773438
6690,0.1947427,0.1947427,0.059572924,0.045383994,0.014188929,0.16976666450500488,0.069326766,0.069326766
6691,0.19466668,0.19466668,0.0609395,0.044906598,0.016032899,0.17087674140930176
6692,0.1952425,0.1952425,0.064661816,0.0497243,0.014937513,0.17081499099731445
6693,0.19439949,0.19439949,0.061563514,0.045066617,0.016496897,0.18152713775634766
6694,0.19474053,0.19474053,0.06392158,0.048385095,0.015536481,0.18143725395202637
6695,0.19451866,0.19451866,0.057386838,0.044551115,0.012835724,0.17325448989868164,0.069334105,0.069334105
6696,0.19451965,0.19451965,0.061336562,0.045487396,0.015849164,0.17153501510620117
6697,0.19828449,0.19828449,0.0583832,0.044332955,0.014050245,0.17131304740905762
6698,0.19439197,0.19439197,0.060028046,0.043013893,0.017014155,0.1650524139404297
6699,0.19433501,0.19433501,0.06146074,0.046013746,0.015446995,0.16437149047851562
6700,0.194461,0.194461,0.058346957,0.04513574,0.013211216,0.17188262939453125,0.06934529,0.06934529
6701,0.1945386,0.1945386,0.061306357,0.04805917,0.013247189,0.181382417678833
6702,0.19431545,0.19431545,0.063966915,0.04883311,0.015133804,0.17918086051940918
6703,0.19488247,0.19488247,0.05693577,0.041971635,0.0149641335,0.16710472106933594
6704,0.19507013,0.19507013,0.060218614,0.044361018,0.015857596,0.17150235176086426
6705,0.19439296,0.19439296,0.061800346,0.047077943,0.014722405,0.17155194282531738,0.06933396,0.06933396
6706,0.19960032,0.19960032,0.061340787,0.04573961,0.015601179,0.17172765731811523
6707,0.19474037,0.19474037,0.061584122,0.045387093,0.016197028,0.17072558403015137
6708,0.19445133,0.19445133,0.06252151,0.04736696,0.015154548,0.17128968238830566
6709,0.19483684,0.19483684,0.056263283,0.041324034,0.01493925,0.171919584274292
6710,0.1950506,0.1950506,0.05845685,0.04377522,0.014681631,0.1664590835571289,0.06933254,0.06933254
6711,0.19686964,0.19686964,0.05937607,0.044623747,0.014752322,0.17236828804016113
6712,0.1954127,0.1954127,0.06232426,0.04845023,0.013874028,0.1684126853942871
6713,0.19503231,0.19503231,0.060915183,0.0457416,0.015173584,0.17200899124145508
6714,0.19523361,0.19523361,0.057153232,0.04357616,0.013577074,0.17173409461975098
6715,0.19467266,0.19467266,0.057539478,0.040919255,0.01662022,0.17189502716064453,0.06933353,0.06933353
6716,0.19439583,0.19439583,0.05873527,0.045316167,0.013419104,0.173506498336792
6717,0.19448964,0.19448964,0.05812762,0.043109734,0.015017886,0.17521309852600098
6718,0.19438918,0.19438918,0.060698155,0.04610263,0.014595524,0.17414331436157227
6719,0.19562371,0.19562371,0.060821287,0.046828832,0.013992454,0.1702134609222412
6720,0.19516885,0.19516885,0.06096238,0.045262866,0.015699511,0.1700890064239502,0.0693378,0.0693378
6721,0.19438323,0.19438323,0.057834588,0.04389821,0.013936377,0.17073917388916016
6722,0.19453907,0.19453907,0.0597915,0.04520997,0.014581532,0.17175960540771484
6723,0.19530897,0.19530897,0.05719139,0.043669444,0.013521947,0.17049384117126465
6724,0.19472764,0.19472764,0.06017632,0.044253115,0.015923208,0.1737346649169922
6725,0.19612618,0.19612618,0.060425356,0.045797016,0.014628338,0.18226337432861328,0.0693369,0.0693369
6726,0.19475524,0.19475524,0.060123414,0.0438701,0.016253317,0.17597532272338867
6727,0.19445136,0.19445136,0.060598314,0.044295754,0.01630256,0.17062687873840332
6728,0.19459099,0.19459099,0.064389765,0.049188804,0.0152009595,0.17049622535705566
6729,0.19479203,0.19479203,0.06001503,0.044951495,0.015063535,0.17084145545959473
6730,0.19567084,0.19567084,0.05966524,0.044828016,0.014837226,0.17172694206237793,0.069466665,0.069466665
6731,0.19477586,0.19477586,0.060740512,0.0456644,0.015076113,0.17231035232543945
6732,0.1945033,0.1945033,0.06364112,0.04827878,0.0153623475,0.17001771926879883
6733,0.19568363,0.19568363,0.061650783,0.04703113,0.014619653,0.175612211227417
6734,0.19482248,0.19482248,0.058094338,0.042791244,0.015303093,0.1756114959716797
6735,0.19474228,0.19474228,0.058281787,0.042251088,0.016030699,0.17139935493469238,0.07109489,0.07109489
6736,0.19562496,0.19562496,0.060279164,0.045142848,0.015136316,0.17041349411010742
6737,0.19459064,0.19459064,0.05750462,0.042094085,0.015410535,0.17051339149475098
6738,0.1953286,0.1953286,0.063127026,0.047591556,0.015535474,0.17691254615783691
6739,0.22584327,0.22584327,0.06359722,0.047956597,0.01564062,0.17096447944641113
6740,0.19476719,0.19476719,0.063071795,0.0470692,0.016002595,0.17064619064331055,0.06935784,0.06935784
6741,0.19496989,0.19496989,0.05810795,0.041925166,0.016182782,0.17107057571411133
6742,0.20399974,0.20399974,0.058461018,0.04478741,0.013673609,0.1772923469543457
6743,0.20905751,0.20905751,0.0632309,0.049705174,0.01352573,0.17438960075378418
6744,0.22180922,0.22180922,0.06629362,0.05131665,0.014976974,0.1716780662536621
6745,0.19881824,0.19881824,0.054614846,0.04112228,0.013492566,0.17099881172180176,0.07494783,0.07494783
6746,0.1980537,0.1980537,0.05900739,0.04368155,0.01532584,0.17058610916137695
6747,0.20254356,0.20254356,0.061206896,0.045324937,0.01588196,0.17041945457458496
6748,0.2339651,0.2339651,0.06145604,0.046608772,0.014847266,0.17008066177368164
6749,0.21741737,0.21741737,0.063548684,0.048099536,0.015449146,0.17319774627685547
6750,0.20372985,0.20372985,0.058304735,0.043630227,0.014674506,0.18215131759643555,0.07518808,0.07518808
6751,0.2312738,0.2312738,0.05311445,0.040886693,0.012227758,0.17578411102294922
6752,0.22583602,0.22583602,0.059303086,0.044194106,0.01510898,0.175567626953125
6753,0.22889009,0.22889009,0.06601087,0.05119094,0.014819932,0.17374134063720703
6754,0.22030613,0.22030613,0.055227123,0.040894408,0.0143327145,0.17516875267028809
6755,0.21893795,0.21893795,0.06251725,0.046625048,0.015892202,0.17253899574279785,0.073812865,0.073812865
6756,0.21451433,0.21451433,0.059153203,0.043106653,0.01604655,0.16781330108642578
6757,0.21076332,0.21076332,0.058360897,0.044659022,0.013701874,0.17273831367492676
6758,0.21110354,0.21110354,0.059191965,0.044603243,0.014588722,0.16983771324157715
6759,0.20865022,0.20865022,0.058649722,0.04434541,0.014304313,0.18358588218688965
6760,0.20469749,0.20469749,0.06299919,0.046971686,0.016027505,0.18007540702819824,0.070597365,0.070597365
6761,0.2028657,0.2028657,0.056800168,0.0413762,0.015423969,0.17439746856689453
6762,0.20180465,0.20180465,0.06023487,0.044331238,0.015903633,0.17335939407348633
6763,0.20612717,0.20612717,0.06294036,0.04832647,0.014613885,0.17290115356445312
6764,0.20051368,0.20051368,0.06276339,0.046362184,0.016401207,0.17220044136047363
6765,0.20057262,0.20057262,0.061571352,0.04762813,0.013943223,0.1716773509979248,0.071061425,0.071061425
6766,0.20008898,0.20008898,0.06328303,0.04939427,0.013888763,0.1685645580291748
6767,0.20336127,0.20336127,0.061914586,0.047706377,0.014208209,0.1823735237121582
6768,0.20057231,0.20057231,0.060000394,0.04541005,0.014590344,0.17747712135314941
6769,0.20326611,0.20326611,0.06537814,0.04840665,0.01697149,0.1801013946533203
6770,0.20096095,0.20096095,0.061118696,0.046326276,0.014792419,0.1682124137878418,0.071269,0.071269
6771,0.2016747,0.2016747,0.057707503,0.04524454,0.012462963,0.1723766326904297
6772,0.20177524,0.20177524,0.05984575,0.044642862,0.015202888,0.16647768020629883
6773,0.19911562,0.19911562,0.060960844,0.046626072,0.014334771,0.17249846458435059
6774,0.20221083,0.20221083,0.062312055,0.047606435,0.01470562,0.17311358451843262
6775,0.20005493,0.20005493,0.05946765,0.045318868,0.014148784,0.17269253730773926,0.0709654,0.0709654
6776,0.1993159,0.1993159,0.06373801,0.049314108,0.014423906,0.17607402801513672
6777,0.19623968,0.19623968,0.06089881,0.046850815,0.014047996,0.1750164031982422
6778,0.19747546,0.19747546,0.06565883,0.04842236,0.017236471,0.1698760986328125
6779,0.1976268,0.1976268,0.06258102,0.048162818,0.014418202,0.17307043075561523
6780,0.19772415,0.19772415,0.059236303,0.043792102,0.0154442,0.17181110382080078,0.070617266,0.070617266
6781,0.20088136,0.20088136,0.057991985,0.044419874,0.013572113,0.1672830581665039
6782,0.19745249,0.19745249,0.05978274,0.04582835,0.013954391,0.17268753051757812
6783,0.19789417,0.19789417,0.060979582,0.047049783,0.013929799,0.17177510261535645
6784,0.197146,0.197146,0.061071448,0.048550114,0.012521333,0.17532825469970703
6785,0.19690105,0.19690105,0.05982894,0.045887228,0.013941712,0.17227625846862793,0.07035538,0.07035538
6786,0.19692375,0.19692375,0.057291348,0.04318051,0.014110837,0.17242097854614258
6787,0.19674619,0.19674619,0.062548056,0.048428047,0.0141200125,0.17236614227294922
6788,0.19610924,0.19610924,0.06237047,0.047996573,0.014373898,0.17240524291992188
6789,0.19664828,0.19664828,0.06130736,0.04642038,0.014886978,0.18054866790771484
6790,0.19590269,0.19590269,0.057919115,0.04478226,0.013136856,0.17370963096618652,0.07029074,0.07029074
6791,0.19728744,0.19728744,0.06009835,0.043388348,0.016710004,0.17229938507080078
6792,0.19687305,0.19687305,0.05553546,0.041534588,0.014000874,0.17532134056091309
6793,0.19554985,0.19554985,0.061072372,0.04517308,0.015899291,0.18375611305236816
6794,0.19634144,0.19634144,0.062410697,0.046309777,0.016100919,0.18242597579956055
6795,0.19595936,0.19595936,0.058046903,0.045745753,0.012301152,0.1773521900177002,0.07040446,0.07040446
6796,0.19733901,0.19733901,0.06048539,0.045871757,0.014613633,0.17293214797973633
6797,0.19615617,0.19615617,0.059527352,0.045196634,0.014330719,0.17356133460998535
6798,0.19647606,0.19647606,0.0575093,0.044347167,0.013162131,0.17452359199523926
6799,0.1957161,0.1957161,0.06174993,0.04700464,0.014745291,0.17506051063537598
6800,0.19659011,0.19659011,0.053957477,0.039292105,0.014665374,0.1752467155456543,0.070845805,0.070845805
6801,0.1960995,0.1960995,0.05813775,0.043249477,0.014888273,0.17534542083740234
6802,0.19597554,0.19597554,0.0558943,0.04034464,0.015549658,0.18165183067321777
6803,0.19600572,0.19600572,0.05270251,0.03915791,0.013544599,0.18357133865356445
6804,0.19576168,0.19576168,0.05769262,0.042184964,0.015507657,0.18235325813293457
6805,0.19571236,0.19571236,0.06162245,0.045825023,0.015797427,0.17801713943481445,0.07103129,0.07103129
6806,0.19559215,0.19559215,0.062822856,0.047399722,0.015423133,0.1746513843536377
6807,0.19840957,0.19840957,0.058972195,0.045766238,0.013205955,0.17345809936523438
6808,0.19698551,0.19698551,0.061877362,0.04624965,0.015627714,0.17278504371643066
6809,0.19668151,0.19668151,0.05513648,0.041349877,0.013786604,0.17366433143615723
6810,0.19602585,0.19602585,0.060445476,0.04577991,0.014665567,0.17474794387817383,0.07100486,0.07100486
6811,0.19593444,0.19593444,0.065018736,0.048839256,0.01617948,0.17381930351257324
6812,0.19564657,0.19564657,0.061249916,0.048121456,0.013128459,0.1772480010986328
6813,0.19537029,0.19537029,0.06127727,0.04732733,0.013949942,0.18355679512023926
6814,0.19587444,0.19587444,0.057659354,0.04540739,0.012251966,0.18344449996948242
6815,0.19588505,0.19588505,0.061032537,0.04614338,0.014889157,0.1776108741760254,0.07089772,0.07089772
6816,0.19536592,0.19536592,0.059054367,0.045065366,0.013989003,0.17347002029418945
6817,0.19536301,0.19536301,0.052786216,0.040838797,0.01194742,0.17355561256408691
6818,0.19549501,0.19549501,0.055705782,0.042830586,0.012875195,0.1733388900756836
6819,0.19555536,0.19555536,0.05731141,0.043422226,0.013889183,0.17276239395141602
6820,0.19593994,0.19593994,0.05744344,0.04388429,0.013559151,0.1732311248779297,0.07069262,0.07069262
6821,0.1953894,0.1953894,0.0600772,0.045508977,0.014568224,0.17522311210632324
6822,0.1951316,0.1951316,0.060046714,0.045693204,0.014353509,0.18192219734191895
6823,0.19567455,0.19567455,0.0537422,0.03964065,0.014101551,0.183518648147583
6824,0.19519165,0.19519165,0.05851332,0.042450093,0.016063226,0.1767723560333252
6825,0.19527172,0.19527172,0.058627713,0.044026468,0.014601246,0.17259788513183594,0.070563756,0.070563756
6826,0.19522315,0.19522315,0.06612179,0.051888473,0.014233314,0.17348718643188477
6827,0.1949762,0.1949762,0.06292683,0.04819375,0.014733076,0.17396903038024902
6828,0.19618395,0.19618395,0.058774315,0.044399537,0.01437478,0.17383885383605957
6829,0.19541264,0.19541264,0.058024265,0.044389255,0.0136350095,0.17330694198608398
6830,0.19557807,0.19557807,0.061433416,0.047213618,0.014219798,0.1727766990661621,0.07059025,0.07059025
6831,0.19580513,0.19580513,0.06257996,0.048656113,0.013923849,0.1750330924987793
6832,0.19525293,0.19525293,0.058701746,0.04421192,0.014489826,0.1794121265411377
6833,0.19542459,0.19542459,0.052039593,0.03978843,0.012251167,0.1776278018951416
6834,0.19550884,0.19550884,0.06300837,0.047769155,0.015239215,0.17648935317993164
6835,0.19598071,0.19598071,0.059280816,0.044012398,0.015268418,0.17831039428710938,0.070636824,0.070636824
6836,0.19512863,0.19512863,0.059967093,0.043804187,0.016162908,0.17841339111328125
6837,0.19572207,0.19572207,0.060794942,0.045208976,0.015585968,0.1765885353088379
6838,0.1954876,0.1954876,0.06096831,0.046421986,0.0145463245,0.1775498390197754
6839,0.19568855,0.19568855,0.062836856,0.0473454,0.0154914595,0.18361234664916992
6840,0.19538845,0.19538845,0.058060072,0.042677313,0.015382759,0.1772446632385254,0.07068115,0.07068115
6841,0.19533554,0.19533554,0.06469183,0.048685715,0.016006112,0.17899084091186523
6842,0.19528916,0.19528916,0.055503044,0.04313137,0.012371673,0.18761539459228516
6843,0.19549152,0.19549152,0.06566311,0.05120501,0.014458097,0.18738317489624023
6844,0.19556728,0.19556728,0.057701137,0.043457862,0.014243275,0.18627500534057617
6845,0.1956514,0.1956514,0.059397012,0.045248196,0.014148816,0.17839980125427246,0.07061792,0.07061792
6846,0.19698021,0.19698021,0.06121054,0.0451923,0.016018238,0.1746072769165039
6847,0.19568107,0.19568107,0.056209754,0.041867517,0.014342237,0.1748969554901123
6848,0.1953104,0.1953104,0.061784953,0.04484817,0.016936783,0.17382502555847168
6849,0.19544223,0.19544223,0.06097581,0.045507014,0.015468794,0.17487049102783203
6850,0.19523083,0.19523083,0.056551687,0.042663906,0.013887782,0.1741478443145752,0.070545875,0.070545875
6851,0.19573374,0.19573374,0.05983635,0.044927526,0.014908825,0.17186594009399414
6852,0.19536287,0.19536287,0.058234904,0.044164814,0.01407009,0.17110419273376465
6853,0.19530039,0.19530039,0.06513681,0.048562497,0.016574318,0.17237091064453125
6854,0.19561908,0.19561908,0.05848851,0.043838046,0.014650462,0.18314909934997559
6855,0.19551347,0.19551347,0.061449282,0.043507695,0.017941589,0.1777174472808838,0.07061636,0.07061636
6856,0.19549036,0.19549036,0.05879405,0.04302185,0.0157722,0.1718616485595703
6857,0.19524536,0.19524536,0.062320136,0.046566516,0.01575362,0.1715259552001953
6858,0.19531406,0.19531406,0.05908512,0.043863337,0.015221783,0.17125391960144043
6859,0.1955626,0.1955626,0.064898126,0.05080161,0.014096519,0.17043685913085938
6860,0.195587,0.195587,0.06373377,0.048350584,0.015383189,0.171356201171875,0.07067412,0.07067412
6861,0.19551751,0.19551751,0.05812774,0.042468604,0.015659137,0.17222809791564941
6862,0.19694321,0.19694321,0.05836166,0.044049524,0.014312138,0.17569875717163086
6863,0.19560166,0.19560166,0.062700786,0.047017623,0.015683161,0.16777944564819336
6864,0.1953725,0.1953725,0.065691985,0.04866126,0.017030723,0.16954874992370605
6865,0.19547386,0.19547386,0.058625314,0.04357717,0.0150481425,0.1699683666229248,0.07076472,0.07076472
6866,0.19566938,0.19566938,0.059420872,0.04405704,0.015363831,0.17042827606201172
6867,0.19527006,0.19527006,0.05657262,0.042818476,0.013754143,0.17048883438110352
6868,0.19557628,0.19557628,0.053667318,0.038260803,0.0154065145,0.16436457633972168
6869,0.1953091,0.1953091,0.053725593,0.040896416,0.012829177,0.17153120040893555
6870,0.19629142,0.19629142,0.059802357,0.045413494,0.014388864,0.1717228889465332,0.07081848,0.07081848
6871,0.19541542,0.19541542,0.05835562,0.04485045,0.013505167,0.17026090621948242
6872,0.1956626,0.1956626,0.06020188,0.046157554,0.014044326,0.1653134822845459
6873,0.20160985,0.20160985,0.05970544,0.04490845,0.014796991,0.1701962947845459
6874,0.19524738,0.19524738,0.063461974,0.047355503,0.01610647,0.17041540145874023
6875,0.1952465,0.1952465,0.063976884,0.047812827,0.016164059,0.17166614532470703,0.07087847,0.07087847
6876,0.19547354,0.19547354,0.05347978,0.03924136,0.01423842,0.17917895317077637
6877,0.19522941,0.19522941,0.05953793,0.04539829,0.014139636,0.17876100540161133
6878,0.19518773,0.19518773,0.060718246,0.044779196,0.015939051,0.17357397079467773
6879,0.1956948,0.1956948,0.0599532,0.04480276,0.015150443,0.170457124710083
6880,0.1953719,0.1953719,0.062849656,0.047403228,0.0154464245,0.17066192626953125,0.070869446,0.070869446
6881,0.19601536,0.19601536,0.062288158,0.047736518,0.01455164,0.17006206512451172
6882,0.19560416,0.19560416,0.062336996,0.045145866,0.01719113,0.16577792167663574
6883,0.1952231,0.1952231,0.057943966,0.043693926,0.01425004,0.17072296142578125
6884,0.19556148,0.19556148,0.06803128,0.052052904,0.015978381,0.17234587669372559
6885,0.19561222,0.19561222,0.054150514,0.0406545,0.013496013,0.17062664031982422,0.07076015,0.07076015
6886,0.19589022,0.19589022,0.05827573,0.04289966,0.0153760705,0.17062640190124512
6887,0.19490057,0.19490057,0.060936153,0.045300603,0.015635548,0.16680502891540527
6888,0.19580738,0.19580738,0.06271319,0.04802202,0.01469117,0.16595053672790527
6889,0.19509512,0.19509512,0.060292147,0.04593131,0.014360839,0.1642012596130371
6890,0.19545701,0.19545701,0.060131937,0.046056848,0.014075089,0.17490220069885254,0.070711404,0.070711404
6891,0.19507553,0.19507553,0.06171377,0.046323836,0.015389934,0.1737043857574463
6892,0.19529949,0.19529949,0.060363997,0.046661377,0.013702621,0.18088102340698242
6893,0.19559734,0.19559734,0.057743415,0.04266417,0.015079244,0.17371344566345215
6894,0.19554912,0.19554912,0.059898395,0.044913147,0.014985249,0.16962575912475586
6895,0.195338,0.195338,0.054899164,0.04113189,0.013767273,0.1709754467010498,0.07064968,0.07064968
6896,0.19546689,0.19546689,0.0534888,0.04096045,0.012528349,0.17017126083374023
6897,0.1953367,0.1953367,0.061546903,0.044939637,0.016607266,0.17008423805236816
6898,0.19529846,0.19529846,0.059870012,0.043584,0.01628601,0.1703028678894043
6899,0.19487183,0.19487183,0.05964971,0.045736425,0.013913286,0.17064809799194336
6900,0.19520994,0.19520994,0.05876293,0.04567038,0.013092552,0.17185211181640625,0.070542976,0.070542976
6901,0.19494282,0.19494282,0.05761568,0.044300765,0.013314915,0.16727471351623535
6902,0.19520412,0.19520412,0.058882013,0.04511061,0.013771405,0.16986608505249023
6903,0.19543254,0.19543254,0.06155242,0.045207635,0.016344784,0.1648409366607666
6904,0.19520307,0.19520307,0.059656586,0.04367584,0.015980747,0.17025041580200195
6905,0.19534712,0.19534712,0.06336206,0.04895444,0.014407622,0.16952037811279297,0.07050474,0.07050474
6906,0.195256,0.195256,0.061253265,0.04706815,0.014185118,0.17030572891235352
6907,0.19593158,0.19593158,0.057709653,0.043010052,0.0146996,0.17494750022888184
6908,0.19506924,0.19506924,0.06438573,0.05064758,0.013738148,0.17372941970825195
6909,0.19534317,0.19534317,0.05861623,0.042644303,0.015971923,0.1656646728515625
6910,0.19523175,0.19523175,0.06087687,0.046955526,0.013921341,0.1718120574951172,0.07055961,0.07055961
6911,0.19512922,0.19512922,0.057406407,0.042740572,0.014665835,0.16850709915161133
6912,0.19523807,0.19523807,0.055188958,0.040689312,0.014499645,0.17162203788757324
6913,0.19548877,0.19548877,0.05715687,0.044083245,0.013073625,0.16793251037597656
6914,0.19532233,0.19532233,0.059166197,0.04412503,0.015041165,0.1726243495941162
6915,0.19521654,0.19521654,0.06313528,0.047694232,0.015441047,0.17242884635925293,0.07058227,0.07058227
6916,0.19497253,0.19497253,0.05375703,0.040511224,0.013245807,0.1660935878753662
6917,0.19539577,0.19539577,0.0563387,0.042363483,0.013975217,0.16942262649536133
6918,0.19482714,0.19482714,0.055115476,0.040499777,0.014615698,0.16678309440612793
6919,0.19536906,0.19536906,0.057876565,0.04451646,0.013360104,0.16989898681640625
6920,0.19520679,0.19520679,0.059593946,0.04294847,0.016645474,0.17048430442810059,0.07049629,0.07049629
6921,0.19489154,0.19489154,0.061210696,0.044741623,0.016469073,0.1656935214996338
6922,0.19536962,0.19536962,0.05718212,0.04362575,0.01355637,0.17029547691345215
6923,0.19505838,0.19505838,0.059700787,0.045005757,0.01469503,0.1705632209777832
6924,0.19490054,0.19490054,0.058239777,0.043730013,0.014509763,0.16724324226379395
6925,0.1950448,0.1950448,0.05835765,0.044117186,0.014240464,0.1715986728668213,0.07039449,0.07039449
6926,0.19514284,0.19514284,0.057951625,0.0443979,0.013553723,0.17111945152282715
6927,0.19512118,0.19512118,0.0593337,0.044934202,0.014399499,0.16991066932678223
6928,0.195095,0.195095,0.05987512,0.04589079,0.013984331,0.17092061042785645
6929,0.19539931,0.19539931,0.05596179,0.042980477,0.012981313,0.16683173179626465
6930,0.19538702,0.19538702,0.06430053,0.0498641,0.01443643,0.16241455078125,0.070313066,0.070313066
6931,0.19524318,0.19524318,0.057223797,0.042721532,0.014502265,0.1630547046661377
6932,0.19532162,0.19532162,0.0561317,0.04256894,0.013562757,0.1632232666015625
6933,0.19509803,0.19509803,0.05929012,0.044397563,0.014892556,0.1645641326904297
6934,0.19543023,0.19543023,0.06154579,0.04754108,0.01400471,0.16371583938598633
6935,0.19481856,0.19481856,0.060502425,0.046654668,0.013847759,0.17181944847106934,0.07022809,0.07022809
6936,0.19686641,0.19686641,0.065039754,0.049059533,0.01598022,0.1677391529083252
6937,0.19529526,0.19529526,0.05772168,0.044889867,0.012831812,0.16316866874694824
6938,0.19533207,0.19533207,0.05716445,0.0438252,0.013339247,0.1630847454071045
6939,0.1950751,0.1950751,0.053948708,0.04073853,0.013210179,0.1626572608947754
6940,0.19514856,0.19514856,0.057002574,0.04346254,0.013540035,0.16353440284729004,0.070572406,0.070572406
6941,0.19498166,0.19498166,0.05688923,0.041626044,0.015263184,0.1745767593383789
6942,0.19504826,0.19504826,0.05523217,0.04259205,0.012640121,0.17127132415771484
6943,0.19515003,0.19515003,0.062533945,0.04614023,0.016393712,0.165755033493042
6944,0.19533224,0.19533224,0.053497337,0.040951885,0.01254545,0.16459178924560547
6945,0.19512512,0.19512512,0.05958149,0.045466423,0.0141150635,0.1618950366973877,0.07066861,0.07066861
6946,0.19561599,0.19561599,0.05889621,0.043904334,0.014991876,0.16227173805236816
6947,0.19601694,0.19601694,0.06246641,0.04794964,0.014516771,0.16598987579345703
6948,0.19511981,0.19511981,0.06465622,0.049981445,0.014674778,0.16501593589782715
6949,0.19542019,0.19542019,0.054992814,0.042098887,0.012893927,0.16260933876037598
6950,0.19565557,0.19565557,0.058680255,0.04511778,0.013562475,0.16158366203308105,0.07066788,0.07066788
6951,0.19543208,0.19543208,0.06089198,0.045670673,0.015221307,0.1620464324951172
6952,0.19503562,0.19503562,0.058723837,0.04388441,0.014839427,0.1664118766784668
6953,0.19486661,0.19486661,0.055312257,0.041160405,0.014151852,0.17090678215026855
6954,0.19515783,0.19515783,0.057065323,0.04075829,0.016307032,0.16497421264648438
6955,0.19528283,0.19528283,0.05859707,0.044523705,0.014073364,0.16577672958374023,0.07060229,0.07060229
6956,0.19545197,0.19545197,0.057967335,0.044470698,0.013496639,0.17071819305419922
6957,0.19534202,0.19534202,0.056177385,0.041689597,0.014487786,0.17070388793945312
6958,0.19481027,0.19481027,0.060115788,0.046772663,0.013343126,0.17114877700805664
6959,0.19488126,0.19488126,0.058296703,0.043688413,0.014608291,0.17286014556884766
6960,0.19548851,0.19548851,0.060957603,0.04600627,0.014951332,0.17077088356018066,0.07045799,0.07045799
6961,0.19530699,0.19530699,0.057569753,0.04387707,0.013692685,0.17069602012634277
6962,0.19485971,0.19485971,0.059257753,0.044729393,0.014528358,0.1706697940826416
6963,0.1951099,0.1951099,0.058467355,0.04381609,0.014651264,0.1700575351715088
6964,0.19552197,0.19552197,0.058380447,0.043664128,0.014716318,0.17028594017028809
6965,0.1954328,0.1954328,0.056048505,0.040987935,0.015060571,0.17064785957336426,0.07033181,0.07033181
6966,0.19536488,0.19536488,0.060336992,0.046038456,0.014298538,0.17160701751708984
6967,0.19521931,0.19521931,0.061934125,0.047287058,0.014647066,0.17209553718566895
6968,0.19560122,0.19560122,0.05846733,0.044716388,0.013750942,0.17154908180236816
6969,0.1953152,0.1953152,0.058767673,0.045351747,0.013415925,0.17075443267822266
6970,0.19577503,0.19577503,0.06255313,0.047538105,0.0150150275,0.1707322597503662,0.07030883,0.07030883
6971,0.19510421,0.19510421,0.059458293,0.0432967,0.016161593,0.17010498046875
6972,0.19482823,0.19482823,0.054157138,0.04115718,0.012999957,0.1709880828857422
6973,0.19501339,0.19501339,0.059777454,0.04495968,0.014817776,0.17083358764648438
6974,0.19560252,0.19560252,0.059813775,0.04416852,0.015645254,0.17120862007141113
6975,0.19498307,0.19498307,0.059330396,0.04324019,0.016090205,0.1697676181793213,0.07031164,0.07031164
6976,0.19534193,0.19534193,0.05672687,0.042864453,0.013862417,0.17046284675598145
6977,0.19545911,0.19545911,0.06447427,0.0479659,0.016508369,0.1641526222229004
6978,0.19528024,0.19528024,0.059001796,0.045219112,0.013782685,0.16844725608825684
6979,0.19491279,0.19491279,0.061643608,0.046070468,0.015573139,0.16952157020568848
6980,0.19544889,0.19544889,0.057691872,0.043833017,0.013858853,0.17071270942687988,0.070429735,0.070429735
6981,0.1949863,0.1949863,0.059891917,0.0463883,0.013503617,0.17126154899597168
6982,0.19524296,0.19524296,0.056218967,0.041662008,0.01455696,0.17540383338928223
6983,0.19521137,0.19521137,0.05839849,0.043731645,0.014666844,0.17447996139526367
6984,0.19525933,0.19525933,0.06203814,0.046271764,0.015766373,0.16941070556640625
6985,0.1953089,0.1953089,0.06151715,0.045803323,0.015713828,0.17095708847045898,0.07048908,0.07048908
6986,0.19478805,0.19478805,0.05572474,0.04175552,0.013969222,0.17065191268920898
6987,0.19491611,0.19491611,0.05524284,0.040775552,0.014467289,0.1667919158935547
6988,0.1951251,0.1951251,0.056915067,0.042728227,0.01418684,0.1711900234222412
6989,0.19495024,0.19495024,0.05728165,0.043513913,0.013767738,0.1773240566253662
6990,0.19502397,0.19502397,0.058761105,0.04482578,0.013935326,0.1738300323486328,0.07048972,0.07048972
6991,0.19487281,0.19487281,0.058196418,0.04490943,0.013286989,0.17190814018249512
6992,0.1948377,0.1948377,0.061691567,0.047399174,0.014292392,0.17051959037780762
6993,0.19503334,0.19503334,0.05551185,0.04199223,0.013519621,0.17030048370361328
6994,0.19535033,0.19535033,0.05901989,0.042520486,0.016499404,0.17041873931884766
6995,0.19505909,0.19505909,0.06383775,0.049589712,0.014248038,0.17104792594909668,0.07040002,0.07040002
6996,0.19529489,0.19529489,0.054309066,0.04052336,0.013785704,0.17006564140319824
6997,0.19495906,0.19495906,0.061552618,0.045543425,0.016009193,0.17431139945983887
6998,0.19543228,0.19543228,0.06274643,0.048119284,0.014627145,0.16592001914978027
6999,0.1952565,0.1952565,0.06038667,0.04711491,0.013271761,0.16433429718017578
7000,0.19514358,0.19514358,0.059297815,0.04537099,0.013926827,0.17487311363220215,0.07027378,0.07027378
7001,0.19529851,0.19529851,0.057018965,0.0439386,0.013080365,0.17011809349060059
7002,0.1950944,0.1950944,0.061099995,0.047214534,0.01388546,0.1703171730041504
7003,0.19484092,0.19484092,0.05768644,0.04265138,0.01503506,0.171616792678833
7004,0.19501846,0.19501846,0.05822899,0.04487346,0.013355528,0.16599082946777344
7005,0.19550541,0.19550541,0.05585399,0.042198185,0.013655803,0.1806037425994873,0.070285074,0.070285074
7006,0.1949871,0.1949871,0.058060937,0.04250905,0.015551888,0.17256855964660645
7007,0.19508573,0.19508573,0.06086728,0.046788182,0.0140790995,0.1705315113067627
7008,0.19515307,0.19515307,0.06379086,0.047728457,0.016062403,0.1701338291168213
7009,0.19534485,0.19534485,0.062462486,0.046639457,0.015823029,0.1708517074584961
7010,0.19504932,0.19504932,0.059462376,0.044149447,0.015312929,0.16983342170715332,0.07029017,0.07029017
7011,0.19526283,0.19526283,0.055195604,0.042833667,0.012361937,0.17130374908447266
7012,0.19523875,0.19523875,0.054923356,0.042310767,0.012612587,0.1731729507446289
7013,0.19502702,0.19502702,0.06079303,0.046344377,0.014448654,0.17122697830200195
7014,0.19513424,0.19513424,0.05706482,0.041731425,0.015333395,0.17069125175476074
7015,0.19505787,0.19505787,0.056125253,0.042196814,0.013928441,0.1708688735961914,0.070298836,0.070298836
7016,0.19494446,0.19494446,0.054251883,0.039446637,0.014805247,0.16997957229614258
7017,0.19524182,0.19524182,0.060739502,0.044784818,0.015954686,0.1720719337463379
7018,0.19504897,0.19504897,0.054495506,0.03932937,0.015166137,0.17322325706481934
7019,0.19500072,0.19500072,0.06633372,0.04943607,0.016897649,0.1726977825164795
7020,0.19516495,0.19516495,0.057571776,0.043520045,0.014051732,0.183380126953125,0.07021287,0.07021287
7021,0.19497669,0.19497669,0.061001703,0.046708014,0.014293689,0.17474842071533203
7022,0.19539173,0.19539173,0.05957736,0.04451682,0.015060542,0.17130804061889648
7023,0.19494379,0.19494379,0.062198747,0.0477694,0.014429346,0.1719663143157959
7024,0.19536102,0.19536102,0.056828167,0.04269728,0.014130887,0.17160964012145996
7025,0.19535305,0.19535305,0.05463326,0.041733094,0.012900164,0.17193031311035156,0.07014167,0.07014167
7026,0.19499952,0.19499952,0.059081364,0.044167604,0.014913759,0.17051482200622559
7027,0.1952455,0.1952455,0.06578153,0.04952867,0.016252868,0.17070579528808594
7028,0.19458972,0.19458972,0.05882066,0.04536645,0.01345421,0.17295503616333008
7029,0.19520515,0.19520515,0.059715293,0.04455457,0.015160725,0.1717679500579834
7030,0.19524547,0.19524547,0.05799428,0.04379414,0.01420014,0.1707770824432373,0.07009678,0.07009678
7031,0.19511335,0.19511335,0.0611943,0.0464921,0.014702199,0.17106223106384277
7032,0.19503322,0.19503322,0.058754824,0.0458334,0.012921421,0.17114949226379395
7033,0.19494392,0.19494392,0.059172347,0.04348567,0.015686676,0.17066645622253418
7034,0.19530664,0.19530664,0.056202605,0.04282087,0.013381734,0.1706845760345459
7035,0.19564438,0.19564438,0.06434591,0.048255246,0.016090669,0.17148637771606445,0.07021005,0.07021005
7036,0.1950819,0.1950819,0.06005483,0.045142964,0.014911867,0.17888712882995605
7037,0.19507779,0.19507779,0.054824416,0.041929822,0.012894594,0.1778111457824707
7038,0.1953109,0.1953109,0.0615227,0.04587787,0.015644828,0.1724529266357422
7039,0.19478722,0.19478722,0.053635668,0.040255845,0.013379824,0.17142128944396973
7040,0.19511893,0.19511893,0.055644397,0.041850895,0.013793502,0.17049908638000488,0.070359856,0.070359856
7041,0.19533962,0.19533962,0.061002407,0.04640325,0.014599157,0.17047500610351562
7042,0.19524501,0.19524501,0.054963082,0.041055527,0.013907557,0.17739200592041016
7043,0.19577853,0.19577853,0.059784163,0.045115396,0.0146687655,0.17026782035827637
7044,0.19563518,0.19563518,0.05744328,0.043368112,0.014075168,0.16720962524414062
7045,0.19524169,0.19524169,0.056657564,0.04301253,0.013645033,0.17061471939086914,0.070553705,0.070553705
7046,0.1951126,0.1951126,0.06080997,0.04716382,0.01364615,0.17727279663085938
7047,0.19505405,0.19505405,0.058948122,0.04393012,0.015018002,0.17087888717651367
7048,0.19492812,0.19492812,0.056876462,0.042091746,0.014784715,0.16549110412597656
7049,0.19515133,0.19515133,0.05984686,0.044576507,0.015270352,0.1700897216796875
7050,0.19505225,0.19505225,0.059607245,0.044954102,0.014653143,0.170698881149292,0.07062676,0.07062676
7051,0.19683103,0.19683103,0.05636971,0.04277913,0.013590581,0.17078351974487305
7052,0.19513947,0.19513947,0.060285944,0.04470107,0.015584875,0.17504453659057617
7053,0.19547746,0.19547746,0.057480123,0.043052603,0.014427519,0.18075084686279297
7054,0.19512378,0.19512378,0.06411056,0.048299514,0.015811052,0.17903494834899902
7055,0.19492884,0.19492884,0.05582807,0.041436505,0.014391563,0.17364096641540527,0.07050164,0.07050164
7056,0.19543667,0.19543667,0.055323474,0.040121432,0.015202042,0.16777682304382324
7057,0.19542377,0.19542377,0.05772143,0.043386128,0.014335299,0.170304536819458
7058,0.19502346,0.19502346,0.057417452,0.04285076,0.0145666925,0.171553373336792
7059,0.19470927,0.19470927,0.063784316,0.04782131,0.01596301,0.17183160781860352
7060,0.19529451,0.19529451,0.057791308,0.043338522,0.014452786,0.17203950881958008,0.07037097,0.07037097
7061,0.19509622,0.19509622,0.060392953,0.044727582,0.01566537,0.1819002628326416
7062,0.19511756,0.19511756,0.06138978,0.04569334,0.015696442,0.18103981018066406
7063,0.19499256,0.19499256,0.06486434,0.048090294,0.01677404,0.17503738403320312
7064,0.19512047,0.19512047,0.060486674,0.045444522,0.01504215,0.1707162857055664
7065,0.1948222,0.1948222,0.059223432,0.044538576,0.014684855,0.16821980476379395,0.07024895,0.07024895
7066,0.195239,0.195239,0.056770436,0.04309279,0.0136776455,0.16916179656982422
7067,0.1947222,0.1947222,0.05935496,0.04421773,0.015137228,0.17080378532409668
7068,0.19476731,0.19476731,0.059914388,0.042947575,0.01696681,0.17118263244628906
7069,0.19516294,0.19516294,0.062317554,0.046165135,0.01615242,0.17133331298828125
7070,0.19489658,0.19489658,0.05818466,0.046208948,0.011975712,0.1728055477142334,0.070101045,0.070101045
7071,0.19493316,0.19493316,0.059872646,0.04623481,0.013637837,0.1714799404144287
7072,0.19603194,0.19603194,0.059236184,0.046198774,0.013037409,0.17112278938293457
7073,0.19510265,0.19510265,0.06619246,0.049800985,0.016391477,0.17149734497070312
7074,0.19476673,0.19476673,0.05866344,0.04364526,0.015018181,0.17141318321228027
7075,0.19509557,0.19509557,0.05856258,0.04334575,0.01521683,0.17144489288330078,0.07014305,0.07014305
7076,0.19490673,0.19490673,0.059732802,0.043284353,0.016448451,0.17049956321716309
7077,0.19513445,0.19513445,0.057404082,0.043240387,0.014163694,0.1778707504272461
7078,0.19495541,0.19495541,0.05560198,0.041948106,0.013653874,0.17887091636657715
7079,0.19513695,0.19513695,0.05851417,0.04379891,0.014715264,0.17217254638671875
7080,0.194794,0.194794,0.0566777,0.04191758,0.014760116,0.17075467109680176,0.070085056,0.070085056
7081,0.19487232,0.19487232,0.06161141,0.048054244,0.013557167,0.17151522636413574
7082,0.19526383,0.19526383,0.05314865,0.039958533,0.013190119,0.172044038772583
7083,0.19534786,0.19534786,0.05595655,0.04054006,0.015416492,0.1726970672607422
7084,0.19510657,0.19510657,0.058425855,0.043278553,0.015147303,0.17203950881958008
7085,0.19523107,0.19523107,0.057377536,0.043134976,0.01424256,0.1727452278137207,0.0700155,0.0700155
7086,0.195033,0.195033,0.065412834,0.04879728,0.016615551,0.18091273307800293
7087,0.19511314,0.19511314,0.06029833,0.045485888,0.014812443,0.1796882152557373
7088,0.19501948,0.19501948,0.05824139,0.04409879,0.014142598,0.17450189590454102
7089,0.19566488,0.19566488,0.057889834,0.04254635,0.015343484,0.17097115516662598
7090,0.19494863,0.19494863,0.060316745,0.043906808,0.016409937,0.17039704322814941,0.069985405,0.069985405
7091,0.19507414,0.19507414,0.05893056,0.045704745,0.013225815,0.17118430137634277
7092,0.1948957,0.1948957,0.057517357,0.042102743,0.015414614,0.17244935035705566
7093,0.19480722,0.19480722,0.062458724,0.048576813,0.013881909,0.17931342124938965
7094,0.19493331,0.19493331,0.058365136,0.044295836,0.014069302,0.17328953742980957
7095,0.19505675,0.19505675,0.06141606,0.045436174,0.015979886,0.17477941513061523,0.06999603,0.06999603
7096,0.19489454,0.19489454,0.06440654,0.04869591,0.015710628,0.17258381843566895
7097,0.19471878,0.19471878,0.058436684,0.04348376,0.014952923,0.17275667190551758
7098,0.19509543,0.19509543,0.05591148,0.041715812,0.01419567,0.1703507900238037
7099,0.19470657,0.19470657,0.060922213,0.046454214,0.0144679975,0.16495060920715332
7100,0.1950813,0.1950813,0.058946103,0.045006566,0.013939537,0.1641225814819336,0.06994594,0.06994594
7101,0.19507702,0.19507702,0.05825876,0.045004595,0.013254166,0.1705315113067627
7102,0.1982475,0.1982475,0.057523437,0.041645713,0.015877724,0.1709897518157959
7103,0.19499187,0.19499187,0.058970775,0.04359231,0.015378465,0.1722559928894043
7104,0.19509876,0.19509876,0.060126614,0.044776164,0.01535045,0.17046618461608887
7105,0.19516422,0.19516422,0.06073297,0.04636002,0.0143729495,0.1707170009613037,0.06998887,0.06998887
7106,0.19520576,0.19520576,0.053506523,0.04001138,0.013495145,0.17126131057739258
7107,0.19517942,0.19517942,0.06343061,0.049096,0.014334605,0.17199254035949707
7108,0.19475202,0.19475202,0.060214043,0.043346707,0.016867336,0.1717674732208252
7109,0.19543685,0.19543685,0.05606889,0.04251015,0.013558742,0.17118525505065918
7110,0.19531497,0.19531497,0.060450412,0.04428432,0.01616609,0.17388176918029785,0.070126735,0.070126735
7111,0.19512565,0.19512565,0.056906115,0.0428117,0.014094417,0.18240833282470703
7112,0.19485073,0.19485073,0.05863151,0.044504616,0.014126895,0.17751646041870117
7113,0.19499911,0.19499911,0.054814186,0.039651196,0.015162989,0.17249512672424316
7114,0.19561857,0.19561857,0.06244184,0.047590468,0.014851375,0.17124390602111816
7115,0.19519699,0.19519699,0.056155168,0.04137903,0.014776138,0.1714925765991211,0.07010435,0.07010435
7116,0.19592872,0.19592872,0.05516036,0.039322596,0.015837764,0.17134952545166016
7117,0.19513011,0.19513011,0.059826296,0.043616977,0.01620932,0.17084908485412598
7118,0.19515216,0.19515216,0.055654094,0.041832924,0.013821172,0.17060518264770508
7119,0.19520788,0.19520788,0.057667427,0.042170044,0.015497385,0.1717395782470703
7120,0.19477415,0.19477415,0.053191252,0.039804373,0.013386879,0.1740434169769287,0.06998703,0.06998703
7121,0.1954599,0.1954599,0.058961343,0.04418809,0.014773254,0.17169451713562012
7122,0.19497757,0.19497757,0.058066543,0.042446036,0.015620507,0.17070794105529785
7123,0.1949317,0.1949317,0.056520924,0.042851802,0.013669123,0.17215681076049805
7124,0.19527836,0.19527836,0.05926147,0.04316128,0.01610019,0.17195510864257812
7125,0.19533835,0.19533835,0.061168216,0.047372278,0.013795937,0.17222094535827637,0.06978313,0.06978313
7126,0.19498488,0.19498488,0.0616192,0.04537064,0.01624856,0.17099571228027344
7127,0.19550808,0.19550808,0.059035785,0.045272756,0.013763031,0.174668550491333
7128,0.19496764,0.19496764,0.057195883,0.042752817,0.014443067,0.18138647079467773
7129,0.19463195,0.19463195,0.058205366,0.044845365,0.01336,0.1748208999633789
7130,0.1951627,0.1951627,0.059251904,0.042830374,0.016421529,0.17112350463867188,0.06971555,0.06971555
7131,0.1951327,0.1951327,0.05998855,0.04510959,0.014878963,0.1725144386291504
7132,0.19488944,0.19488944,0.061310545,0.045608684,0.015701858,0.16311383247375488
7133,0.19516118,0.19516118,0.054066755,0.0390256,0.015041153,0.16321063041687012
7134,0.19496715,0.19496715,0.06063713,0.044943567,0.015693562,0.16272759437561035
7135,0.19530338,0.19530338,0.056316014,0.041450687,0.014865328,0.17109394073486328,0.06980836,0.06980836
7136,0.19497976,0.19497976,0.060927305,0.045161754,0.015765551,0.1679837703704834
7137,0.19481918,0.19481918,0.058650553,0.044324234,0.014326318,0.17131829261779785
7138,0.1949632,0.1949632,0.061131954,0.04463154,0.016500415,0.17323994636535645
7139,0.19547804,0.19547804,0.057155088,0.042728696,0.014426391,0.17160725593566895
7140,0.19533627,0.19533627,0.058270328,0.041901387,0.016368939,0.17152190208435059,0.06984074,0.06984074
7141,0.19511074,0.19511074,0.055189222,0.041344676,0.013844548,0.17263245582580566
7142,0.19534649,0.19534649,0.06431877,0.04734439,0.016974377,0.17927122116088867
7143,0.19493434,0.19493434,0.05699393,0.04253859,0.01445534,0.18044781684875488
7144,0.19819835,0.19819835,0.058329888,0.04272131,0.015608579,0.1814870834350586
7145,0.19468702,0.19468702,0.061589792,0.045489557,0.016100235,0.17159128189086914,0.07014971,0.07014971
7146,0.19488794,0.19488794,0.060749196,0.045220215,0.015528982,0.17158794403076172
7147,0.19501278,0.19501278,0.06147244,0.045210585,0.016261851,0.17044377326965332
7148,0.19493002,0.19493002,0.057576198,0.04366136,0.013914839,0.1719071865081787
7149,0.19504486,0.19504486,0.0583262,0.044357944,0.013968254,0.17223072052001953
7150,0.19509643,0.19509643,0.059712008,0.04530573,0.01440628,0.17224502563476562,0.07032626,0.07032626
7151,0.19478472,0.19478472,0.06135966,0.046797805,0.014561855,0.17143607139587402
7152,0.19507368,0.19507368,0.058986723,0.04455304,0.014433681,0.17858195304870605
7153,0.19474939,0.19474939,0.056720633,0.04356561,0.013155024,0.17406988143920898
7154,0.19484079,0.19484079,0.0618818,0.04632288,0.015558922,0.16369891166687012
7155,0.19506893,0.19506893,0.061043933,0.04525903,0.015784902,0.16421937942504883,0.07003586,0.07003586
7156,0.19492047,0.19492047,0.06107892,0.045495417,0.015583505,0.16682171821594238
7157,0.19491646,0.19491646,0.06099025,0.04600922,0.0149810305,0.16302084922790527
7158,0.19504791,0.19504791,0.05908,0.04322901,0.015850991,0.17062830924987793
7159,0.19494283,0.19494283,0.058872093,0.044539995,0.014332096,0.17749285697937012
7160,0.19515616,0.19515616,0.052988615,0.038273536,0.014715078,0.17006278038024902,0.06966479,0.06966479
7161,0.19495584,0.19495584,0.059176527,0.044632655,0.01454387,0.17082715034484863
7162,0.19491115,0.19491115,0.057014424,0.0432839,0.013730525,0.1682887077331543
7163,0.19514285,0.19514285,0.05775281,0.041700684,0.016052125,0.16263127326965332
7164,0.19471188,0.19471188,0.05675289,0.04044042,0.016312467,0.16304445266723633
7165,0.19472115,0.19472115,0.0643238,0.046007957,0.018315837,0.16251587867736816,0.069439985,0.069439985
7166,0.1951551,0.1951551,0.05486917,0.041357476,0.013511695,0.16477680206298828
7167,0.19479172,0.19479172,0.06200137,0.045997437,0.016003935,0.16608214378356934
7168,0.1955302,0.1955302,0.053690683,0.038522147,0.015168537,0.16286396980285645
7169,0.1945159,0.1945159,0.060561102,0.04593827,0.0146228345,0.1649770736694336
7170,0.19524297,0.19524297,0.04993725,0.03614643,0.013790818,0.16283226013183594,0.06946847,0.06946847
7171,0.19502136,0.19502136,0.059906714,0.044533323,0.015373392,0.17045283317565918
7172,0.19472805,0.19472805,0.058454756,0.04355699,0.014897768,0.1740124225616455
7173,0.19475861,0.19475861,0.059926458,0.045119766,0.01480669,0.1729741096496582
7174,0.1950654,0.1950654,0.05975112,0.04462299,0.015128128,0.17025160789489746
7175,0.19493999,0.19493999,0.05649823,0.042168215,0.014330013,0.1702110767364502,0.0695779,0.0695779
7176,0.19533908,0.19533908,0.060683873,0.046143766,0.014540107,0.17013239860534668
7177,0.19473958,0.19473958,0.056466784,0.043038376,0.013428408,0.1713252067565918
7178,0.19493808,0.19493808,0.056390766,0.043188963,0.013201803,0.17235469818115234
7179,0.19504611,0.19504611,0.059628665,0.04518414,0.014444526,0.1768946647644043
7180,0.19470769,0.19470769,0.05297281,0.03883439,0.014138419,0.17711257934570312,0.0694896,0.0694896
7181,0.19484472,0.19484472,0.055485737,0.041862927,0.013622809,0.17308378219604492
7182,0.19507292,0.19507292,0.05892795,0.04355004,0.01537791,0.1721794605255127
7183,0.19515815,0.19515815,0.05922762,0.043061305,0.016166314,0.17097878456115723
7184,0.1953525,0.1953525,0.0572861,0.042583633,0.014702467,0.1706554889678955
7185,0.19509621,0.19509621,0.05518226,0.03994664,0.015235618,0.1714160442352295,0.069479845,0.069479845
7186,0.19481426,0.19481426,0.057777397,0.043942895,0.0138345035,0.17135143280029297
7187,0.19478057,0.19478057,0.05729928,0.045078263,0.012221016,0.17967700958251953
7188,0.1946413,0.1946413,0.05689178,0.042794324,0.014097455,0.17611360549926758
7189,0.19507349,0.19507349,0.05830817,0.044949427,0.01335874,0.1810753345489502
7190,0.19507153,0.19507153,0.059148043,0.045072243,0.0140758,0.17320847511291504,0.069454834,0.069454834
7191,0.19469558,0.19469558,0.058447022,0.042945337,0.015501686,0.1743302345275879
7192,0.19461028,0.19461028,0.06258218,0.046733208,0.015848968,0.17306971549987793
7193,0.19474013,0.19474013,0.057495568,0.042816836,0.0146787325,0.17227506637573242
7194,0.19467588,0.19467588,0.06114463,0.047878694,0.013265938,0.17908048629760742
7195,0.1947457,0.1947457,0.05908533,0.04613203,0.012953302,0.1719369888305664,0.06935694,0.06935694
7196,0.19467029,0.19467029,0.05363523,0.040579583,0.013055644,0.17304539680480957
7197,0.1947765,0.1947765,0.057843216,0.04358693,0.0142562855,0.17310452461242676
7198,0.1953673,0.1953673,0.062105536,0.04665613,0.015449404,0.1757218837738037
7199,0.19463593,0.19463593,0.057662435,0.042167213,0.015495221,0.17506647109985352
7200,0.19477299,0.19477299,0.0602504,0.044529006,0.015721397,0.17377924919128418,0.06934922,0.06934922
7201,0.19489841,0.19489841,0.0617095,0.045472175,0.016237326,0.16918301582336426
7202,0.19549291,0.19549291,0.05816821,0.043229975,0.014938235,0.17171549797058105
7203,0.19481346,0.19481346,0.053805996,0.040431082,0.013374914,0.16792964935302734
7204,0.19476658,0.19476658,0.055551536,0.03990919,0.015642347,0.17246460914611816
7205,0.19498661,0.19498661,0.05652419,0.04083675,0.01568744,0.18260765075683594,0.069483556,0.069483556
7206,0.19467895,0.19467895,0.062372714,0.044915374,0.01745734,0.18917393684387207
7207,0.19495557,0.19495557,0.059936542,0.04377774,0.0161588,0.17263531684875488
7208,0.19470032,0.19470032,0.057610102,0.04349272,0.014117383,0.1730644702911377
7209,0.1946604,0.1946604,0.059430942,0.04617911,0.013251832,0.1713392734527588
7210,0.19489542,0.19489542,0.054136932,0.039027844,0.015109089,0.1728956699371338,0.06949785,0.06949785
7211,0.19505012,0.19505012,0.061142847,0.04525303,0.015889818,0.17333149909973145
7212,0.1948114,0.1948114,0.061736315,0.04754214,0.0141941765,0.17284345626831055
7213,0.1950555,0.1950555,0.061784133,0.046151906,0.015632229,0.17354893684387207
7214,0.1947344,0.1947344,0.05758264,0.043140803,0.014441837,0.1754603385925293
7215,0.19463629,0.19463629,0.06045873,0.0449044,0.01555433,0.18320059776306152,0.06935185,0.06935185
7216,0.19490413,0.19490413,0.057796,0.04209496,0.015701042,0.17567801475524902
7217,0.1947055,0.1947055,0.057474628,0.042978004,0.014496624,0.17377853393554688
7218,0.19486456,0.19486456,0.058447536,0.04304197,0.0154055655,0.1728668212890625
7219,0.19455953,0.19455953,0.06040977,0.044605706,0.015804064,0.17336058616638184
7220,0.19545951,0.19545951,0.057772927,0.041840024,0.015932903,0.17293906211853027,0.06932611,0.06932611
7221,0.19465275,0.19465275,0.05749525,0.042497654,0.0149976,0.1736602783203125
7222,0.19479693,0.19479693,0.055536002,0.04085333,0.014682672,0.17289257049560547
7223,0.19485474,0.19485474,0.059500404,0.042806707,0.016693698,0.16719365119934082
7224,0.19478607,0.19478607,0.063041255,0.044503022,0.018538231,0.1805553436279297
7225,0.19471796,0.19471796,0.058882818,0.043470114,0.015412702,0.17954087257385254,0.06932187,0.06932187
7226,0.19488391,0.19488391,0.05900174,0.043945633,0.015056107,0.1740405559539795
7227,0.19564582,0.19564582,0.06230177,0.046504475,0.015797293,0.17223882675170898
7228,0.19452132,0.19452132,0.057017043,0.043595765,0.0134212775,0.17245912551879883
7229,0.19465047,0.19465047,0.06366487,0.047268823,0.01639605,0.17197918891906738
7230,0.19618575,0.19618575,0.05837124,0.043485377,0.014885863,0.1728823184967041,0.069339044,0.069339044
7231,0.19475944,0.19475944,0.060622677,0.04544591,0.015176766,0.17342185974121094
7232,0.19501588,0.19501588,0.05874152,0.044960253,0.013781268,0.17238521575927734
7233,0.19472112,0.19472112,0.05621157,0.04138114,0.014830428,0.17320632934570312
7234,0.19497466,0.19497466,0.056222696,0.04258328,0.013639416,0.17347073554992676
7235,0.19486457,0.19486457,0.060684334,0.045617815,0.015066519,0.1732921600341797,0.06939774,0.06939774
7236,0.19471714,0.19471714,0.061667934,0.046146296,0.015521638,0.17345762252807617
7237,0.19463982,0.19463982,0.060242932,0.045693114,0.014549817,0.1727278232574463
7238,0.19493869,0.19493869,0.06008714,0.04626373,0.013823413,0.17290139198303223
7239,0.19494106,0.19494106,0.055506296,0.042144034,0.013362262,0.17366504669189453
7240,0.19479038,0.19479038,0.0589934,0.044903852,0.014089545,0.17690610885620117,0.069370836,0.069370836
7241,0.19492885,0.19492885,0.053553015,0.03970483,0.013848185,0.17874717712402344
7242,0.19472565,0.19472565,0.05524199,0.04260366,0.01263833,0.17488312721252441
7243,0.19467299,0.19467299,0.061311603,0.04558654,0.015725061,0.17256712913513184
7244,0.19491285,0.19491285,0.05604404,0.042546384,0.013497655,0.1727900505065918
7245,0.1948871,0.1948871,0.05811529,0.045434285,0.012681003,0.17740583419799805,0.06935807,0.06935807
7246,0.19477694,0.19477694,0.056144524,0.042574134,0.013570392,0.17263507843017578
7247,0.19529346,0.19529346,0.058482617,0.044653315,0.013829303,0.17267537117004395
7248,0.19470753,0.19470753,0.05694505,0.04372823,0.013216821,0.17364096641540527
7249,0.19512942,0.19512942,0.058193572,0.043953445,0.014240129,0.1727139949798584
7250,0.19527003,0.19527003,0.056842912,0.04240159,0.0144413235,0.17119336128234863,0.070836656,0.070836656
7251,0.19514234,0.19514234,0.059692316,0.044558868,0.015133446,0.17223906517028809
7252,0.19526577,0.19526577,0.057093494,0.04316697,0.013926524,0.17266035079956055
7253,0.19482063,0.19482063,0.06167675,0.04603626,0.015640493,0.17227530479431152
7254,0.19493519,0.19493519,0.062866524,0.047083486,0.01578304,0.1672344207763672
7255,0.1946998,0.1946998,0.06100116,0.046521053,0.014480105,0.17117714881896973,0.070722125,0.070722125
7256,0.19493552,0.19493552,0.0608228,0.04471578,0.016107017,0.17415094375610352
7257,0.19471335,0.19471335,0.0600013,0.04559566,0.014405638,0.18222308158874512
7258,0.19502592,0.19502592,0.05901149,0.044280026,0.014731465,0.18284392356872559
7259,0.19483602,0.19483602,0.059845746,0.0429813,0.016864445,0.18050074577331543
7260,0.19509292,0.19509292,0.057712235,0.044093106,0.01361913,0.17364025115966797,0.07027463,0.07027463
7261,0.19483642,0.19483642,0.056687362,0.04176059,0.014926774,0.1725144386291504
7262,0.19502662,0.19502662,0.06382771,0.050907914,0.012919792,0.17244410514831543
7263,0.19498491,0.19498491,0.06323221,0.046515867,0.016716342,0.17223453521728516
7264,0.19494441,0.19494441,0.058473952,0.043895006,0.014578948,0.16852211952209473
7265,0.19505012,0.19505012,0.06434303,0.047788337,0.016554689,0.17229890823364258,0.06993618,0.06993618
7266,0.1945869,0.1945869,0.058241177,0.044006154,0.014235024,0.17085742950439453
7267,0.19502205,0.19502205,0.06356021,0.04671866,0.016841548,0.17660021781921387
7268,0.19474867,0.19474867,0.060965076,0.04584176,0.015123313,0.171860933303833
7269,0.19518527,0.19518527,0.05998745,0.045102846,0.014884603,0.17245721817016602
7270,0.19487323,0.19487323,0.061482713,0.044630136,0.016852578,0.1728217601776123,0.06976941,0.06976941
7271,0.19513153,0.19513153,0.06383014,0.04912801,0.01470213,0.17368793487548828
7272,0.1948324,0.1948324,0.060477063,0.04362557,0.016851492,0.17283916473388672
7273,0.1947541,0.1947541,0.060621433,0.04353973,0.017081704,0.17268848419189453
7274,0.19507702,0.19507702,0.060877323,0.045971207,0.014906117,0.17480921745300293
7275,0.19500197,0.19500197,0.05898184,0.043687426,0.015294414,0.17745065689086914,0.069836594,0.069836594
7276,0.19526266,0.19526266,0.056867365,0.040073976,0.016793389,0.1770188808441162
7277,0.19833192,0.19833192,0.05963152,0.043408,0.016223522,0.1776571273803711
7278,0.19490968,0.19490968,0.055755645,0.0421552,0.013600446,0.16956305503845215
7279,0.19473459,0.19473459,0.05681548,0.03962297,0.017192509,0.1730799674987793
7280,0.19496156,0.19496156,0.05884848,0.043658923,0.015189558,0.1727283000946045,0.070175245,0.070175245
7281,0.19481577,0.19481577,0.060224622,0.044290226,0.015934397,0.17255449295043945
7282,0.19484009,0.19484009,0.055448946,0.040313087,0.015135857,0.1730184555053711
7283,0.19465645,0.19465645,0.06047494,0.04492665,0.015548289,0.17400622367858887
7284,0.19463862,0.19463862,0.05952516,0.043138284,0.016386874,0.17397046089172363
7285,0.1969413,0.1969413,0.0606611,0.04475366,0.015907438,0.17294883728027344,0.070106916,0.070106916
7286,0.19528528,0.19528528,0.06038358,0.044257183,0.016126396,0.17323017120361328
7287,0.1949813,0.1949813,0.057814766,0.043455325,0.01435944,0.17202496528625488
7288,0.19497935,0.19497935,0.06330164,0.04669637,0.016605271,0.17360496520996094
7289,0.19504884,0.19504884,0.056477714,0.042133655,0.014344058,0.17230892181396484
7290,0.19587864,0.19587864,0.060729932,0.046184525,0.014545408,0.17241883277893066,0.0697391,0.0697391
7291,0.19493869,0.19493869,0.06340929,0.045446776,0.017962515,0.16733026504516602
7292,0.19457272,0.19457272,0.062099688,0.044528432,0.017571256,0.1832575798034668
7293,0.1947846,0.1947846,0.06065902,0.044067316,0.016591707,0.18206024169921875
7294,0.19504589,0.19504589,0.05257941,0.038588975,0.013990434,0.17917227745056152
7295,0.19895376,0.19895376,0.059296936,0.042702064,0.016594872,0.1665024757385254,0.06996918,0.06996918
7296,0.19500555,0.19500555,0.059583534,0.044236135,0.015347398,0.17968177795410156
7297,0.19528954,0.19528954,0.059026673,0.04287437,0.016152304,0.17331862449645996
7298,0.19472519,0.19472519,0.060092714,0.04567382,0.0144188935,0.17174315452575684
7299,0.19487122,0.19487122,0.05720766,0.042729046,0.014478611,0.1728651523590088
7300,0.19464329,0.19464329,0.06042061,0.04646712,0.01395349,0.1714327335357666,0.07126254,0.07126254
7301,0.19502479,0.19502479,0.055487756,0.041061815,0.01442594,0.17409873008728027
7302,0.19489127,0.19489127,0.055336095,0.04179166,0.013544438,0.17417073249816895
7303,0.19505745,0.19505745,0.060878195,0.04418493,0.016693266,0.17388653755187988
7304,0.19477881,0.19477881,0.059464328,0.044042956,0.01542137,0.17201781272888184
7305,0.1954916,0.1954916,0.06154666,0.046756297,0.0147903655,0.17290520668029785,0.07104983,0.07104983
7306,0.19488247,0.19488247,0.060754314,0.043612096,0.017142216,0.17245769500732422
7307,0.19463004,0.19463004,0.060176156,0.04471567,0.015460489,0.17247462272644043
7308,0.19496277,0.19496277,0.058729753,0.04240317,0.016326584,0.17304539680480957
7309,0.19587822,0.19587822,0.056721002,0.041551445,0.015169557,0.1740553379058838
7310,0.19515747,0.19515747,0.05542173,0.04071771,0.01470402,0.1813068389892578,0.07056988,0.07056988
7311,0.19486701,0.19486701,0.056029018,0.041029193,0.014999825,0.1812140941619873
7312,0.19473746,0.19473746,0.059567608,0.044818554,0.014749056,0.17712807655334473
7313,0.19505723,0.19505723,0.056653246,0.04286043,0.013792815,0.1679699420928955
7314,0.19484203,0.19484203,0.05851509,0.04392986,0.014585231,0.17356204986572266
7315,0.19479156,0.19479156,0.05997116,0.043350372,0.01662079,0.17411327362060547,0.07019796,0.07019796
7316,0.1947801,0.1947801,0.059849173,0.043994475,0.015854698,0.1683056354522705
7317,0.19485503,0.19485503,0.057711925,0.04264503,0.015066895,0.17338824272155762
7318,0.19514802,0.19514802,0.056673124,0.04271704,0.013956084,0.1744372844696045
7319,0.19501638,0.19501638,0.062415726,0.045448348,0.016967377,0.18458199501037598
7320,0.19480784,0.19480784,0.053863037,0.040063985,0.013799052,0.18111324310302734,0.069723435,0.069723435
7321,0.19627798,0.19627798,0.05790026,0.042534262,0.015365998,0.1750810146331787
7322,0.19486396,0.19486396,0.059095513,0.04438177,0.014713741,0.17204809188842773
7323,0.19495805,0.19495805,0.061272353,0.045165,0.016107352,0.17301273345947266
7324,0.19472887,0.19472887,0.057878442,0.04199579,0.015882652,0.1741631031036377
7325,0.1951209,0.1951209,0.06253831,0.045122404,0.017415904,0.16761469841003418,0.06957815,0.06957815
7326,0.19496791,0.19496791,0.055689495,0.04128103,0.014408465,0.1740281581878662
7327,0.19493338,0.19493338,0.059720065,0.044917475,0.014802591,0.1712958812713623
7328,0.19512749,0.19512749,0.05595669,0.04208357,0.0138731245,0.18479681015014648
7329,0.19479735,0.19479735,0.059865456,0.044377867,0.015487589,0.1723339557647705
7330,0.19472334,0.19472334,0.054927435,0.039221685,0.01570575,0.17170977592468262,0.06946084,0.06946084
7331,0.19478436,0.19478436,0.057498217,0.04236439,0.015133826,0.17177534103393555
7332,0.1954854,0.1954854,0.057342917,0.0426124,0.014730519,0.17077970504760742
7333,0.19496669,0.19496669,0.05721227,0.04237883,0.01483344,0.17108631134033203
7334,0.19479018,0.19479018,0.060591184,0.045466885,0.015124298,0.17145729064941406
7335,0.19517909,0.19517909,0.05589891,0.04098788,0.0149110295,0.1701061725616455,0.06938006,0.06938006
7336,0.1951277,0.1951277,0.059813287,0.04633169,0.013481597,0.17900657653808594
7337,0.19472817,0.19472817,0.056833632,0.041527994,0.015305637,0.18099069595336914
7338,0.19624609,0.19624609,0.05789668,0.042611,0.015285682,0.1758124828338623
7339,0.19467585,0.19467585,0.06295649,0.047300886,0.015655605,0.16649866104125977
7340,0.1948719,0.1948719,0.063907795,0.04864221,0.015265587,0.1654651165008545,0.06935199,0.06935199
7341,0.1946458,0.1946458,0.058131564,0.04451107,0.013620496,0.17041993141174316
7342,0.19495933,0.19495933,0.061033607,0.04543018,0.015603428,0.1705329418182373
7343,0.19522463,0.19522463,0.061313603,0.045715533,0.015598071,0.17189860343933105
7344,0.19574451,0.19574451,0.057432413,0.043318305,0.014114106,0.17572689056396484
7345,0.1947208,0.1947208,0.057285707,0.042834256,0.014451451,0.17484354972839355,0.06945618,0.06945618
7346,0.19510682,0.19510682,0.057998687,0.04360614,0.014392548,0.17414259910583496
7347,0.1946797,0.1946797,0.0591377,0.044278707,0.014858991,0.17152094841003418
7348,0.19500595,0.19500595,0.058963045,0.04339881,0.015564237,0.17058038711547852
7349,0.19552165,0.19552165,0.060422156,0.04564634,0.014775817,0.17127418518066406
7350,0.1948446,0.1948446,0.061375815,0.047294986,0.014080831,0.16981792449951172,0.07038915,0.07038915
7351,0.19481558,0.19481558,0.062762246,0.04714676,0.015615487,0.17200994491577148
7352,0.19522439,0.19522439,0.054731514,0.04012726,0.0146042565,0.18127965927124023
7353,0.19475678,0.19475678,0.06075284,0.044680484,0.016072355,0.16944098472595215
7354,0.19499187,0.19499187,0.057746965,0.042577572,0.015169393,0.17398333549499512
7355,0.19482,0.19482,0.056627758,0.04271479,0.013912969,0.17082953453063965,0.07027678,0.07027678
7356,0.1947476,0.1947476,0.057650138,0.042262945,0.015387191,0.1666243076324463
7357,0.19490391,0.19490391,0.062551364,0.047517575,0.015033789,0.17122387886047363
7358,0.19457981,0.19457981,0.05584461,0.041010555,0.014834055,0.17008614540100098
7359,0.19498459,0.19498459,0.0601764,0.044861436,0.015314964,0.17008209228515625
7360,0.19506767,0.19506767,0.054797366,0.04026941,0.014527958,0.18097281455993652,0.06968587,0.06968587
7361,0.19455577,0.19455577,0.06063648,0.04519709,0.015439391,0.16959786415100098
7362,0.19469854,0.19469854,0.05078766,0.037483476,0.013304185,0.17605090141296387
7363,0.19481926,0.19481926,0.058078047,0.043286614,0.014791432,0.17140460014343262
7364,0.19468997,0.19468997,0.05332867,0.03862092,0.014707753,0.17058157920837402
7365,0.19465107,0.19465107,0.0578745,0.044134047,0.013740454,0.16974115371704102,0.06947203,0.06947203
7366,0.19483289,0.19483289,0.058510423,0.045617826,0.012892596,0.17028498649597168
7367,0.19470829,0.19470829,0.06191842,0.04570709,0.016211327,0.17027735710144043
7368,0.1947938,0.1947938,0.06262757,0.04607921,0.016548362,0.17112517356872559
7369,0.19470774,0.19470774,0.056502163,0.04342988,0.01307228,0.17502045631408691
7370,0.19506,0.19506,0.059938893,0.04474677,0.015192121,0.16655898094177246,0.069527626,0.069527626
7371,0.19475739,0.19475739,0.05769552,0.045081533,0.012613987,0.16990971565246582
7372,0.19481346,0.19481346,0.061305508,0.046761326,0.01454418,0.16708850860595703
7373,0.19456257,0.19456257,0.05424995,0.039915845,0.014334104,0.17106199264526367
7374,0.19454105,0.19454105,0.055399798,0.04269087,0.012708927,0.1713423728942871
7375,0.19497812,0.19497812,0.059443112,0.043652687,0.015790425,0.16918516159057617,0.069582134,0.069582134
7376,0.19478035,0.19478035,0.05689468,0.042939045,0.013955634,0.18187355995178223
7377,0.19535889,0.19535889,0.057866096,0.042608116,0.015257979,0.174025297164917
7378,0.1945933,0.1945933,0.05911898,0.042478617,0.016640363,0.16495347023010254
7379,0.19476306,0.19476306,0.057778854,0.04230354,0.015475314,0.17193293571472168
7380,0.19467193,0.19467193,0.06279192,0.047176763,0.015615156,0.16912484169006348,0.0694209,0.0694209
7381,0.19458145,0.19458145,0.057557046,0.04286116,0.014695885,0.17200922966003418
7382,0.19451056,0.19451056,0.057833396,0.04296723,0.014866167,0.16580867767333984
7383,0.19489543,0.19489543,0.057517305,0.041997474,0.015519832,0.1751391887664795
7384,0.19479847,0.19479847,0.05527436,0.039916817,0.015357544,0.16995453834533691
7385,0.19447537,0.19447537,0.053724863,0.03865317,0.015071692,0.17127680778503418,0.06936931,0.06936931
7386,0.19539158,0.19539158,0.057004273,0.042946387,0.014057887,0.1710524559020996
7387,0.19465473,0.19465473,0.058468617,0.044165306,0.014303314,0.17000436782836914
7388,0.19481075,0.19481075,0.06359851,0.04708323,0.016515283,0.17073893547058105
7389,0.19505134,0.19505134,0.058208007,0.042894434,0.015313573,0.17073440551757812
7390,0.1949264,0.1949264,0.06433329,0.046115495,0.018217796,0.17251253128051758,0.069386,0.069386
7391,0.19577254,0.19577254,0.05951959,0.044257976,0.015261611,0.17763948440551758
7392,0.19551788,0.19551788,0.060806625,0.046111077,0.014695546,0.17688441276550293
7393,0.19481285,0.19481285,0.055195052,0.041483372,0.01371168,0.17740178108215332
7394,0.19443788,0.19443788,0.059198976,0.043699212,0.015499761,0.1718883514404297
7395,0.19465174,0.19465174,0.060995154,0.045405056,0.015590099,0.17094135284423828,0.0698799,0.0698799
7396,0.19469653,0.19469653,0.05805568,0.042047933,0.016007748,0.1688826084136963
7397,0.19512415,0.19512415,0.061582312,0.047143318,0.014438992,0.17308330535888672
7398,0.19459717,0.19459717,0.06189976,0.04606871,0.015831051,0.17066454887390137
7399,0.19461052,0.19461052,0.05956094,0.04286827,0.01669267,0.1667637825012207
7400,0.19535547,0.19535547,0.05587401,0.040057868,0.01581614,0.17691731452941895,0.0696232,0.0696232
7401,0.19474977,0.19474977,0.05815025,0.043956712,0.014193538,0.16516828536987305
7402,0.1945628,0.1945628,0.05620449,0.040465757,0.015738733,0.17220783233642578
7403,0.19479081,0.19479081,0.057383943,0.044246025,0.013137918,0.17172598838806152
7404,0.19492777,0.19492777,0.05945286,0.04454836,0.014904502,0.16558504104614258
7405,0.19463079,0.19463079,0.058040604,0.042582754,0.015457848,0.1662435531616211,0.06941993,0.06941993
7406,0.1948696,0.1948696,0.054236364,0.041101933,0.013134431,0.16526031494140625
7407,0.19450027,0.19450027,0.06038262,0.044305135,0.016077485,0.1746654510498047
7408,0.19470565,0.19470565,0.055133455,0.041078635,0.014054822,0.17193388938903809
7409,0.19491227,0.19491227,0.0582102,0.042923287,0.015286915,0.17081546783447266
7410,0.1945047,0.1945047,0.0574534,0.041464053,0.015989346,0.17139196395874023,0.06936044,0.06936044
7411,0.19471744,0.19471744,0.057941075,0.043459233,0.0144818425,0.17145657539367676
7412,0.19457252,0.19457252,0.062003523,0.046365436,0.015638085,0.1711745262145996
7413,0.19464397,0.19464397,0.062188,0.047623795,0.014564205,0.16830968856811523
7414,0.19485228,0.19485228,0.05901201,0.04366518,0.01534683,0.18021011352539062
7415,0.19448031,0.19448031,0.06332611,0.04802611,0.015300004,0.17866969108581543,0.06935151,0.06935151
7416,0.19522871,0.19522871,0.05694506,0.04338258,0.013562478,0.17226219177246094
7417,0.19438423,0.19438423,0.05723034,0.042800352,0.014429986,0.16720128059387207
7418,0.19461314,0.19461314,0.058683418,0.043188248,0.015495171,0.16802668571472168
7419,0.19496104,0.19496104,0.055961117,0.04065291,0.015308211,0.17180848121643066
7420,0.19471115,0.19471115,0.05991151,0.043661762,0.016249752,0.17107415199279785,0.06939542,0.06939542
7421,0.1948249,0.1948249,0.062349968,0.04675731,0.015592659,0.17010927200317383
7422,0.19483359,0.19483359,0.057221323,0.040844757,0.016376568,0.1719036102294922
7423,0.19460416,0.19460416,0.052431807,0.038242448,0.014189359,0.1714928150177002
7424,0.19464584,0.19464584,0.055329062,0.039864823,0.015464237,0.17118358612060547
7425,0.19450402,0.19450402,0.054830525,0.04087758,0.013952944,0.1699674129486084,0.06945596,0.06945596
7426,0.19471958,0.19471958,0.056917433,0.041844103,0.01507333,0.1706540584564209
7427,0.19460058,0.19460058,0.059503727,0.04383696,0.015666766,0.17122840881347656
7428,0.19462895,0.19462895,0.059775874,0.044304658,0.015471218,0.1706984043121338
7429,0.19453093,0.19453093,0.05856869,0.045475796,0.013092894,0.17539644241333008
7430,0.19475162,0.19475162,0.058791053,0.044249475,0.0145415785,0.16705036163330078,0.06940695,0.06940695
7431,0.19451778,0.19451778,0.058625773,0.044034943,0.014590831,0.1715540885925293
7432,0.1946673,0.1946673,0.057654925,0.042989828,0.014665097,0.1708052158355713
7433,0.19461234,0.19461234,0.055515043,0.04015818,0.015356864,0.17140579223632812
7434,0.19468784,0.19468784,0.05862119,0.04341128,0.015209909,0.1705026626586914
7435,0.19460747,0.19460747,0.05927682,0.042865034,0.016411785,0.17156076431274414,0.0693587,0.0693587
7436,0.19496767,0.19496767,0.059570543,0.045039102,0.014531443,0.17180514335632324
7437,0.19478588,0.19478588,0.058257367,0.043742273,0.014515095,0.17729735374450684
7438,0.1943779,0.1943779,0.061110687,0.045546163,0.015564523,0.17940449714660645
7439,0.19452088,0.19452088,0.057135012,0.042400114,0.014734897,0.16828322410583496
7440,0.19449966,0.19449966,0.05517789,0.040712763,0.014465128,0.16494131088256836,0.06933167,0.06933167
7441,0.19440727,0.19440727,0.06231302,0.04495544,0.017357579,0.16968226432800293
7442,0.1943367,0.1943367,0.055124525,0.0405124,0.014612124,0.17100119590759277
7443,0.19463126,0.19463126,0.054457165,0.04037231,0.014084859,0.17139601707458496
7444,0.19462085,0.19462085,0.05775825,0.04270946,0.015048791,0.17187738418579102
7445,0.19430637,0.19430637,0.05926173,0.044645343,0.014616388,0.17978382110595703,0.069331326,0.069331326
7446,0.19442739,0.19442739,0.056871668,0.042591587,0.014280081,0.17614388465881348
7447,0.1944672,0.1944672,0.056417845,0.041814618,0.014603228,0.1729750633239746
7448,0.19432272,0.19432272,0.056598663,0.04282451,0.013774152,0.17968034744262695
7449,0.19467258,0.19467258,0.05998481,0.044649202,0.01533561,0.17310142517089844
7450,0.1943967,0.1943967,0.05425857,0.039929528,0.014329043,0.17267799377441406,0.06932854,0.06932854
7451,0.19445896,0.19445896,0.06085306,0.045081515,0.015771545,0.17293095588684082
7452,0.19453767,0.19453767,0.06456866,0.04726205,0.01730661,0.17231535911560059
7453,0.19424264,0.19424264,0.056610435,0.040669143,0.015941292,0.1738293170928955
7454,0.1944818,0.1944818,0.05459803,0.041839175,0.012758854,0.18254566192626953
7455,0.19470306,0.19470306,0.05870182,0.044792056,0.0139097655,0.1805739402770996,0.06932249,0.06932249
7456,0.19617866,0.19617866,0.05915841,0.04353796,0.015620451,0.17448759078979492
7457,0.19453406,0.19453406,0.05530866,0.03931182,0.01599684,0.17285799980163574
7458,0.19508965,0.19508965,0.055861354,0.04150833,0.014353024,0.17308568954467773
7459,0.19493328,0.19493328,0.05799514,0.04270042,0.015294721,0.17322015762329102
7460,0.19436604,0.19436604,0.059849374,0.04394082,0.015908556,0.17299914360046387,0.069324784,0.069324784
7461,0.19445215,0.19445215,0.05815575,0.039778147,0.018377602,0.17339396476745605
7462,0.1946207,0.1946207,0.0570871,0.041182186,0.015904916,0.16725993156433105
7463,0.19437358,0.19437358,0.0600895,0.04518539,0.014904109,0.18121623992919922
7464,0.19446154,0.19446154,0.060052417,0.045943506,0.014108912,0.1737508773803711
7465,0.19453388,0.19453388,0.060240492,0.043523744,0.01671675,0.17433500289916992,0.06932757,0.06932757
7466,0.19426505,0.19426505,0.05732922,0.043114524,0.014214694,0.17452144622802734
7467,0.19494659,0.19494659,0.059984997,0.0421604,0.017824598,0.17352032661437988
7468,0.19426368,0.19426368,0.0580026,0.04325864,0.014743957,0.17366552352905273
7469,0.19443175,0.19443175,0.05646047,0.04070988,0.015750589,0.1732158660888672
7470,0.19447698,0.19447698,0.059916683,0.043672614,0.016244067,0.17331981658935547,0.06932553,0.06932553
7471,0.1945269,0.1945269,0.05951692,0.043379914,0.016137006,0.17570877075195312
7472,0.19457518,0.19457518,0.05349138,0.040143616,0.013347764,0.18429112434387207
7473,0.1943826,0.1943826,0.057595745,0.04282439,0.014771353,0.18349814414978027
7474,0.19431926,0.19431926,0.056564867,0.03893006,0.017634807,0.18066191673278809
7475,0.19426127,0.19426127,0.05900978,0.044398494,0.014611284,0.17340803146362305,0.06932596,0.06932596
7476,0.19460455,0.19460455,0.05473828,0.04023961,0.01449867,0.17449188232421875
7477,0.19435535,0.19435535,0.05700996,0.043817274,0.013192688,0.17400074005126953
7478,0.19439535,0.19439535,0.056539778,0.041836895,0.014702882,0.1739027500152588
7479,0.19436884,0.19436884,0.059699673,0.045172185,0.0145274885,0.17420244216918945
7480,0.19446509,0.19446509,0.056985527,0.042353984,0.014631544,0.1742262840270996,0.069331564,0.069331564
7481,0.19448426,0.19448426,0.059632797,0.04440332,0.015229479,0.1748979091644287
7482,0.1943885,0.1943885,0.06034213,0.045351367,0.014990762,0.18039584159851074
7483,0.19456117,0.19456117,0.056543157,0.0424394,0.014103754,0.18430066108703613
7484,0.19451533,0.19451533,0.052978452,0.038775753,0.0142027,0.18054795265197754
7485,0.19508377,0.19508377,0.05694753,0.04268159,0.014265939,0.17551565170288086,0.069334745,0.069334745
7486,0.19468907,0.19468907,0.059781775,0.043450277,0.016331498,0.17216038703918457
7487,0.1944705,0.1944705,0.057827245,0.043326434,0.014500811,0.1735997200012207
7488,0.19469677,0.19469677,0.05781138,0.042201996,0.015609382,0.17519903182983398
7489,0.19476314,0.19476314,0.059412077,0.04378382,0.015628254,0.17475485801696777
7490,0.1943657,0.1943657,0.055772454,0.04188333,0.013889124,0.17341971397399902,0.06976958,0.06976958
7491,0.19462596,0.19462596,0.055535335,0.04040552,0.015129817,0.17625975608825684
7492,0.19499665,0.19499665,0.05015343,0.03653133,0.013622101,0.1812746524810791
7493,0.19453445,0.19453445,0.057469323,0.042447172,0.015022149,0.1776885986328125
7494,0.19440122,0.19440122,0.054923233,0.040501572,0.0144216595,0.17330503463745117
7495,0.19451076,0.19451076,0.054986976,0.04181246,0.013174517,0.1732804775238037,0.06978312,0.06978312
7496,0.19443241,0.19443241,0.059509978,0.043112017,0.01639796,0.1735975742340088
7497,0.19458573,0.19458573,0.058919005,0.043606408,0.015312599,0.17371606826782227
7498,0.19434562,0.19434562,0.05938317,0.044077005,0.015306164,0.1743786334991455
7499,0.19426312,0.19426312,0.05738967,0.042974744,0.014414924,0.1813051700592041
7500,0.19438924,0.19438924,0.05741454,0.042658903,0.014755636,0.1732194423675537,0.06936421,0.06936421
7501,0.19566703,0.19566703,0.05889107,0.043467022,0.015424046,0.17446255683898926
7502,0.19445004,0.19445004,0.052046828,0.037682474,0.014364354,0.18478059768676758
7503,0.19434366,0.19434366,0.060486052,0.045407664,0.015078389,0.18364548683166504
7504,0.19447254,0.19447254,0.053858142,0.040268652,0.013589491,0.18043828010559082
7505,0.19485494,0.19485494,0.058577538,0.042680833,0.015896702,0.17319059371948242,0.069357656,0.069357656
7506,0.19449158,0.19449158,0.055242136,0.041264404,0.013977733,0.17367911338806152
7507,0.19449115,0.19449115,0.059114598,0.042997934,0.016116662,0.17264509201049805
7508,0.19435984,0.19435984,0.056926318,0.040966146,0.015960172,0.17384767532348633
7509,0.19443658,0.19443658,0.058170985,0.04230997,0.015861016,0.1727750301361084
7510,0.19442834,0.19442834,0.059816465,0.045629468,0.014186999,0.17618250846862793,0.06934032,0.06934032
7511,0.1942907,0.1942907,0.06080714,0.04409937,0.016707769,0.17424392700195312
7512,0.19433597,0.19433597,0.05703661,0.041722976,0.015313635,0.18263959884643555
7513,0.19442165,0.19442165,0.06093706,0.04494194,0.015995119,0.18209552764892578
7514,0.1944314,0.1944314,0.058379292,0.042449407,0.015929885,0.1822497844696045
7515,0.19436285,0.19436285,0.058319647,0.043281384,0.015038263,0.17583012580871582,0.06933397,0.06933397
7516,0.19459602,0.19459602,0.05723967,0.04142954,0.015810132,0.16562914848327637
7517,0.195674,0.195674,0.059519827,0.04476334,0.014756485,0.17221808433532715
7518,0.19444843,0.19444843,0.0574108,0.04293022,0.014480578,0.17155933380126953
7519,0.19477232,0.19477232,0.053528264,0.039089464,0.0144388005,0.17100214958190918
7520,0.19441429,0.19441429,0.05917552,0.04458804,0.014587482,0.17067790031433105,0.06952525,0.06952525
7521,0.19461097,0.19461097,0.059387628,0.045228016,0.014159613,0.1838822364807129
7522,0.1943467,0.1943467,0.057563275,0.04218193,0.0153813455,0.18072748184204102
7523,0.19485193,0.19485193,0.058088116,0.043551132,0.014536982,0.17507243156433105
7524,0.19502662,0.19502662,0.056161933,0.04146699,0.014694945,0.17287707328796387
7525,0.19460121,0.19460121,0.058376048,0.042677652,0.015698396,0.17212629318237305,0.06961663,0.06961663
7526,0.19491659,0.19491659,0.057089508,0.043083057,0.014006451,0.17239904403686523
7527,0.19446322,0.19446322,0.057968214,0.04455194,0.013416276,0.17084264755249023
7528,0.19443676,0.19443676,0.058725633,0.042201523,0.016524112,0.1732780933380127
7529,0.1952625,0.1952625,0.061175168,0.045242697,0.015932472,0.1736164093017578
7530,0.19449875,0.19449875,0.056057,0.04159448,0.014462521,0.18245625495910645,0.069387935,0.069387935
7531,0.19465767,0.19465767,0.055820495,0.041051023,0.014769472,0.18149471282958984
7532,0.19467023,0.19467023,0.057474483,0.04232365,0.015150835,0.1757340431213379
7533,0.19452743,0.19452743,0.05772011,0.0431234,0.01459671,0.17215418815612793
7534,0.19431093,0.19431093,0.05516169,0.040935263,0.014226426,0.17258572578430176
7535,0.1944831,0.1944831,0.05964116,0.04569153,0.013949628,0.17251300811767578,0.06933906,0.06933906
7536,0.1944313,0.1944313,0.060236216,0.04382928,0.016406933,0.17034316062927246
7537,0.19442794,0.19442794,0.05925616,0.045012187,0.014243972,0.17092394828796387
7538,0.1944589,0.1944589,0.059553836,0.04440626,0.015147575,0.16664862632751465
7539,0.19476408,0.19476408,0.06244539,0.04693535,0.01551004,0.1717522144317627
7540,0.19448794,0.19448794,0.05570961,0.040286183,0.015423429,0.17089486122131348,0.06933053,0.06933053
7541,0.1943442,0.1943442,0.058071986,0.041791666,0.01628032,0.17331671714782715
7542,0.19434604,0.19434604,0.057848334,0.04217072,0.015677616,0.17253613471984863
7543,0.19447494,0.19447494,0.065451205,0.048580855,0.016870353,0.17249011993408203
7544,0.19454685,0.19454685,0.057617903,0.0414016,0.016216302,0.17165589332580566
7545,0.19455941,0.19455941,0.059642307,0.043105464,0.016536845,0.17346405982971191,0.06933225,0.06933225
7546,0.19431393,0.19431393,0.05859932,0.043280628,0.015318691,0.17264604568481445
7547,0.19835106,0.19835106,0.058853887,0.043653734,0.015200154,0.1807706356048584
7548,0.19568889,0.19568889,0.055266883,0.039546404,0.01572048,0.18156933784484863
7549,0.19447635,0.19447635,0.054220613,0.040369183,0.013851431,0.18914151191711426
7550,0.19481537,0.19481537,0.05785086,0.041021015,0.016829846,0.17466259002685547,0.06931864,0.06931864
7551,0.19487949,0.19487949,0.055076044,0.03988405,0.015191994,0.17284774780273438
7552,0.19703947,0.19703947,0.059160188,0.042339686,0.0168205,0.17358016967773438
7553,0.1962348,0.1962348,0.061295927,0.042303577,0.018992348,0.17354154586791992
7554,0.19474983,0.19474983,0.05688666,0.04254377,0.014342893,0.17293882369995117
7555,0.19476905,0.19476905,0.05955494,0.04446439,0.015090548,0.17277073860168457,0.06931963,0.06931963
7556,0.19474544,0.19474544,0.061688736,0.04568357,0.016005166,0.17336392402648926
7557,0.19490619,0.19490619,0.060959913,0.04538122,0.015578695,0.17328214645385742
7558,0.19485351,0.19485351,0.05842747,0.043561175,0.014866297,0.17229628562927246
7559,0.19471067,0.19471067,0.053780206,0.040186867,0.0135933375,0.17137575149536133
7560,0.19448718,0.19448718,0.05448124,0.040454935,0.014026306,0.17238831520080566,0.06931794,0.06931794
7561,0.19443473,0.19443473,0.05866613,0.043959778,0.01470635,0.1714308261871338
7562,0.1943709,0.1943709,0.059421536,0.043850653,0.015570882,0.17250776290893555
7563,0.19471101,0.19471101,0.054816604,0.040754575,0.01406203,0.17336630821228027
7564,0.19463253,0.19463253,0.057841867,0.041973755,0.01586811,0.17329931259155273
7565,0.19488989,0.19488989,0.05859372,0.043119755,0.015473965,0.1822373867034912,0.06931832,0.06931832
7566,0.1943813,0.1943813,0.056748733,0.041557096,0.015191638,0.18200016021728516
7567,0.19498445,0.19498445,0.052200556,0.03770595,0.014494606,0.1763448715209961
7568,0.1944564,0.1944564,0.05639434,0.042018153,0.014376185,0.17138957977294922
7569,0.1943544,0.1943544,0.05960752,0.043374427,0.016233094,0.17095947265625
7570,0.19453175,0.19453175,0.062787585,0.045197215,0.017590372,0.17110157012939453,0.06931789,0.06931789
7571,0.19467807,0.19467807,0.06175805,0.046925437,0.014832611,0.17071008682250977
7572,0.19461116,0.19461116,0.06064719,0.04459364,0.016053552,0.1717236042022705
7573,0.19467022,0.19467022,0.05471615,0.039534256,0.015181895,0.17363739013671875
7574,0.19461349,0.19461349,0.060136553,0.04298028,0.017156273,0.17958927154541016
7575,0.19439456,0.19439456,0.05661398,0.04085685,0.015757134,0.17734408378601074,0.06931521,0.06931521
7576,0.19605306,0.19605306,0.055468425,0.041215006,0.014253419,0.1715404987335205
7577,0.19459891,0.19459891,0.057348717,0.042682994,0.014665723,0.17155218124389648
7578,0.1946437,0.1946437,0.05894596,0.043761812,0.015184151,0.17190885543823242
7579,0.19484425,0.19484425,0.055487253,0.040401362,0.01508589,0.17171216011047363
7580,0.1944622,0.1944622,0.054695938,0.03914984,0.015546099,0.17282462120056152,0.07088698,0.07088698
7581,0.19463058,0.19463058,0.060059845,0.044394493,0.015665352,0.17075777053833008
7582,0.19469619,0.19469619,0.058839876,0.043473084,0.015366793,0.17865872383117676
7583,0.19672063,0.19672063,0.054617688,0.041309714,0.013307972,0.18170595169067383
7584,0.1958686,0.1958686,0.054311775,0.040095773,0.014216002,0.1802363395690918
7585,0.19529215,0.19529215,0.05676031,0.041575205,0.015185108,0.17453598976135254,0.071355745,0.071355745
7586,0.19474025,0.19474025,0.056859467,0.040476944,0.016382523,0.17125558853149414
7587,0.19486298,0.19486298,0.061528254,0.04641681,0.015111442,0.1729588508605957
7588,0.1952082,0.1952082,0.055810697,0.04119147,0.0146192275,0.17311310768127441
7589,0.19506939,0.19506939,0.05655077,0.04289019,0.01366058,0.17411184310913086
7590,0.19511224,0.19511224,0.054079764,0.040514193,0.01356557,0.1747910976409912,0.07094493,0.07094493
7591,0.19520389,0.19520389,0.060675636,0.04315436,0.017521275,0.1816408634185791
7592,0.19527689,0.19527689,0.05911287,0.043212317,0.015900554,0.18095660209655762
7593,0.19473484,0.19473484,0.057614997,0.043412022,0.014202974,0.18318438529968262
7594,0.1945884,0.1945884,0.060449403,0.044317424,0.016131978,0.18281054496765137
7595,0.19477476,0.19477476,0.05217021,0.0393401,0.012830109,0.17645478248596191,0.06986434,0.06986434
7596,0.19475345,0.19475345,0.05737061,0.043384537,0.013986072,0.1729130744934082
7597,0.1947237,0.1947237,0.062003344,0.04463066,0.01737268,0.17325067520141602
7598,0.19476345,0.19476345,0.05809061,0.04308315,0.01500746,0.17311978340148926
7599,0.19446266,0.19446266,0.055291045,0.04041702,0.014874027,0.16656899452209473
7600,0.19515091,0.19515091,0.058214117,0.041612368,0.016601749,0.17986106872558594,0.06953029,0.06953029
7601,0.19502853,0.19502853,0.056544375,0.04107268,0.015471692,0.17357540130615234
7602,0.19483958,0.19483958,0.063563585,0.048086885,0.015476699,0.17798733711242676
7603,0.19563948,0.19563948,0.05321652,0.03924104,0.013975482,0.16787052154541016
7604,0.19471648,0.19471648,0.06037142,0.045522906,0.014848516,0.16727542877197266
7605,0.1946215,0.1946215,0.055108964,0.039450936,0.015658028,0.17305588722229004,0.06949999,0.06949999
7606,0.19471237,0.19471237,0.058607593,0.04374748,0.014860114,0.1729869842529297
7607,0.19502814,0.19502814,0.057281554,0.040709812,0.016571743,0.17244243621826172
7608,0.19462763,0.19462763,0.058389246,0.040746026,0.017643219,0.1731281280517578
7609,0.1971317,0.1971317,0.056309767,0.04106056,0.015249208,0.17680954933166504
7610,0.19473736,0.19473736,0.058630735,0.042450745,0.016179992,0.18455076217651367,0.06955933,0.06955933
7611,0.19480258,0.19480258,0.05992955,0.044526096,0.015403451,0.1853656768798828
7612,0.1946991,0.1946991,0.05540453,0.040665284,0.014739246,0.17995381355285645
7613,0.19473654,0.19473654,0.054728866,0.04148069,0.0132481735,0.17433905601501465
7614,0.19502711,0.19502711,0.05610249,0.04010269,0.015999798,0.17320728302001953
7615,0.19482872,0.19482872,0.05712629,0.04170546,0.015420834,0.17256641387939453,0.06966114,0.06966114
7616,0.19480182,0.19480182,0.057854142,0.043077935,0.014776207,0.1664121150970459
7617,0.19457145,0.19457145,0.057001755,0.042186413,0.014815342,0.17255449295043945
7618,0.19464451,0.19464451,0.05798918,0.041499607,0.016489571,0.17784810066223145
7619,0.19466947,0.19466947,0.05972711,0.04331815,0.01640896,0.1737825870513916
7620,0.19447139,0.19447139,0.05482459,0.03972007,0.015104521,0.18394255638122559,0.06983237,0.06983237
7621,0.19446449,0.19446449,0.058003593,0.043265283,0.014738311,0.17088794708251953
7622,0.19478478,0.19478478,0.05727464,0.041513015,0.015761625,0.17289495468139648
7623,0.19461761,0.19461761,0.061129436,0.0445962,0.016533237,0.1722855567932129
7624,0.19459003,0.19459003,0.053474486,0.038079906,0.015394578,0.1663978099822998
7625,0.19441497,0.19441497,0.058169574,0.042893007,0.015276565,0.16697049140930176,0.06980985,0.06980985
7626,0.19477744,0.19477744,0.05947428,0.042466808,0.01700747,0.1731257438659668
7627,0.19444545,0.19444545,0.059984222,0.044172786,0.015811436,0.17292046546936035
7628,0.19468297,0.19468297,0.057120673,0.040421966,0.016698709,0.1829512119293213
7629,0.19450402,0.19450402,0.060697608,0.043828063,0.016869543,0.17981576919555664
7630,0.19472276,0.19472276,0.053534586,0.038143624,0.015390963,0.1720867156982422,0.06959966,0.06959966
7631,0.19449222,0.19449222,0.058190107,0.042630173,0.015559936,0.17151856422424316
7632,0.19473644,0.19473644,0.056840926,0.03954007,0.017300855,0.17203903198242188
7633,0.1943468,0.1943468,0.0589585,0.041916613,0.017041886,0.17128396034240723
7634,0.19452132,0.19452132,0.05546569,0.039569687,0.015896004,0.17163968086242676
7635,0.19477993,0.19477993,0.057593886,0.04084408,0.016749807,0.16746234893798828,0.06942602,0.06942602
7636,0.19453882,0.19453882,0.055007514,0.03866354,0.016343974,0.17765569686889648
7637,0.19448455,0.19448455,0.057730258,0.041382596,0.016347663,0.17619085311889648
7638,0.19429208,0.19429208,0.05498115,0.04169173,0.013289416,0.17881345748901367
7639,0.19458736,0.19458736,0.055574734,0.040412616,0.015162118,0.17340373992919922
7640,0.19442707,0.19442707,0.05836036,0.04178996,0.016570399,0.16806697845458984,0.069382,0.069382
7641,0.19450481,0.19450481,0.058060326,0.041392606,0.016667718,0.17149949073791504
7642,0.19453323,0.19453323,0.062949315,0.04752805,0.015421268,0.1678910255432129
7643,0.19440228,0.19440228,0.056522053,0.041992012,0.014530039,0.1723799705505371
7644,0.19451778,0.19451778,0.056452088,0.040273365,0.016178723,0.17314839363098145
7645,0.19459268,0.19459268,0.060315616,0.044919327,0.0153962895,0.16631364822387695,0.06935725,0.06935725
7646,0.19458126,0.19458126,0.0542072,0.039541762,0.014665436,0.16736888885498047
7647,0.19438379,0.19438379,0.054496437,0.03987947,0.014616966,0.16587042808532715
7648,0.1943023,0.1943023,0.062847294,0.04691649,0.015930803,0.17135214805603027
7649,0.1954243,0.1954243,0.055027544,0.04154728,0.013480267,0.16888070106506348
7650,0.19481681,0.19481681,0.05829601,0.041787356,0.016508652,0.17329120635986328,0.0693771,0.0693771
7651,0.19446,0.19446,0.060035504,0.04487871,0.0151567925,0.18968892097473145
7652,0.19468097,0.19468097,0.058064915,0.042008344,0.01605657,0.18291759490966797
7653,0.19460292,0.19460292,0.058052965,0.04330964,0.014743323,0.18301939964294434
7654,0.1948088,0.1948088,0.055675846,0.04035289,0.015322956,0.173004150390625
7655,0.19447006,0.19447006,0.06124819,0.044487223,0.016760968,0.16843438148498535,0.06940728,0.06940728
7656,0.1946961,0.1946961,0.06195572,0.045299124,0.016656596,0.17277288436889648
7657,0.19462816,0.19462816,0.060283348,0.04414974,0.016133605,0.17273879051208496
7658,0.19802469,0.19802469,0.05633294,0.041157432,0.015175507,0.16725993156433105
7659,0.19755244,0.19755244,0.05785363,0.042355422,0.015498212,0.16609692573547363
7660,0.19819228,0.19819228,0.055500213,0.04019253,0.0153076835,0.17142701148986816,0.06948867,0.06948867
7661,0.19816865,0.19816865,0.05580865,0.04146034,0.0143483095,0.17266321182250977
7662,0.19455852,0.19455852,0.054532785,0.038998112,0.015534672,0.1758894920349121
7663,0.19529814,0.19529814,0.05656464,0.040559642,0.016004998,0.16706371307373047
7664,0.20159072,0.20159072,0.059082218,0.045808133,0.013274085,0.17372703552246094
7665,0.19512779,0.19512779,0.059826877,0.042661864,0.017165013,0.17463278770446777,0.06981659,0.06981659
7666,0.19484302,0.19484302,0.06078077,0.046302713,0.014478059,0.17331576347351074
7667,0.19975135,0.19975135,0.063573465,0.04681064,0.016762827,0.17437195777893066
7668,0.1947012,0.1947012,0.057121806,0.041476388,0.015645416,0.17167091369628906
7669,0.1968196,0.1968196,0.053620454,0.039662827,0.013957628,0.1698758602142334
7670,0.19553976,0.19553976,0.06240716,0.044470266,0.017936893,0.16907787322998047,0.070021726,0.070021726
7671,0.19890407,0.19890407,0.059772473,0.044291906,0.015480567,0.1731564998626709
7672,0.1946852,0.1946852,0.060545616,0.044571258,0.015974356,0.17230820655822754
7673,0.19457285,0.19457285,0.06108933,0.044082627,0.017006705,0.16861939430236816
7674,0.19674446,0.19674446,0.0536197,0.039829962,0.0137897385,0.1681215763092041
7675,0.19504905,0.19504905,0.0526365,0.039205372,0.013431128,0.1725776195526123,0.069751285,0.069751285
7676,0.19454707,0.19454707,0.061682142,0.04541493,0.016267216,0.16775965690612793
7677,0.19512524,0.19512524,0.058298137,0.041043855,0.017254282,0.17322182655334473
7678,0.19506992,0.19506992,0.060438834,0.045803178,0.014635656,0.17243289947509766
7679,0.19762382,0.19762382,0.05750242,0.04141657,0.016085848,0.17244696617126465
7680,0.2025294,0.2025294,0.05845464,0.04329351,0.01516113,0.17192769050598145,0.069654934,0.069654934
7681,0.19579251,0.19579251,0.053235047,0.039580654,0.013654394,0.1746692657470703
7682,0.19463778,0.19463778,0.058389917,0.040473238,0.01791668,0.16916584968566895
7683,0.19449592,0.19449592,0.05988859,0.04338705,0.016501538,0.17243504524230957
7684,0.19446093,0.19446093,0.058267713,0.040729176,0.017538538,0.17888402938842773
7685,0.19510101,0.19510101,0.05914636,0.042249367,0.016896995,0.17345786094665527,0.06973704,0.06973704
7686,0.1950155,0.1950155,0.06272784,0.04448163,0.018246206,0.16934466361999512
7687,0.19490768,0.19490768,0.060902484,0.044666573,0.016235912,0.17171311378479004
7688,0.1946081,0.1946081,0.055486813,0.039400972,0.01608584,0.17220211029052734
7689,0.19452056,0.19452056,0.055195726,0.04052372,0.014672008,0.17214298248291016
7690,0.19491962,0.19491962,0.05976993,0.043462664,0.016307265,0.17198967933654785,0.0697388,0.0697388
7691,0.19529258,0.19529258,0.053334616,0.03756228,0.015772337,0.17332935333251953
7692,0.1949587,0.1949587,0.059470233,0.04173167,0.017738562,0.17398762702941895
7693,0.19469604,0.19469604,0.059946068,0.04192886,0.018017204,0.17723894119262695
7694,0.19455348,0.19455348,0.05861526,0.04128771,0.017327553,0.1779804229736328
7695,0.19436122,0.19436122,0.059436776,0.043744937,0.01569184,0.17260360717773438,0.06959012,0.06959012
7696,0.19448167,0.19448167,0.055331647,0.03871429,0.016617358,0.17210626602172852
7697,0.19476299,0.19476299,0.05502316,0.04049446,0.0145287,0.16903400421142578
7698,0.19437927,0.19437927,0.05745047,0.042311046,0.015139424,0.16689014434814453
7699,0.19481976,0.19481976,0.05695609,0.043954838,0.013001254,0.16607284545898438
7700,0.19455482,0.19455482,0.059443,0.042746134,0.016696867,0.1660466194152832,0.069497466,0.069497466
7701,0.19443695,0.19443695,0.057475,0.0413076,0.0161674,0.1767590045928955
7702,0.19466607,0.19466607,0.058029197,0.041876037,0.016153159,0.1682908535003662
7703,0.19451801,0.19451801,0.057192124,0.041632902,0.0155592235,0.17331528663635254
7704,0.19490229,0.19490229,0.055976532,0.040432148,0.015544383,0.1737661361694336
7705,0.1946196,0.1946196,0.0567439,0.03965377,0.01709013,0.17412185668945312,0.069432415,0.069432415
7706,0.19481415,0.19481415,0.06082014,0.045321736,0.0154984025,0.17258596420288086
7707,0.19466765,0.19466765,0.059769414,0.04317407,0.016595343,0.1719684600830078
7708,0.19467136,0.19467136,0.053367145,0.039005816,0.01436133,0.16684532165527344
7709,0.19440627,0.19440627,0.059554726,0.044510294,0.015044431,0.18326711654663086
7710,0.1950171,0.1950171,0.063358456,0.046367057,0.0169914,0.1783921718597412,0.06938449,0.06938449
7711,0.19466554,0.19466554,0.059911076,0.044521257,0.015389818,0.17464232444763184
7712,0.19452095,0.19452095,0.060569823,0.04345104,0.017118782,0.17281198501586914
7713,0.19465892,0.19465892,0.05938477,0.042728957,0.016655812,0.17292547225952148
7714,0.19463842,0.19463842,0.06206593,0.045388788,0.016677143,0.1726219654083252
7715,0.19440086,0.19440086,0.06153091,0.044232495,0.017298417,0.17583894729614258,0.069358274,0.069358274
7716,0.19464666,0.19464666,0.05392083,0.03907717,0.01484366,0.1720421314239502
7717,0.19427656,0.19427656,0.060165517,0.043335643,0.016829876,0.17559170722961426
7718,0.19438751,0.19438751,0.054715607,0.03847697,0.016238637,0.1822342872619629
7719,0.19451408,0.19451408,0.056633193,0.041665662,0.014967532,0.17608308792114258
7720,0.1945628,0.1945628,0.05886133,0.043431193,0.015430136,0.17392325401306152,0.069352694,0.069352694
7721,0.19445713,0.19445713,0.05695991,0.0434009,0.013559009,0.17381715774536133
7722,0.19437848,0.19437848,0.055883642,0.04089293,0.014990714,0.17270517349243164
7723,0.19464763,0.19464763,0.05453153,0.03981673,0.014714802,0.17136669158935547
7724,0.19436844,0.19436844,0.058649708,0.04404954,0.01460017,0.1709277629852295
7725,0.19452752,0.19452752,0.05838307,0.0415953,0.016787773,0.172271728515625,0.06934957,0.06934957
7726,0.194294,0.194294,0.05367407,0.0399398,0.01373427,0.18195509910583496
7727,0.19438092,0.19438092,0.059113435,0.043807853,0.015305584,0.17959284782409668
7728,0.19438139,0.19438139,0.0607745,0.04532367,0.015450831,0.17783713340759277
7729,0.19449756,0.19449756,0.05568429,0.03838568,0.017298609,0.17457032203674316
7730,0.19439201,0.19439201,0.058660615,0.04235455,0.016306065,0.1661224365234375,0.06934539,0.06934539
7731,0.19475926,0.19475926,0.058928616,0.04360378,0.015324834,0.17058157920837402
7732,0.1944149,0.1944149,0.057624184,0.043729454,0.013894727,0.1654212474822998
7733,0.19439472,0.19439472,0.062085748,0.045031153,0.017054593,0.1666266918182373
7734,0.1943884,0.1943884,0.059687674,0.04338572,0.016301952,0.17026066780090332
7735,0.19436114,0.19436114,0.055903494,0.041596062,0.014307433,0.1767880916595459,0.069343925,0.069343925
7736,0.19445889,0.19445889,0.05935913,0.042944167,0.016414963,0.1717994213104248
7737,0.19471322,0.19471322,0.060041673,0.0441726,0.015869074,0.1715373992919922
7738,0.1944651,0.1944651,0.05786715,0.042977963,0.014889189,0.17212843894958496
7739,0.1944582,0.1944582,0.059388876,0.042916317,0.016472558,0.17142510414123535
7740,0.19475034,0.19475034,0.05463762,0.03877349,0.015864128,0.17212891578674316,0.069341086,0.069341086
7741,0.19447239,0.19447239,0.05525787,0.041348193,0.013909677,0.17187070846557617
7742,0.1943782,0.1943782,0.05726196,0.043851484,0.013410474,0.18001818656921387
7743,0.19429249,0.19429249,0.05846902,0.04181966,0.016649356,0.18107318878173828
7744,0.19428256,0.19428256,0.05649145,0.04120628,0.015285167,0.18046092987060547
7745,0.19444664,0.19444664,0.054058954,0.038439702,0.015619252,0.16853618621826172,0.06934485,0.06934485
7746,0.19868907,0.19868907,0.058512084,0.04363252,0.014879564,0.17574238777160645
7747,0.1944706,0.1944706,0.05784367,0.04137429,0.016469382,0.17566204071044922
7748,0.19510637,0.19510637,0.05569768,0.041443508,0.014254173,0.1711869239807129
7749,0.19443895,0.19443895,0.05630977,0.041343387,0.014966384,0.17563247680664062
7750,0.19493902,0.19493902,0.055966288,0.041389834,0.014576453,0.17500972747802734,0.06936323,0.06936323
7751,0.19495116,0.19495116,0.060438193,0.044508435,0.01592976,0.18395423889160156
7752,0.19855778,0.19855778,0.057181753,0.0414424,0.01573935,0.1905057430267334
7753,0.19961494,0.19961494,0.057169624,0.04142732,0.0157423,0.18338894844055176
7754,0.19821565,0.19821565,0.060340136,0.043568566,0.016771572,0.18131780624389648
7755,0.19891208,0.19891208,0.061293837,0.044170875,0.017122962,0.17482757568359375,0.06934426,0.06934426
7756,0.19964385,0.19964385,0.06004394,0.042741746,0.017302193,0.17168092727661133
7757,0.19996758,0.19996758,0.06197284,0.04400738,0.017965462,0.17193031311035156
7758,0.19816266,0.19816266,0.05865422,0.041609447,0.01704477,0.17118072509765625
7759,0.19976006,0.19976006,0.0585772,0.042018943,0.016558256,0.1715250015258789
7760,0.19923306,0.19923306,0.059513193,0.044249356,0.015263836,0.17142581939697266,0.069379844,0.069379844
7761,0.19952647,0.19952647,0.062031597,0.043939397,0.018092198,0.1720108985900879
7762,0.20462331,0.20462331,0.05842118,0.042971138,0.015450042,0.18145275115966797
7763,0.20514645,0.20514645,0.05888859,0.04285712,0.016031472,0.18368315696716309
7764,0.2048513,0.2048513,0.054527715,0.040595435,0.013932281,0.17729520797729492
7765,0.19920357,0.19920357,0.0603858,0.043223437,0.017162364,0.1748676300048828,0.06939079,0.06939079
7766,0.20623003,0.20623003,0.06196468,0.042807236,0.019157443,0.17580819129943848
7767,0.19925262,0.19925262,0.05596035,0.038906638,0.017053712,0.17540431022644043
7768,0.19948833,0.19948833,0.05715035,0.041045934,0.016104413,0.17388582229614258
7769,0.20403457,0.20403457,0.056316756,0.04015159,0.016165165,0.17452430725097656
7770,0.20393462,0.20393462,0.056660913,0.041166,0.015494913,0.17395353317260742,0.06938833,0.06938833
7771,0.20392092,0.20392092,0.057037093,0.041381866,0.015655229,0.18222618103027344
7772,0.19892551,0.19892551,0.059818715,0.04176241,0.018056305,0.18209147453308105
7773,0.19916591,0.19916591,0.06045491,0.042637702,0.017817207,0.17900681495666504
7774,0.19869582,0.19869582,0.061748065,0.04456966,0.017178407,0.17393183708190918
7775,0.21200828,0.21200828,0.05687534,0.041499507,0.015375834,0.16656708717346191,0.06945167,0.06945167
7776,0.19833155,0.19833155,0.05939884,0.044218954,0.015179887,0.17174911499023438
7777,0.19822206,0.19822206,0.058785643,0.044020053,0.01476559,0.1730518341064453
7778,0.19805008,0.19805008,0.056403782,0.04112867,0.015275113,0.1734151840209961
7779,0.20349781,0.20349781,0.056496754,0.040288053,0.016208699,0.17389225959777832
7780,0.19764425,0.19764425,0.056223534,0.04010093,0.016122606,0.1790297031402588,0.06974769,0.06974769
7781,0.19876148,0.19876148,0.055330947,0.040719755,0.014611191,0.18237543106079102
7782,0.1985802,0.1985802,0.056469444,0.040024444,0.016445,0.17979073524475098
7783,0.20109206,0.20109206,0.059639744,0.044055276,0.015584469,0.18159174919128418
7784,0.19757316,0.19757316,0.06098921,0.044133417,0.016855791,0.17522931098937988
7785,0.20207068,0.20207068,0.0574897,0.04297216,0.014517541,0.17218399047851562,0.069716044,0.069716044
7786,0.2017559,0.2017559,0.05362341,0.039547008,0.014076405,0.1713733673095703
7787,0.19665098,0.19665098,0.062001057,0.04583295,0.016168106,0.1675858497619629
7788,0.1982645,0.1982645,0.05451444,0.03811037,0.01640407,0.1735384464263916
7789,0.1972002,0.1972002,0.05686463,0.041644685,0.015219945,0.1660144329071045
7790,0.19560497,0.19560497,0.052629847,0.03752967,0.015100177,0.18213725090026855,0.06948788,0.06948788
7791,0.19742137,0.19742137,0.06407326,0.047137745,0.01693551,0.17493176460266113
7792,0.19731027,0.19731027,0.056041986,0.039910633,0.016131354,0.1715080738067627
7793,0.19581191,0.19581191,0.05742865,0.042119157,0.015309493,0.169081449508667
7794,0.19531749,0.19531749,0.059451222,0.04389512,0.015556099,0.17293143272399902
7795,0.1958912,0.1958912,0.056919847,0.040954597,0.01596525,0.17195391654968262,0.06949396,0.06949396
7796,0.19570239,0.19570239,0.053325538,0.03804486,0.015280679,0.16726255416870117
7797,0.19527559,0.19527559,0.06106516,0.045618158,0.015447004,0.1660480499267578
7798,0.19669168,0.19669168,0.05837457,0.041990332,0.016384235,0.16684484481811523
7799,0.19546457,0.19546457,0.056817096,0.04263518,0.014181917,0.17109084129333496
7800,0.19679521,0.19679521,0.054321267,0.038856316,0.015464952,0.16611242294311523,0.06945455,0.06945455
7801,0.19584434,0.19584434,0.058530055,0.043063022,0.015467031,0.16539359092712402
7802,0.1959109,0.1959109,0.06171664,0.044895448,0.01682119,0.16631031036376953
7803,0.1962968,0.1962968,0.05857647,0.04291618,0.01566029,0.17777061462402344
7804,0.19557586,0.19557586,0.057243608,0.041568395,0.015675211,0.17325758934020996
7805,0.19528423,0.19528423,0.058781963,0.041476402,0.01730556,0.1772322654724121,0.06997835,0.06997835
7806,0.19740772,0.19740772,0.057143144,0.0424559,0.014687242,0.18346190452575684
7807,0.19547878,0.19547878,0.052635606,0.0388198,0.013815806,0.18039894104003906
7808,0.19685157,0.19685157,0.060223464,0.04451505,0.015708413,0.18136310577392578
7809,0.19622272,0.19622272,0.052786686,0.037885454,0.014901233,0.1818678379058838
7810,0.19572446,0.19572446,0.05703375,0.042378962,0.014654789,0.1732800006866455,0.06991267,0.06991267
7811,0.19613762,0.19613762,0.062223565,0.045471285,0.01675228,0.17305517196655273
7812,0.1977151,0.1977151,0.06016022,0.043295667,0.016864553,0.17267608642578125
7813,0.19697429,0.19697429,0.05792347,0.04333819,0.014585278,0.1704235076904297
7814,0.19609867,0.19609867,0.05460985,0.04070494,0.013904909,0.17266345024108887
7815,0.19554855,0.19554855,0.06050273,0.043941915,0.016560817,0.18178772926330566,0.06938288,0.06938288
7816,0.19551954,0.19551954,0.05398961,0.03920739,0.014782221,0.17842721939086914
7817,0.1959801,0.1959801,0.059947394,0.04494929,0.014998103,0.17345714569091797
7818,0.19529262,0.19529262,0.054784846,0.039891046,0.0148938,0.17109465599060059
7819,0.19511077,0.19511077,0.06265744,0.04584706,0.01681038,0.17093729972839355
7820,0.19481912,0.19481912,0.062865674,0.04604675,0.016818926,0.17181968688964844,0.06933049,0.06933049
7821,0.19539611,0.19539611,0.05990831,0.04308451,0.016823802,0.1725306510925293
7822,0.19480024,0.19480024,0.057202537,0.04266118,0.014541359,0.17239046096801758
7823,0.19534664,0.19534664,0.0548532,0.04012252,0.014730679,0.17430686950683594
7824,0.19511683,0.19511683,0.062396757,0.045328993,0.017067764,0.18266987800598145
7825,0.19549976,0.19549976,0.0588393,0.04243391,0.01640539,0.17641401290893555,0.069337845,0.069337845
7826,0.1951206,0.1951206,0.06120511,0.0441894,0.017015709,0.1706397533416748
7827,0.1949113,0.1949113,0.05763013,0.041445248,0.01618488,0.16811466217041016
7828,0.19477732,0.19477732,0.06022089,0.04349175,0.016729137,0.17131996154785156
7829,0.19496089,0.19496089,0.059001267,0.04270229,0.016298976,0.17211127281188965
7830,0.19498008,0.19498008,0.05731103,0.04183433,0.015476699,0.17019987106323242,0.06934913,0.06934913
7831,0.19530542,0.19530542,0.057802074,0.041656926,0.016145146,0.17264223098754883
7832,0.19465542,0.19465542,0.057704397,0.043188468,0.014515927,0.18113231658935547
7833,0.19533773,0.19533773,0.058697626,0.043593712,0.015103914,0.18148589134216309
7834,0.19570525,0.19570525,0.056224033,0.041747008,0.014477026,0.17340517044067383
7835,0.19474533,0.19474533,0.0638103,0.047282625,0.01652767,0.17331314086914062,0.06935271,0.06935271
7836,0.19474754,0.19474754,0.052630298,0.03779795,0.014832349,0.16721892356872559
7837,0.19504046,0.19504046,0.057556044,0.04086731,0.016688734,0.17200326919555664
7838,0.19485076,0.19485076,0.059379652,0.043017212,0.016362442,0.1708660125732422
7839,0.19496359,0.19496359,0.05909778,0.04363588,0.015461901,0.171417236328125
7840,0.19467044,0.19467044,0.056556024,0.039717216,0.016838806,0.17246723175048828,0.06935021,0.06935021
7841,0.19456634,0.19456634,0.060829848,0.044518482,0.016311364,0.18141698837280273
7842,0.19499835,0.19499835,0.05805624,0.043158,0.014898241,0.17983293533325195
7843,0.19469133,0.19469133,0.06187688,0.045631092,0.016245786,0.1716909408569336
7844,0.19516209,0.19516209,0.058947407,0.043068163,0.015879244,0.17080259323120117
7845,0.19500351,0.19500351,0.055715032,0.040472373,0.015242657,0.1714034080505371,0.06935828,0.06935828
7846,0.1948575,0.1948575,0.058215383,0.043092635,0.015122748,0.1719825267791748
7847,0.19515091,0.19515091,0.06241903,0.046474822,0.015944209,0.17136859893798828
7848,0.19484676,0.19484676,0.056164168,0.04033521,0.01582896,0.17217040061950684
7849,0.19459799,0.19459799,0.058849074,0.04239077,0.0164583,0.1806490421295166
7850,0.19478147,0.19478147,0.05774772,0.043516017,0.014231703,0.1816263198852539,0.0693481,0.0693481
7851,0.19528997,0.19528997,0.0545645,0.038469817,0.016094679,0.17785882949829102
7852,0.19468413,0.19468413,0.05863764,0.043339297,0.015298346,0.17347145080566406
7853,0.19473198,0.19473198,0.05661525,0.041121714,0.015493536,0.1726686954498291
7854,0.19521292,0.19521292,0.059433103,0.042642288,0.016790815,0.17893767356872559
7855,0.19602479,0.19602479,0.055495,0.040075433,0.015419567,0.17391180992126465,0.06936263,0.06936263
7856,0.19450691,0.19450691,0.05958035,0.043582845,0.015997505,0.1763155460357666
7857,0.19837567,0.19837567,0.059211694,0.044590246,0.014621446,0.1713881492614746
7858,0.1944613,0.1944613,0.05694435,0.04150897,0.015435382,0.17220091819763184
7859,0.19451237,0.19451237,0.06144084,0.044431277,0.017009564,0.18239307403564453
7860,0.1952032,0.1952032,0.062357023,0.04709844,0.015258583,0.17472362518310547,0.06942143,0.06942143
7861,0.19458452,0.19458452,0.060709387,0.045679618,0.015029771,0.17060112953186035
7862,0.19460693,0.19460693,0.059152357,0.044046514,0.015105842,0.17142319679260254
7863,0.19446151,0.19446151,0.060588792,0.045674395,0.014914399,0.17132186889648438
7864,0.19482586,0.19482586,0.05475074,0.04096023,0.01379051,0.1776413917541504
7865,0.19464862,0.19464862,0.0608459,0.04473719,0.01610871,0.1714179515838623,0.0694417,0.0694417
7866,0.19485733,0.19485733,0.056968763,0.041502025,0.0154667385,0.17150211334228516
7867,0.19504948,0.19504948,0.055143684,0.040235665,0.014908018,0.17935991287231445
7868,0.1947181,0.1947181,0.0628701,0.046663273,0.016206823,0.18193507194519043
7869,0.19451115,0.19451115,0.061800376,0.044320516,0.01747986,0.18041706085205078
7870,0.19468895,0.19468895,0.058181606,0.04358246,0.014599146,0.17556524276733398,0.06940546,0.06940546
7871,0.19557069,0.19557069,0.06395002,0.047432244,0.016517775,0.17769742012023926
7872,0.19455782,0.19455782,0.056223042,0.04085782,0.015365221,0.1720125675201416
7873,0.19482966,0.19482966,0.05857193,0.04181778,0.01675415,0.17132353782653809
7874,0.19463076,0.19463076,0.056163054,0.041474577,0.014688476,0.17181944847106934
7875,0.19455825,0.19455825,0.06228153,0.04587669,0.016404841,0.17011380195617676,0.06937995,0.06937995
7876,0.19448978,0.19448978,0.05591461,0.041263986,0.014650622,0.18493008613586426
7877,0.19448039,0.19448039,0.06322722,0.04747513,0.015752094,0.18332624435424805
7878,0.1946752,0.1946752,0.058994357,0.042536385,0.016457971,0.18108534812927246
7879,0.19457947,0.19457947,0.054684613,0.040395144,0.014289469,0.18418478965759277
7880,0.19503535,0.19503535,0.05604371,0.041916423,0.014127288,0.17671751976013184,0.069358125,0.069358125
7881,0.19438457,0.19438457,0.05329552,0.03869784,0.014597681,0.1711719036102295
7882,0.1945764,0.1945764,0.05450996,0.0395204,0.014989557,0.17351579666137695
7883,0.19488655,0.19488655,0.053590182,0.040355016,0.013235166,0.17077279090881348
7884,0.19446799,0.19446799,0.059771925,0.044027843,0.015744084,0.17065978050231934
7885,0.1956546,0.1956546,0.057606485,0.042255893,0.015350591,0.17068910598754883,0.069339104,0.069339104
7886,0.19457115,0.19457115,0.054954186,0.039730154,0.01522403,0.17865371704101562
7887,0.19529489,0.19529489,0.060949825,0.04349196,0.017457863,0.1753854751586914
7888,0.19491,0.19491,0.057204332,0.040822636,0.016381696,0.172929048538208
7889,0.19443955,0.19443955,0.055353038,0.039134257,0.01621878,0.17180919647216797
7890,0.1948123,0.1948123,0.05721348,0.042809784,0.014403696,0.17108917236328125,0.06932511,0.06932511
7891,0.194517,0.194517,0.058513455,0.04285049,0.015662966,0.171112060546875
7892,0.194445,0.194445,0.05572762,0.041967317,0.013760302,0.17075610160827637
7893,0.19475038,0.19475038,0.058927275,0.04362048,0.015306799,0.17107820510864258
7894,0.19456202,0.19456202,0.05455976,0.04008485,0.014474912,0.17144155502319336
7895,0.19455619,0.19455619,0.05303455,0.04003106,0.013003493,0.17922353744506836,0.06932571,0.06932571
7896,0.194613,0.194613,0.059764262,0.044860777,0.014903485,0.17727017402648926
7897,0.19462633,0.19462633,0.05705542,0.041711103,0.015344317,0.17157506942749023
7898,0.19461277,0.19461277,0.055392515,0.04055037,0.014842145,0.17415833473205566
7899,0.19496463,0.19496463,0.062006198,0.04619074,0.015815461,0.17444324493408203
7900,0.19460604,0.19460604,0.060445677,0.04640805,0.014037627,0.17293024063110352,0.06933468,0.06933468
7901,0.19435625,0.19435625,0.058440246,0.043196276,0.015243969,0.17145466804504395
7902,0.19450803,0.19450803,0.058178343,0.043026205,0.01515214,0.17108559608459473
7903,0.1944403,0.1944403,0.056919634,0.04071391,0.016205726,0.17189574241638184
7904,0.19445093,0.19445093,0.055310406,0.04033899,0.0149714155,0.1821599006652832
7905,0.19437866,0.19437866,0.05436979,0.03937468,0.014995109,0.17457270622253418,0.0693418,0.0693418
7906,0.19461761,0.19461761,0.056793176,0.042971473,0.013821704,0.17131924629211426
7907,0.19442074,0.19442074,0.054854933,0.040931072,0.01392386,0.1755232810974121
7908,0.1946523,0.1946523,0.0591736,0.044309173,0.014864426,0.174241304397583
7909,0.19430149,0.19430149,0.0581825,0.041903406,0.016279096,0.16423249244689941
7910,0.19446322,0.19446322,0.059909284,0.04470608,0.015203203,0.16928982734680176,0.06935032,0.06935032
7911,0.19443692,0.19443692,0.05510119,0.040887576,0.014213615,0.16994833946228027
7912,0.19444633,0.19444633,0.053830333,0.038533248,0.015297085,0.1707749366760254
7913,0.19455285,0.19455285,0.061036974,0.043281235,0.017755741,0.17019867897033691
7914,0.1944664,0.1944664,0.05859521,0.042561155,0.016034057,0.17066359519958496
7915,0.1944814,0.1944814,0.054128997,0.040401157,0.01372784,0.17122173309326172,0.069354974,0.069354974
7916,0.19435202,0.19435202,0.057390116,0.042526722,0.014863396,0.17167091369628906
7917,0.19437131,0.19437131,0.053690262,0.038573816,0.015116446,0.1719672679901123
7918,0.19441779,0.19441779,0.060160954,0.042672563,0.01748839,0.1713087558746338
7919,0.19432728,0.19432728,0.05623301,0.042127438,0.014105572,0.17099285125732422
7920,0.19461985,0.19461985,0.056155115,0.041312087,0.014843027,0.17014241218566895,0.069350295,0.069350295
7921,0.19443165,0.19443165,0.058645025,0.04271252,0.015932502,0.1707446575164795
7922,0.19456856,0.19456856,0.057933215,0.043083332,0.014849882,0.171600341796875
7923,0.19442503,0.19442503,0.058336522,0.041829668,0.016506854,0.17146825790405273
7924,0.19438563,0.19438563,0.05892302,0.04331829,0.015604733,0.17127704620361328
7925,0.19429302,0.19429302,0.056333113,0.04140241,0.014930703,0.17129874229431152,0.06934474,0.06934474
7926,0.19433205,0.19433205,0.060576744,0.044903003,0.015673742,0.1764688491821289
7927,0.1943378,0.1943378,0.057537764,0.040914718,0.016623044,0.18060922622680664
7928,0.19434112,0.19434112,0.05899424,0.045081437,0.013912803,0.17771220207214355
7929,0.19441588,0.19441588,0.053502727,0.0380727,0.015430027,0.17273306846618652
7930,0.19434759,0.19434759,0.057509594,0.041610397,0.015899194,0.17040371894836426,0.06933987,0.06933987
7931,0.1942987,0.1942987,0.058042504,0.03959574,0.01844676,0.17169833183288574
7932,0.19435199,0.19435199,0.05911213,0.043902475,0.015209656,0.17143607139587402
7933,0.19427735,0.19427735,0.058011733,0.04164699,0.016364744,0.16946792602539062
7934,0.19426908,0.19426908,0.061725542,0.045364596,0.016360946,0.1710352897644043
7935,0.19442663,0.19442663,0.057747133,0.042082578,0.015664557,0.18121767044067383,0.06933595,0.06933595
7936,0.1943124,0.1943124,0.05548902,0.039674934,0.015814083,0.16857481002807617
7937,0.19419827,0.19419827,0.059413534,0.042535517,0.016878016,0.1720733642578125
7938,0.19430067,0.19430067,0.060964253,0.046011087,0.014953167,0.16661858558654785
7939,0.19458304,0.19458304,0.054079674,0.040267307,0.013812369,0.17120957374572754
7940,0.19430405,0.19430405,0.053924784,0.039723378,0.014201405,0.17038416862487793,0.06933213,0.06933213
7941,0.1941957,0.1941957,0.058180347,0.04238085,0.015799494,0.17395353317260742
7942,0.19435516,0.19435516,0.055957407,0.041879088,0.014078318,0.17209339141845703
7943,0.19491787,0.19491787,0.057325535,0.043322362,0.014003173,0.17906689643859863
7944,0.19430126,0.19430126,0.05765208,0.04176958,0.015882501,0.1782667636871338
7945,0.19469234,0.19469234,0.06279314,0.045812182,0.016980963,0.17220592498779297,0.06932999,0.06932999
7946,0.1943948,0.1943948,0.060393058,0.0446033,0.015789758,0.17134666442871094
7947,0.19443107,0.19443107,0.05254501,0.03644865,0.016096361,0.17148470878601074
7948,0.19421434,0.19421434,0.056807153,0.04041407,0.016393082,0.17185449600219727
7949,0.19441967,0.19441967,0.058263846,0.04246128,0.015802564,0.16555142402648926
7950,0.19430126,0.19430126,0.06018787,0.045201954,0.014985915,0.16476202011108398,0.06933339,0.06933339
7951,0.19447346,0.19447346,0.060833443,0.043449942,0.017383501,0.17057585716247559
7952,0.19420668,0.19420668,0.059756815,0.042672142,0.017084673,0.17159080505371094
7953,0.19446437,0.19446437,0.058329552,0.04200091,0.016328642,0.16963434219360352
7954,0.19432457,0.19432457,0.056901656,0.040770233,0.016131425,0.17202305793762207
7955,0.19445868,0.19445868,0.053986315,0.039647564,0.014338749,0.17813777923583984,0.06933417,0.06933417
7956,0.1943361,0.1943361,0.056044407,0.041024152,0.015020256,0.1719951629638672
7957,0.19446792,0.19446792,0.057694502,0.0422796,0.015414901,0.17163729667663574
7958,0.19459495,0.19459495,0.05604411,0.04045989,0.01558422,0.1712474822998047
7959,0.19427647,0.19427647,0.058605313,0.04209636,0.01650895,0.17167901992797852
7960,0.19432615,0.19432615,0.054166444,0.039961144,0.014205297,0.17980289459228516,0.06933118,0.06933118
7961,0.19465134,0.19465134,0.053678527,0.03777842,0.01590011,0.18000340461730957
7962,0.19432098,0.19432098,0.05762432,0.04156804,0.01605628,0.17197346687316895
7963,0.19473597,0.19473597,0.056923334,0.0415193,0.015404035,0.17075777053833008
7964,0.19432487,0.19432487,0.056162365,0.04004289,0.016119475,0.17242813110351562
7965,0.19421734,0.19421734,0.058341462,0.042863246,0.015478215,0.17206406593322754,0.06933333,0.06933333
7966,0.19455957,0.19455957,0.0578809,0.04402464,0.013856263,0.17213082313537598
7967,0.19445197,0.19445197,0.054062936,0.040565506,0.01349743,0.17319011688232422
7968,0.19425389,0.19425389,0.059450276,0.043915562,0.015534714,0.18044471740722656
7969,0.19435897,0.19435897,0.056556925,0.040201537,0.016355386,0.18190574645996094
7970,0.19513713,0.19513713,0.058227997,0.043770026,0.014457972,0.1678605079650879,0.06933407,0.06933407
7971,0.19421567,0.19421567,0.060910054,0.04335172,0.01755833,0.16437935829162598
7972,0.19439247,0.19439247,0.05661177,0.041189678,0.015422093,0.17030930519104004
7973,0.19430944,0.19430944,0.057227157,0.040716827,0.016510332,0.16988444328308105
7974,0.19455796,0.19455796,0.06296615,0.04543037,0.017535783,0.1719362735748291
7975,0.19430824,0.19430824,0.059069566,0.04310594,0.015963623,0.1714935302734375,0.06933428,0.06933428
7976,0.19459257,0.19459257,0.06095902,0.04587316,0.015085859,0.1764686107635498
7977,0.19428603,0.19428603,0.055037975,0.04096351,0.014074469,0.18272709846496582
7978,0.194228,0.194228,0.057190567,0.042062648,0.0151279215,0.18166399002075195
7979,0.19426444,0.19426444,0.057132706,0.04191089,0.015221816,0.17409968376159668
7980,0.19429679,0.19429679,0.059849665,0.04493222,0.014917445,0.1703352928161621,0.069336325,0.069336325
7981,0.19433716,0.19433716,0.057235856,0.040760975,0.01647488,0.17078304290771484
7982,0.19439372,0.19439372,0.05789011,0.042855255,0.015034854,0.1719367504119873
7983,0.19427845,0.19427845,0.05902443,0.041593514,0.017430918,0.17289137840270996
7984,0.19424473,0.19424473,0.06030312,0.04229522,0.018007902,0.16695380210876465
7985,0.19421323,0.19421323,0.05467028,0.039849255,0.0148210265,0.17268061637878418,0.0693364,0.0693364
7986,0.1944044,0.1944044,0.05897317,0.041346457,0.017626716,0.17145872116088867
7987,0.19441631,0.19441631,0.057626173,0.042135626,0.015490546,0.17087721824645996
7988,0.19460414,0.19460414,0.057088576,0.042979103,0.014109473,0.17153024673461914
7989,0.1942672,0.1942672,0.06053999,0.042600952,0.017939039,0.17203879356384277
7990,0.1942239,0.1942239,0.057723016,0.0416246,0.016098417,0.17177820205688477,0.06933214,0.06933214
7991,0.1944189,0.1944189,0.056318447,0.041275036,0.015043412,0.17052984237670898
7992,0.19424935,0.19424935,0.06014028,0.041949354,0.018190924,0.17011618614196777
7993,0.19431755,0.19431755,0.055911146,0.040015634,0.015895512,0.17568182945251465
7994,0.19439262,0.19439262,0.057672612,0.042351633,0.015320978,0.17400813102722168
7995,0.19428308,0.19428308,0.058241535,0.04167557,0.016565964,0.1718299388885498,0.06932692,0.06932692
7996,0.19434524,0.19434524,0.051924583,0.03665613,0.015268453,0.17271137237548828
7997,0.19423676,0.19423676,0.054159395,0.038058616,0.01610078,0.17173242568969727
7998,0.19422507,0.19422507,0.05749409,0.043920245,0.013573843,0.1720287799835205
7999,0.1943222,0.1943222,0.055450235,0.041667376,0.013782858,0.17129945755004883
8000,0.19427072,0.19427072,0.05770222,0.04182482,0.015877401,0.1798396110534668,0.06932438,0.06932438
8001,0.1942384,0.1942384,0.060394015,0.043364268,0.017029747,0.18277549743652344
8002,0.19442035,0.19442035,0.0561077,0.04181175,0.01429595,0.18233108520507812
8003,0.19424851,0.19424851,0.066603355,0.04927921,0.017324146,0.182814359664917
8004,0.19487026,0.19487026,0.053015374,0.039125238,0.013890137,0.17665338516235352
8005,0.1941802,0.1941802,0.060380284,0.04433959,0.016040694,0.17332220077514648,0.06932273,0.06932273
8006,0.19431394,0.19431394,0.05207012,0.037474405,0.014595714,0.17395877838134766
8007,0.19431229,0.19431229,0.05845899,0.043252904,0.0152060855,0.1722736358642578
8008,0.19427074,0.19427074,0.058115095,0.042977113,0.015137983,0.17179179191589355
8009,0.19425099,0.19425099,0.054984577,0.040065672,0.014918905,0.1710984706878662
8010,0.19433759,0.19433759,0.057956886,0.043550782,0.014406104,0.1662907600402832,0.06932225,0.06932225
8011,0.19437122,0.19437122,0.06065468,0.045346245,0.015308436,0.17103886604309082
8012,0.19435637,0.19435637,0.059506014,0.0436254,0.015880616,0.17593097686767578
8013,0.2026125,0.2026125,0.057627976,0.041615754,0.016012223,0.1773390769958496
8014,0.19486567,0.19486567,0.056232862,0.039457593,0.016775267,0.17422246932983398
8015,0.19430521,0.19430521,0.05537737,0.040569294,0.014808077,0.1710505485534668,0.06932755,0.06932755
8016,0.19429372,0.19429372,0.06171979,0.04510408,0.016615711,0.17030549049377441
8017,0.19465275,0.19465275,0.06055624,0.044388235,0.016168006,0.17042946815490723
8018,0.19454487,0.19454487,0.055298083,0.039501864,0.015796216,0.17133593559265137
8019,0.1981948,0.1981948,0.060572807,0.043032467,0.01754034,0.18016815185546875
8020,0.19498532,0.19498532,0.0569195,0.0419343,0.014985202,0.17746305465698242,0.06933483,0.06933483
8021,0.19481571,0.19481571,0.058629274,0.042378705,0.016250568,0.17140436172485352
8022,0.19466127,0.19466127,0.055430412,0.041360132,0.014070281,0.17119574546813965
8023,0.19464938,0.19464938,0.055921588,0.041102402,0.014819185,0.1704878807067871
8024,0.19467129,0.19467129,0.058509484,0.043389384,0.015120098,0.16625404357910156
8025,0.1943216,0.1943216,0.056315854,0.041873496,0.014442358,0.17102313041687012,0.06931917,0.06931917
8026,0.19443153,0.19443153,0.055618487,0.041842517,0.013775973,0.17015647888183594
8027,0.19438866,0.19438866,0.0537487,0.040900473,0.012848229,0.1736316680908203
8028,0.19444053,0.19444053,0.059424587,0.04305101,0.016373575,0.1682908535003662
8029,0.19612777,0.19612777,0.058664005,0.04319454,0.0154694645,0.17054080963134766
8030,0.19438839,0.19438839,0.06401168,0.047373153,0.016638523,0.16643667221069336,0.069325745,0.069325745
8031,0.19442451,0.19442451,0.06164003,0.044792477,0.016847555,0.1725151538848877
8032,0.19475505,0.19475505,0.059504345,0.04212761,0.017376734,0.1707613468170166
8033,0.19440122,0.19440122,0.057165764,0.042150803,0.015014961,0.17165279388427734
8034,0.19515763,0.19515763,0.05790528,0.041983634,0.015921645,0.17038369178771973
8035,0.1943357,0.1943357,0.055616427,0.039484322,0.016132105,0.1718001365661621,0.06935451,0.06935451
8036,0.1943701,0.1943701,0.053570293,0.03928176,0.014288532,0.1852414608001709
8037,0.19441074,0.19441074,0.05424221,0.037538443,0.016703768,0.1789875030517578
8038,0.19452956,0.19452956,0.058813304,0.04432719,0.014486115,0.1713581085205078
8039,0.1944432,0.1944432,0.057049923,0.041785885,0.015264036,0.17564654350280762
8040,0.19452024,0.19452024,0.059017822,0.043819807,0.015198014,0.167144775390625,0.069400124,0.069400124
8041,0.19448356,0.19448356,0.057366014,0.039804686,0.017561328,0.17007160186767578
8042,0.19453406,0.19453406,0.05623678,0.038345356,0.017891426,0.17181944847106934
8043,0.19443123,0.19443123,0.057722677,0.043259416,0.014463262,0.18419528007507324
8044,0.19453342,0.19453342,0.05765466,0.04174492,0.015909739,0.17736387252807617
8045,0.19476277,0.19476277,0.055290822,0.040280428,0.015010393,0.17226386070251465,0.06937329,0.06937329
8046,0.19443119,0.19443119,0.06069812,0.043412704,0.01728542,0.17092561721801758
8047,0.1944438,0.1944438,0.059417695,0.043769762,0.015647931,0.17168450355529785
8048,0.19445178,0.19445178,0.057813033,0.041973248,0.015839783,0.16689825057983398
8049,0.19446394,0.19446394,0.054413915,0.03928934,0.015124573,0.17039084434509277
8050,0.19447608,0.19447608,0.055276796,0.038752176,0.01652462,0.1711437702178955,0.06933878,0.06933878
8051,0.19443904,0.19443904,0.056196667,0.03971186,0.01648481,0.17944574356079102
8052,0.19481361,0.19481361,0.05968815,0.043099605,0.016588548,0.17161226272583008
8053,0.19477507,0.19477507,0.053222366,0.038379554,0.014842811,0.16360116004943848
8054,0.19437782,0.19437782,0.059917543,0.04249051,0.017427035,0.1642148494720459
8055,0.1943151,0.1943151,0.06208269,0.04591638,0.01616631,0.16463017463684082,0.06933743,0.06933743
8056,0.19428717,0.19428717,0.05962124,0.043284222,0.016337018,0.17162275314331055
8057,0.19440956,0.19440956,0.059988637,0.04536747,0.014621168,0.16984105110168457
8058,0.19430374,0.19430374,0.055549473,0.039391223,0.016158247,0.1706993579864502
8059,0.1944503,0.1944503,0.059322067,0.04292763,0.016394436,0.170975923538208
8060,0.1946186,0.1946186,0.054029074,0.040741462,0.01328761,0.17055249214172363,0.06933816,0.06933816
8061,0.19443262,0.19443262,0.05631523,0.041135594,0.015179634,0.17047691345214844
8062,0.19433719,0.19433719,0.05268715,0.038976952,0.013710197,0.17043757438659668
8063,0.1945397,0.1945397,0.053788625,0.03985854,0.013930088,0.17075681686401367
8064,0.19435523,0.19435523,0.060081445,0.044410996,0.01567045,0.17105484008789062
8065,0.19430396,0.19430396,0.060148932,0.043511156,0.016637778,0.17337965965270996,0.069350615,0.069350615
8066,0.19436093,0.19436093,0.05956421,0.041619647,0.017944565,0.18117380142211914
8067,0.19428267,0.19428267,0.061276246,0.046976477,0.014299768,0.17465925216674805
8068,0.19503437,0.19503437,0.060721062,0.046709202,0.014011862,0.17220258712768555
8069,0.19435234,0.19435234,0.053805918,0.039450835,0.014355084,0.1644752025604248
8070,0.19442137,0.19442137,0.05641929,0.040869087,0.015550202,0.16598773002624512,0.0693505,0.0693505
8071,0.19432971,0.19432971,0.059669375,0.044189226,0.0154801505,0.16445422172546387
8072,0.19431613,0.19431613,0.057841286,0.041898426,0.015942862,0.16371750831604004
8073,0.19441067,0.19441067,0.055742774,0.040588237,0.015154536,0.16985058784484863
8074,0.19428124,0.19428124,0.059131853,0.04298756,0.016144292,0.16563963890075684
8075,0.19426258,0.19426258,0.058844328,0.041987207,0.016857123,0.1710803508758545,0.06934406,0.06934406
8076,0.19439746,0.19439746,0.05759362,0.04266049,0.0149331335,0.1656663417816162
8077,0.19440116,0.19440116,0.060130507,0.0433331,0.016797408,0.1625049114227295
8078,0.19432785,0.19432785,0.055469226,0.040119026,0.015350199,0.16387104988098145
8079,0.19437015,0.19437015,0.05683274,0.040596303,0.016236436,0.1636197566986084
8080,0.19422661,0.19422661,0.053308222,0.038742505,0.014565717,0.16429471969604492,0.06933914,0.06933914
8081,0.19444862,0.19444862,0.054531448,0.039813526,0.014717923,0.16399741172790527
8082,0.19428536,0.19428536,0.054028086,0.038695086,0.015332999,0.1644148826599121
8083,0.19434051,0.19434051,0.057785287,0.04078196,0.01700333,0.16406512260437012
8084,0.19440123,0.19440123,0.05576196,0.039724547,0.016037412,0.16673588752746582
8085,0.19438508,0.19438508,0.057920955,0.041752048,0.01616891,0.16478753089904785,0.06933741,0.06933741
8086,0.19423923,0.19423923,0.058622085,0.04345231,0.015169772,0.16449189186096191
8087,0.19422294,0.19422294,0.056473807,0.041792072,0.014681733,0.16838693618774414
8088,0.19432048,0.19432048,0.057132177,0.042301193,0.014830984,0.17212581634521484
8089,0.19425769,0.19425769,0.05111049,0.03561608,0.015494408,0.1712193489074707
8090,0.19429816,0.19429816,0.057902668,0.042451702,0.015450966,0.16465353965759277,0.06933488,0.06933488
8091,0.19432186,0.19432186,0.05763004,0.042980548,0.01464949,0.16961336135864258
8092,0.19421853,0.19421853,0.053731754,0.039536,0.014195754,0.17135071754455566
8093,0.19428039,0.19428039,0.057897672,0.041607305,0.016290369,0.1737682819366455
8094,0.19429928,0.19429928,0.05658394,0.040314432,0.016269509,0.1703639030456543
8095,0.19427592,0.19427592,0.059991207,0.04284346,0.017147746,0.16486644744873047,0.069330424,0.069330424
8096,0.19427024,0.19427024,0.055700272,0.04112653,0.014573742,0.17137360572814941
8097,0.19439724,0.19439724,0.060547724,0.042999636,0.017548088,0.17190885543823242
8098,0.19420296,0.19420296,0.05792352,0.042549428,0.015374094,0.17066216468811035
8099,0.1943331,0.1943331,0.057225544,0.041725196,0.015500347,0.17274165153503418
8100,0.19427525,0.19427525,0.055969253,0.04009237,0.015876884,0.17143630981445312,0.06932821,0.06932821
8101,0.19452763,0.19452763,0.057621904,0.040289216,0.017332686,0.1713268756866455
8102,0.19423732,0.19423732,0.055218827,0.039595924,0.015622903,0.175154447555542
8103,0.19432649,0.19432649,0.057783358,0.042353243,0.015430114,0.17209863662719727
8104,0.1941983,0.1941983,0.05556175,0.039638393,0.015923359,0.17504239082336426
8105,0.194285,0.194285,0.053662326,0.0367807,0.016881626,0.17140865325927734,0.06932588,0.06932588
8106,0.19427058,0.19427058,0.060699753,0.0447159,0.015983855,0.1722424030303955
8107,0.19442415,0.19442415,0.0531477,0.038635716,0.014511983,0.18768095970153809
8108,0.19427505,0.19427505,0.05637152,0.04167648,0.014695041,0.18106412887573242
8109,0.19428228,0.19428228,0.056776147,0.04176283,0.0150133185,0.17615079879760742
8110,0.19427453,0.19427453,0.05502391,0.039811336,0.015212573,0.17611265182495117,0.06932517,0.06932517
8111,0.19425437,0.19425437,0.059227735,0.04195425,0.017273486,0.17543959617614746
8112,0.19424799,0.19424799,0.0639535,0.045177374,0.018776124,0.1714174747467041
8113,0.19450286,0.19450286,0.057288766,0.042235702,0.015053064,0.1714317798614502
8114,0.19433136,0.19433136,0.05654233,0.038912274,0.017630054,0.16689705848693848
8115,0.19437042,0.19437042,0.054829866,0.038566787,0.01626308,0.17189741134643555,0.06932583,0.06932583
8116,0.1941716,0.1941716,0.054358516,0.039950956,0.014407559,0.17358922958374023
8117,0.19445117,0.19445117,0.05750046,0.040773906,0.016726555,0.1786205768585205
8118,0.19421461,0.19421461,0.057476394,0.041749723,0.015726672,0.16983318328857422
8119,0.19423904,0.19423904,0.056260128,0.042751398,0.013508731,0.170058012008667
8120,0.1942579,0.1942579,0.059764694,0.041922458,0.017842237,0.16591882705688477,0.069330625,0.069330625
8121,0.19439094,0.19439094,0.0569252,0.040900376,0.016024822,0.1709442138671875
8122,0.19435035,0.19435035,0.058493443,0.04206666,0.016426781,0.17133402824401855
8123,0.19426794,0.19426794,0.05587476,0.04081645,0.015058312,0.17028045654296875
8124,0.19433111,0.19433111,0.06064491,0.042739294,0.017905615,0.1754624843597412
8125,0.1944124,0.1944124,0.060320836,0.045221183,0.015099652,0.17037510871887207,0.069333434,0.069333434
8126,0.19459526,0.19459526,0.060458582,0.04510551,0.015353073,0.17066693305969238
8127,0.19506113,0.19506113,0.059006177,0.04155612,0.017450059,0.17108535766601562
8128,0.19424224,0.19424224,0.054449946,0.04076107,0.013688877,0.17102336883544922
8129,0.19421189,0.19421189,0.05621403,0.040692516,0.015521516,0.17103075981140137
8130,0.19423446,0.19423446,0.056575134,0.04233409,0.014241043,0.17052626609802246,0.06933321,0.06933321
8131,0.19418938,0.19418938,0.06294756,0.049379822,0.013567732,0.1697700023651123
8132,0.19427463,0.19427463,0.05952453,0.042631704,0.016892826,0.1746046543121338
8133,0.1942062,0.1942062,0.056316923,0.039785054,0.01653187,0.1751079559326172
8134,0.19424228,0.19424228,0.058991253,0.042590637,0.016400617,0.17208218574523926
8135,0.19419092,0.19419092,0.05159401,0.037709437,0.013884572,0.170396089553833,0.06932842,0.06932842
8136,0.19427165,0.19427165,0.059092015,0.04294858,0.016143436,0.17058944702148438
8137,0.19546774,0.19546774,0.058346912,0.043308,0.015038912,0.17187714576721191
8138,0.19429615,0.19429615,0.059119456,0.043712985,0.01540647,0.17253971099853516
8139,0.1941846,0.1941846,0.056130424,0.041409913,0.014720512,0.17344880104064941
8140,0.19423746,0.19423746,0.056723017,0.04171895,0.015004069,0.1795032024383545,0.06932387,0.06932387
8141,0.19429617,0.19429617,0.051879417,0.037292138,0.0145872785,0.17383432388305664
8142,0.19420086,0.19420086,0.061176397,0.044847164,0.016329233,0.17539119720458984
8143,0.19426765,0.19426765,0.056398425,0.041547433,0.014850993,0.16584420204162598
8144,0.19419333,0.19419333,0.05958859,0.042624857,0.016963731,0.16412138938903809
8145,0.19429843,0.19429843,0.06123899,0.044566594,0.016672395,0.17087078094482422,0.069321066,0.069321066
8146,0.19424422,0.19424422,0.05556513,0.041048452,0.014516679,0.16790270805358887
8147,0.19425836,0.19425836,0.054963656,0.039345033,0.015618624,0.17104196548461914
8148,0.19436945,0.19436945,0.059593145,0.044340182,0.015252964,0.17510652542114258
8149,0.19440515,0.19440515,0.055766292,0.04205741,0.013708883,0.1715865135192871
8150,0.19425368,0.19425368,0.058821775,0.0428069,0.016014876,0.17060327529907227,0.069320604,0.069320604
8151,0.19595367,0.19595367,0.0604552,0.04573081,0.014724389,0.17129802703857422
8152,0.19417316,0.19417316,0.05887051,0.04162827,0.017242238,0.17144060134887695
8153,0.19428247,0.19428247,0.053212687,0.03910902,0.014103667,0.17098498344421387
8154,0.19425625,0.19425625,0.061012473,0.04503631,0.015976164,0.17192578315734863
8155,0.19441429,0.19441429,0.050186582,0.035344206,0.014842377,0.17726564407348633,0.06931933,0.06931933
8156,0.19420226,0.19420226,0.05628866,0.04038337,0.015905293,0.1782059669494629
8157,0.19420789,0.19420789,0.060229104,0.043026753,0.017202351,0.1872565746307373
8158,0.1943078,0.1943078,0.055867296,0.03994512,0.015922174,0.18205642700195312
8159,0.19430217,0.19430217,0.0548819,0.041035194,0.0138467075,0.17102861404418945
8160,0.1942508,0.1942508,0.061776035,0.04589969,0.015876347,0.17425799369812012,0.069318555,0.069318555
8161,0.19422963,0.19422963,0.057748206,0.042019054,0.01572915,0.17209720611572266
8162,0.19418328,0.19418328,0.05759697,0.041852616,0.015744355,0.170670747756958
8163,0.19422443,0.19422443,0.060151428,0.04321862,0.016932808,0.1712195873260498
8164,0.19425918,0.19425918,0.055679426,0.040442377,0.015237047,0.17252159118652344
8165,0.1942268,0.1942268,0.061441936,0.043143004,0.01829893,0.18149733543395996,0.069318436,0.069318436
8166,0.19498892,0.19498892,0.055146843,0.040079247,0.015067596,0.1752016544342041
8167,0.19421162,0.19421162,0.062022947,0.043990955,0.018031992,0.1735544204711914
8168,0.19417334,0.19417334,0.055793375,0.04026487,0.015528505,0.1782665252685547
8169,0.19425829,0.19425829,0.05732531,0.04178273,0.015542582,0.1775801181793213
8170,0.19433162,0.19433162,0.05812222,0.04249966,0.015622561,0.17337632179260254,0.06934526,0.06934526
8171,0.19457935,0.19457935,0.058038063,0.041065693,0.01697237,0.1716315746307373
8172,0.19465187,0.19465187,0.055132717,0.037959773,0.017172944,0.17160272598266602
8173,0.1942987,0.1942987,0.05510987,0.041004226,0.014105645,0.16900229454040527
8174,0.19422407,0.19422407,0.05923371,0.042311642,0.016922066,0.17039728164672852
8175,0.1948296,0.1948296,0.0564435,0.040604632,0.015838869,0.17089104652404785,0.06942921,0.06942921
8176,0.194784,0.194784,0.0600505,0.044030115,0.016020384,0.1755080223083496
8177,0.19480725,0.19480725,0.0585027,0.0417629,0.0167398,0.17095327377319336
8178,0.19428664,0.19428664,0.05640355,0.04099623,0.015407319,0.17102980613708496
8179,0.19447498,0.19447498,0.055713184,0.039671402,0.016041782,0.16678762435913086
8180,0.19433218,0.19433218,0.058802273,0.041099653,0.01770262,0.17168259620666504,0.069333166,0.069333166
8181,0.19422227,0.19422227,0.062113374,0.043884486,0.018228887,0.17057251930236816
8182,0.19449833,0.19449833,0.056381825,0.039956927,0.016424898,0.17261505126953125
8183,0.19450544,0.19450544,0.0585633,0.042803776,0.015759526,0.170257568359375
8184,0.19423853,0.19423853,0.05585373,0.041280493,0.014573235,0.16627836227416992
8185,0.19432755,0.19432755,0.058757335,0.043924015,0.014833318,0.17047977447509766,0.06932363,0.06932363
8186,0.19632688,0.19632688,0.059257343,0.044197354,0.015059988,0.17118167877197266
8187,0.19439071,0.19439071,0.05696965,0.040663473,0.016306179,0.17052841186523438
8188,0.19435596,0.19435596,0.056755118,0.039719053,0.017036064,0.1716458797454834
8189,0.19437882,0.19437882,0.052948937,0.036921594,0.016027344,0.171461820602417
8190,0.19435422,0.19435422,0.057086736,0.041025758,0.01606098,0.17507338523864746,0.06932373,0.06932373
8191,0.19434913,0.19434913,0.04866117,0.03494077,0.013720398,0.17327213287353516
8192,0.19480051,0.19480051,0.05370575,0.038247928,0.01545782,0.16572308540344238
8193,0.1946325,0.1946325,0.05650842,0.04155897,0.0149494475,0.17101812362670898
8194,0.19492714,0.19492714,0.06059237,0.04386535,0.016727021,0.17143630981445312
8195,0.19443436,0.19443436,0.06074032,0.042481296,0.018259022,0.1713259220123291,0.06932052,0.06932052
8196,0.19421835,0.19421835,0.054547954,0.038522407,0.016025547,0.17215609550476074
8197,0.19419658,0.19419658,0.053406615,0.037570696,0.015835918,0.18174481391906738
8198,0.19427627,0.19427627,0.057748687,0.041627362,0.016121324,0.1812911033630371
8199,0.19447471,0.19447471,0.060108252,0.043859787,0.016248465,0.18007826805114746
8200,0.1942876,0.1942876,0.060854435,0.043356407,0.01749803,0.16589570045471191,0.06932228,0.06932228
8201,0.19419658,0.19419658,0.05218093,0.037522335,0.014658597,0.16371440887451172
8202,0.19427994,0.19427994,0.053995438,0.037684917,0.01631052,0.16306519508361816
8203,0.19452636,0.19452636,0.059909426,0.043624055,0.01628537,0.1641092300415039
8204,0.19417664,0.19417664,0.056064986,0.04083302,0.015231969,0.17093777656555176
8205,0.19428492,0.19428492,0.055911224,0.040504355,0.015406868,0.176863431930542,0.06932844,0.06932844
8206,0.1944263,0.1944263,0.055577144,0.04100392,0.014573225,0.17007684707641602
8207,0.19421469,0.19421469,0.055993214,0.04160783,0.014385382,0.16844439506530762
8208,0.19492298,0.19492298,0.056177303,0.04052001,0.015657295,0.16395926475524902
8209,0.19431853,0.19431853,0.061100885,0.04309441,0.018006474,0.17629671096801758
8210,0.19430439,0.19430439,0.053896766,0.03706564,0.016831126,0.17014098167419434,0.06934022,0.06934022
8211,0.19423273,0.19423273,0.05513133,0.038826812,0.01630452,0.17138147354125977
8212,0.19506304,0.19506304,0.054747052,0.039551616,0.015195439,0.16558432579040527
8213,0.19443597,0.19443597,0.05933816,0.04311806,0.016220102,0.16450047492980957
8214,0.19478045,0.19478045,0.056264102,0.040365744,0.01589836,0.16592073440551758
8215,0.194242,0.194242,0.05686403,0.04034185,0.01652218,0.16491198539733887,0.06934315,0.06934315
8216,0.19443901,0.19443901,0.062309057,0.04566021,0.01664885,0.16373229026794434
8217,0.1942348,0.1942348,0.053265914,0.035622895,0.01764302,0.16408634185791016
8218,0.19426192,0.19426192,0.055695005,0.040464535,0.015230468,0.1650831699371338
8219,0.19430354,0.19430354,0.0613609,0.045945756,0.015415144,0.16607975959777832
8220,0.19436505,0.19436505,0.05751097,0.04192069,0.0155902775,0.17113614082336426,0.069332145,0.069332145
8221,0.19420433,0.19420433,0.055459443,0.04023199,0.015227451,0.16652941703796387
8222,0.19427162,0.19427162,0.057120733,0.040717326,0.016403405,0.1665184497833252
8223,0.19434196,0.19434196,0.058573857,0.04278725,0.015786609,0.1704235076904297
8224,0.19419543,0.19419543,0.05898398,0.042427707,0.016556274,0.16885995864868164
8225,0.19420204,0.19420204,0.0571267,0.04262477,0.014501927,0.18045806884765625,0.069325686,0.069325686
8226,0.1941948,0.1941948,0.053809892,0.037734907,0.016074985,0.18004536628723145
8227,0.1944023,0.1944023,0.055577435,0.039029546,0.01654789,0.1750621795654297
8228,0.19426791,0.19426791,0.056155138,0.04120296,0.014952178,0.17102861404418945
8229,0.19428799,0.19428799,0.051843584,0.037849694,0.013993889,0.1705477237701416
8230,0.19422449,0.19422449,0.060993895,0.04401992,0.016973976,0.1710970401763916,0.06932296,0.06932296
8231,0.19450974,0.19450974,0.05287173,0.038126998,0.0147447325,0.17096471786499023
8232,0.19425197,0.19425197,0.06319539,0.04496617,0.01822922,0.17181968688964844
8233,0.19418167,0.19418167,0.060366172,0.045182187,0.015183984,0.1733870506286621
8234,0.19420423,0.19420423,0.06079045,0.045190673,0.015599777,0.1816704273223877
8235,0.19425058,0.19425058,0.061597493,0.046739556,0.014857937,0.17514324188232422,0.06931993,0.06931993
8236,0.1941576,0.1941576,0.058996186,0.042698804,0.016297381,0.1711597442626953
8237,0.19416945,0.19416945,0.05967749,0.043252353,0.016425138,0.17020845413208008
8238,0.194319,0.194319,0.06335133,0.04688959,0.016461741,0.17131519317626953
8239,0.19426267,0.19426267,0.05622489,0.039702184,0.016522704,0.17042779922485352
8240,0.1943677,0.1943677,0.055289127,0.040380634,0.014908492,0.16429686546325684,0.069318734,0.069318734
8241,0.19417942,0.19417942,0.06485757,0.04814292,0.016714653,0.16618609428405762
8242,0.19425035,0.19425035,0.057648655,0.042429287,0.015219368,0.16375946998596191
8243,0.1942823,0.1942823,0.055934303,0.03978643,0.016147874,0.16537857055664062
8244,0.19419079,0.19419079,0.05478482,0.039914038,0.014870783,0.1713728904724121
8245,0.19423406,0.19423406,0.05147309,0.035431527,0.01604156,0.17064666748046875,0.06931899,0.06931899
8246,0.19544561,0.19544561,0.054893754,0.039297577,0.015596178,0.17133665084838867
8247,0.19429745,0.19429745,0.05816695,0.040644776,0.017522173,0.17068958282470703
8248,0.19415638,0.19415638,0.056259137,0.041202746,0.01505639,0.17227816581726074
8249,0.19417389,0.19417389,0.057619482,0.041281093,0.01633839,0.18116521835327148
8250,0.19631927,0.19631927,0.056533907,0.040446904,0.016087003,0.1770315170288086,0.0693201,0.0693201
8251,0.19426651,0.19426651,0.06105693,0.043159384,0.017897546,0.17186379432678223
8252,0.19419932,0.19419932,0.058237538,0.043499094,0.014738446,0.16709089279174805
8253,0.19582275,0.19582275,0.055492323,0.039624143,0.01586818,0.1716451644897461
8254,0.19430088,0.19430088,0.055877946,0.040955335,0.01492261,0.17122578620910645
8255,0.19441114,0.19441114,0.058038116,0.043710094,0.014328023,0.17087268829345703,0.06932293,0.06932293
8256,0.19441172,0.19441172,0.053266384,0.038593527,0.014672857,0.17098188400268555
8257,0.1942704,0.1942704,0.05617048,0.04030481,0.01586567,0.17279601097106934
8258,0.19427559,0.19427559,0.060609087,0.04368625,0.016922839,0.17095685005187988
8259,0.19477746,0.19477746,0.05413317,0.039422847,0.014710323,0.17737531661987305
8260,0.1941912,0.1941912,0.050992046,0.037019014,0.013973032,0.17055559158325195,0.06932812,0.06932812
8261,0.19426891,0.19426891,0.058941327,0.041138425,0.017802902,0.17179656028747559
8262,0.19429363,0.19429363,0.061440557,0.044087432,0.017353123,0.17203235626220703
8263,0.19418402,0.19418402,0.06062506,0.044498574,0.016126486,0.1715240478515625
8264,0.19432841,0.19432841,0.060122482,0.043705896,0.016416585,0.17083168029785156
8265,0.19418567,0.19418567,0.05759365,0.043106012,0.01448764,0.17505478858947754,0.06933463,0.06933463
8266,0.19463447,0.19463447,0.056256574,0.042488046,0.013768528,0.1766355037689209
8267,0.19437017,0.19437017,0.057539977,0.040359825,0.017180152,0.17682409286499023
8268,0.19424622,0.19424622,0.053022772,0.0373116,0.015711175,0.1754167079925537
8269,0.19416693,0.19416693,0.05396948,0.03804697,0.015922511,0.17035508155822754
8270,0.1941981,0.1941981,0.06258474,0.047045834,0.015538905,0.16767001152038574,0.069324166,0.069324166
8271,0.19420512,0.19420512,0.05906713,0.042969726,0.016097404,0.16607379913330078
8272,0.19422399,0.19422399,0.05633056,0.039202902,0.017127657,0.17197179794311523
8273,0.194337,0.194337,0.0536712,0.038526416,0.015144783,0.171644926071167
8274,0.19415149,0.19415149,0.05148701,0.03813446,0.013352551,0.17431640625
8275,0.19427547,0.19427547,0.059042044,0.041648977,0.017393067,0.17823410034179688,0.06932031,0.06932031
8276,0.19423057,0.19423057,0.05677901,0.040234253,0.016544756,0.17392849922180176
8277,0.19425368,0.19425368,0.0602465,0.04476141,0.015485088,0.17431092262268066
8278,0.19422463,0.19422463,0.05282945,0.03835998,0.014469473,0.1757514476776123
8279,0.19439067,0.19439067,0.058695495,0.04119402,0.017501473,0.16489720344543457
8280,0.19420739,0.19420739,0.056913007,0.0395564,0.017356608,0.1718590259552002,0.06931846,0.06931846
8281,0.19423409,0.19423409,0.056353375,0.039907612,0.016445763,0.17475295066833496
8282,0.1945337,0.1945337,0.060150377,0.044558678,0.015591699,0.1816871166229248
8283,0.19448793,0.19448793,0.062432475,0.043882802,0.018549675,0.17572498321533203
8284,0.19420798,0.19420798,0.057399306,0.040332623,0.017066684,0.16947555541992188
8285,0.19462363,0.19462363,0.061776545,0.045465853,0.016310692,0.1706862449645996,0.06931775,0.06931775
8286,0.19427711,0.19427711,0.05365294,0.038791843,0.014861096,0.1703035831451416
8287,0.19420627,0.19420627,0.057307027,0.041942805,0.015364223,0.17110919952392578
8288,0.19422056,0.19422056,0.0547492,0.0376086,0.017140595,0.17075872421264648
8289,0.19429752,0.19429752,0.0626928,0.0459944,0.0166984,0.16782307624816895
8290,0.19421428,0.19421428,0.06399018,0.04708521,0.016904972,0.1806657314300537,0.069317214,0.069317214
8291,0.19423123,0.19423123,0.056979187,0.040934037,0.01604515,0.17246127128601074
8292,0.19438092,0.19438092,0.059537373,0.04380523,0.015732141,0.17212629318237305
8293,0.19417493,0.19417493,0.05622595,0.039640415,0.016585536,0.16729187965393066
8294,0.19418103,0.19418103,0.05275216,0.037108507,0.015643653,0.17416167259216309
8295,0.19422412,0.19422412,0.06059271,0.042617947,0.017974764,0.17244195938110352,0.069317356,0.069317356
8296,0.19421066,0.19421066,0.048615206,0.03325224,0.015362967,0.17094898223876953
8297,0.19430277,0.19430277,0.057593733,0.04129172,0.016302014,0.17171192169189453
8298,0.19428302,0.19428302,0.05339126,0.03816868,0.015222579,0.18453049659729004
8299,0.1941756,0.1941756,0.06414369,0.04634537,0.017798316,0.17899632453918457
8300,0.19418806,0.19418806,0.055884123,0.039671246,0.016212875,0.17189908027648926,0.069317214,0.069317214
8301,0.19875602,0.19875602,0.058678746,0.04122069,0.017458057,0.17233800888061523
8302,0.19416757,0.19416757,0.051378626,0.038231105,0.013147522,0.17165184020996094
8303,0.19812492,0.19812492,0.05054278,0.03563912,0.014903663,0.1718904972076416
8304,0.19421619,0.19421619,0.05612769,0.039542347,0.016585344,0.17265820503234863
8305,0.1942087,0.1942087,0.06195128,0.045357168,0.016594112,0.1706249713897705,0.06931681,0.06931681
8306,0.19467635,0.19467635,0.05552662,0.038999617,0.016527006,0.17549824714660645
8307,0.19419602,0.19419602,0.057668075,0.042884715,0.014783362,0.17218542098999023
8308,0.19423778,0.19423778,0.05920378,0.042158704,0.017045079,0.17258667945861816
8309,0.19457129,0.19457129,0.060384665,0.0452687,0.015115966,0.17153167724609375
8310,0.19434653,0.19434653,0.057431765,0.0421793,0.0152524635,0.1770341396331787,0.06931656,0.06931656
8311,0.19446258,0.19446258,0.05449459,0.03880721,0.01568738,0.17040443420410156
8312,0.19940542,0.19940542,0.05998029,0.043033857,0.016946433,0.17191624641418457
8313,0.194275,0.194275,0.05647786,0.04101715,0.01546071,0.17261052131652832
8314,0.19422586,0.19422586,0.052838013,0.037914664,0.014923348,0.17253780364990234
8315,0.19417807,0.19417807,0.053860396,0.038920343,0.014940053,0.18228387832641602,0.06931689,0.06931689
8316,0.19424458,0.19424458,0.05618254,0.040512722,0.015669817,0.1818525791168213
8317,0.19419885,0.19419885,0.05946527,0.044557955,0.014907315,0.1761775016784668
8318,0.19421019,0.19421019,0.05623413,0.039563183,0.016670946,0.1719064712524414
8319,0.19423778,0.19423778,0.059305273,0.042412367,0.016892908,0.17168807983398438
8320,0.19432968,0.19432968,0.05414173,0.039783455,0.014358275,0.1704254150390625,0.06931698,0.06931698
8321,0.19427492,0.19427492,0.06022564,0.043656897,0.016568743,0.17180991172790527
8322,0.19429798,0.19429798,0.052548073,0.039177854,0.0133702215,0.17343640327453613
8323,0.19420372,0.19420372,0.058026746,0.042434007,0.01559274,0.17194890975952148
8324,0.19426069,0.19426069,0.06144034,0.045715906,0.015724435,0.17608356475830078
8325,0.19415864,0.19415864,0.05642469,0.040598236,0.015826453,0.1734919548034668,0.06931733,0.06931733
8326,0.19430102,0.19430102,0.06091542,0.044948336,0.015967086,0.16986417770385742
8327,0.19463184,0.19463184,0.057299282,0.042066067,0.015233215,0.17113518714904785
8328,0.19421883,0.19421883,0.055533413,0.039321393,0.01621202,0.17125153541564941
8329,0.19423683,0.19423683,0.057660304,0.041029308,0.016630994,0.1718308925628662
8330,0.19419922,0.19419922,0.059984595,0.04389134,0.016093252,0.17125916481018066,0.06931766,0.06931766
8331,0.19675285,0.19675285,0.055426307,0.039615333,0.015810974,0.17122149467468262
8332,0.19434913,0.19434913,0.054676995,0.039756194,0.014920802,0.18127894401550293
8333,0.19421513,0.19421513,0.06173002,0.044481687,0.017248334,0.1806352138519287
8334,0.19416703,0.19416703,0.05416008,0.040661283,0.013498797,0.1797318458557129
8335,0.19444679,0.19444679,0.0553025,0.040305644,0.014996857,0.17270159721374512,0.06931834,0.06931834
8336,0.19417888,0.19417888,0.0572261,0.041378047,0.015848054,0.17187118530273438
8337,0.19433849,0.19433849,0.05235889,0.037869643,0.014489248,0.17230224609375
8338,0.19418594,0.19418594,0.05947457,0.042697765,0.016776804,0.17174601554870605
8339,0.19420177,0.19420177,0.055554755,0.04069951,0.014855242,0.17189264297485352
8340,0.1941748,0.1941748,0.05873321,0.042567607,0.016165605,0.17144107818603516,0.069320194,0.069320194
8341,0.19416125,0.19416125,0.054083355,0.039608918,0.014474438,0.18147635459899902
8342,0.19434425,0.19434425,0.056079082,0.040931437,0.015147644,0.17216801643371582
8343,0.19425946,0.19425946,0.0586998,0.043242514,0.015457288,0.17224740982055664
8344,0.19422622,0.19422622,0.058804583,0.043877676,0.014926906,0.17043089866638184
8345,0.19430244,0.19430244,0.050859153,0.036801156,0.014057999,0.17141056060791016,0.06932118,0.06932118
8346,0.19417122,0.19417122,0.062036432,0.04663849,0.015397945,0.17212200164794922
8347,0.19423243,0.19423243,0.0589214,0.04375929,0.01516211,0.17086482048034668
8348,0.19417599,0.19417599,0.053678904,0.037379492,0.016299412,0.17265033721923828
8349,0.19420566,0.19420566,0.059022084,0.042939138,0.016082944,0.18136239051818848
8350,0.19437854,0.19437854,0.053979907,0.039209314,0.014770594,0.17565631866455078,0.06932124,0.06932124
8351,0.19429557,0.19429557,0.055071574,0.039469104,0.0156024685,0.17847657203674316
8352,0.19419186,0.19419186,0.055122234,0.038280457,0.016841775,0.1662132740020752
8353,0.1942048,0.1942048,0.053369604,0.038457856,0.014911748,0.16936016082763672
8354,0.1942344,0.1942344,0.060731113,0.045723554,0.015007561,0.1650068759918213
8355,0.19424826,0.19424826,0.053330403,0.039079577,0.014250827,0.17131686210632324,0.0693206,0.0693206
8356,0.19425687,0.19425687,0.056256883,0.038911894,0.017344987,0.1721198558807373
8357,0.1942588,0.1942588,0.05808272,0.04292594,0.01515678,0.18186211585998535
8358,0.19415729,0.19415729,0.05501951,0.039197832,0.015821677,0.18259716033935547
8359,0.19419803,0.19419803,0.053912528,0.03798533,0.015927197,0.1755681037902832
8360,0.19430523,0.19430523,0.06167469,0.043068442,0.01860625,0.17031407356262207,0.069319434,0.069319434
8361,0.19420932,0.19420932,0.05544893,0.041330136,0.014118793,0.17908883094787598
8362,0.19415978,0.19415978,0.061114848,0.0406563,0.020458547,0.17109394073486328
8363,0.19641964,0.19641964,0.056281295,0.039421808,0.016859487,0.17387008666992188
8364,0.19420291,0.19420291,0.05701789,0.041603252,0.015414636,0.17153644561767578
8365,0.19496168,0.19496168,0.055284426,0.040184837,0.01509959,0.17232012748718262,0.06931826,0.06931826
8366,0.19417022,0.19417022,0.059264533,0.042171117,0.017093414,0.1814870834350586
8367,0.1941858,0.1941858,0.05427953,0.03756823,0.016711298,0.1826169490814209
8368,0.1946006,0.1946006,0.05789547,0.040988114,0.016907357,0.1829853057861328
8369,0.19426513,0.19426513,0.058009446,0.041956533,0.016052915,0.17865991592407227
8370,0.19417463,0.19417463,0.05766309,0.04295526,0.014707828,0.17260408401489258,0.06931739,0.06931739
8371,0.19426449,0.19426449,0.057930432,0.0437292,0.014201229,0.17168378829956055
8372,0.19424598,0.19424598,0.059147403,0.041178923,0.017968478,0.17197036743164062
8373,0.19426864,0.19426864,0.056429677,0.040362064,0.016067615,0.1718754768371582
8374,0.1941875,0.1941875,0.056234635,0.042226933,0.0140077025,0.17119646072387695
8375,0.1942171,0.1942171,0.058593433,0.041216202,0.017377231,0.17148876190185547,0.06931754,0.06931754
8376,0.19419603,0.19419603,0.06081029,0.043911207,0.016899081,0.17993521690368652
8377,0.19419558,0.19419558,0.059585128,0.043892045,0.015693083,0.17672109603881836
8378,0.194178,0.194178,0.057252884,0.0406155,0.016637385,0.17186999320983887
8379,0.19429979,0.19429979,0.05694762,0.04259184,0.014355777,0.17195510864257812
8380,0.19595884,0.19595884,0.057948984,0.040895,0.017053984,0.172806978225708,0.06931811,0.06931811
8381,0.19423035,0.19423035,0.053082235,0.036514033,0.016568203,0.17243242263793945
8382,0.1943196,0.1943196,0.060539525,0.04401356,0.016525965,0.17087531089782715
8383,0.19416274,0.19416274,0.05635383,0.03941874,0.016935091,0.1652987003326416
8384,0.19418566,0.19418566,0.054575883,0.038698003,0.01587788,0.1770017147064209
8385,0.19414833,0.19414833,0.054464824,0.03976428,0.014700543,0.17997264862060547,0.06931888,0.06931888
8386,0.19417167,0.19417167,0.05563262,0.039180465,0.016452156,0.1747438907623291
8387,0.19426014,0.19426014,0.057646498,0.040385693,0.017260803,0.1725924015045166
8388,0.19429536,0.19429536,0.053331565,0.038853996,0.014477569,0.17177200317382812
8389,0.19421592,0.19421592,0.055076174,0.040248994,0.014827182,0.1744706630706787
8390,0.19417472,0.19417472,0.055972043,0.04010395,0.015868094,0.17403817176818848,0.0693193,0.0693193
8391,0.19432151,0.19432151,0.057825956,0.042211358,0.0156146,0.1718904972076416
8392,0.19424516,0.19424516,0.054302633,0.03998505,0.014317584,0.1735210418701172
8393,0.19457194,0.19457194,0.055998527,0.039777856,0.016220668,0.17630910873413086
8394,0.19422178,0.19422178,0.057567,0.041231677,0.016335325,0.1753520965576172
8395,0.19560781,0.19560781,0.060487412,0.04414465,0.016342765,0.17352843284606934,0.069318816,0.069318816
8396,0.19417244,0.19417244,0.052444533,0.037391815,0.015052719,0.1729123592376709
8397,0.19416672,0.19416672,0.058016136,0.041613776,0.016402358,0.17041254043579102
8398,0.19424896,0.19424896,0.060172684,0.04253057,0.017642114,0.1706700325012207
8399,0.19419773,0.19419773,0.056557294,0.04055807,0.015999224,0.17227458953857422
8400,0.19417344,0.19417344,0.051942747,0.036979694,0.014963054,0.1712357997894287,0.06931805,0.06931805
8401,0.19527407,0.19527407,0.057764616,0.04190868,0.015855934,0.18087410926818848
8402,0.19417667,0.19417667,0.058650702,0.042676173,0.01597453,0.18251252174377441
8403,0.19422214,0.19422214,0.05731885,0.04274057,0.014578282,0.1772010326385498
8404,0.1941688,0.1941688,0.056087498,0.0406145,0.015472998,0.17275047302246094
8405,0.19491458,0.19491458,0.05676636,0.04213443,0.014631929,0.1708054542541504,0.06931839,0.06931839
8406,0.1942683,0.1942683,0.055366606,0.038771834,0.016594773,0.17103362083435059
8407,0.19420573,0.19420573,0.06124615,0.045328908,0.015917243,0.1715703010559082
8408,0.19417547,0.19417547,0.05675202,0.041456837,0.0152951805,0.17115139961242676
8409,0.1967939,0.1967939,0.056145232,0.04063612,0.015509113,0.17334938049316406
8410,0.19439258,0.19439258,0.055022597,0.040249676,0.014772922,0.18217206001281738,0.06932047,0.06932047
8411,0.1941737,0.1941737,0.055642627,0.039302975,0.016339654,0.18522024154663086
8412,0.19598286,0.19598286,0.05484595,0.039124116,0.015721835,0.17687749862670898
8413,0.19417056,0.19417056,0.054543354,0.03851032,0.016033033,0.17238759994506836
8414,0.19429569,0.19429569,0.05896999,0.0422756,0.016694391,0.17237257957458496
8415,0.19420142,0.19420142,0.05595147,0.04126113,0.014690338,0.17255687713623047,0.0693238,0.0693238
8416,0.19419,0.19419,0.05841536,0.04092632,0.017489042,0.17460179328918457
8417,0.19417587,0.19417587,0.056146473,0.04033427,0.015812203,0.17284083366394043
8418,0.19568561,0.19568561,0.059948012,0.04353168,0.016416334,0.17308831214904785
8419,0.19443579,0.19443579,0.05561171,0.041155227,0.014456484,0.1733229160308838
8420,0.19453298,0.19453298,0.05816513,0.041730452,0.016434677,0.16769146919250488,0.06931952,0.06931952
8421,0.19428815,0.19428815,0.052943602,0.037216615,0.015726987,0.17527389526367188
8422,0.19418983,0.19418983,0.058263406,0.04351796,0.014745448,0.17688655853271484
8423,0.19421907,0.19421907,0.05397034,0.038763355,0.015206986,0.17245793342590332
8424,0.19424261,0.19424261,0.055835914,0.040319905,0.015516008,0.17508435249328613
8425,0.1942335,0.1942335,0.05520619,0.040530752,0.014675438,0.17525625228881836,0.06932791,0.06932791
8426,0.19434492,0.19434492,0.05566112,0.03798699,0.01767413,0.17142391204833984
8427,0.1944089,0.1944089,0.056008674,0.041555483,0.01445319,0.17153263092041016
8428,0.19429904,0.19429904,0.056210864,0.039844897,0.016365968,0.1826624870300293
8429,0.1944298,0.1944298,0.055395328,0.039059836,0.016335491,0.17840266227722168
8430,0.19436808,0.19436808,0.051636223,0.037582997,0.0140532255,0.17186856269836426,0.06935256,0.06935256
8431,0.19488071,0.19488071,0.054975722,0.038355045,0.016620677,0.1732921600341797
8432,0.19454463,0.19454463,0.05729015,0.040932175,0.016357975,0.17370390892028809
8433,0.19431779,0.19431779,0.05901119,0.039575867,0.019435322,0.17358636856079102
8434,0.19434921,0.19434921,0.057045605,0.041453034,0.01559257,0.17356371879577637
8435,0.19433361,0.19433361,0.056769732,0.040996574,0.015773159,0.17119765281677246,0.06939155,0.06939155
8436,0.19477737,0.19477737,0.052027453,0.035892215,0.016135238,0.17239761352539062
8437,0.19482204,0.19482204,0.05701983,0.040516548,0.016503284,0.1766066551208496
8438,0.1942895,0.1942895,0.058557242,0.041274548,0.017282693,0.17414307594299316
8439,0.19490968,0.19490968,0.051668663,0.03681143,0.014857233,0.1699659824371338
8440,0.19448763,0.19448763,0.057869792,0.041874096,0.015995696,0.16983699798583984,0.06937246,0.06937246
8441,0.19421837,0.19421837,0.05129114,0.03637729,0.014913853,0.17072582244873047
8442,0.19421297,0.19421297,0.055483505,0.038039453,0.017444052,0.17220830917358398
8443,0.19510205,0.19510205,0.06004545,0.041931458,0.018113995,0.1718308925628662
8444,0.19443843,0.19443843,0.049736954,0.034864143,0.014872814,0.17049932479858398
8445,0.19461231,0.19461231,0.05626902,0.03921932,0.017049702,0.17030048370361328,0.06934462,0.06934462
8446,0.1942478,0.1942478,0.055756696,0.039080396,0.016676297,0.1721053123474121
8447,0.19433631,0.19433631,0.054276027,0.040076114,0.014199914,0.17374897003173828
8448,0.19433583,0.19433583,0.059424587,0.043516196,0.01590839,0.17303824424743652
8449,0.19439997,0.19439997,0.057378653,0.041227747,0.016150907,0.17339015007019043
8450,0.19431125,0.19431125,0.055345573,0.04019389,0.015151682,0.17213153839111328,0.0693239,0.0693239
8451,0.19416012,0.19416012,0.054937873,0.038659863,0.01627801,0.1721947193145752
8452,0.19433022,0.19433022,0.056970067,0.040776063,0.016194006,0.1770012378692627
8453,0.19420232,0.19420232,0.060933445,0.045271967,0.015661478,0.18703269958496094
8454,0.1944072,0.1944072,0.05566611,0.039543305,0.016122807,0.18691277503967285
8455,0.19419737,0.19419737,0.056897808,0.042955007,0.0139427995,0.1776413917541504,0.06931606,0.06931606
8456,0.19432211,0.19432211,0.058842774,0.043522626,0.015320147,0.175034761428833
8457,0.19424881,0.19424881,0.05420742,0.03952138,0.0146860415,0.17809081077575684
8458,0.1943481,0.1943481,0.053478535,0.03889835,0.0145801855,0.17310810089111328
8459,0.19447322,0.19447322,0.0605821,0.042207163,0.018374937,0.1704108715057373
8460,0.19455566,0.19455566,0.055421706,0.04093489,0.014486817,0.17043042182922363,0.06932106,0.06932106
8461,0.19418971,0.19418971,0.05646228,0.041382108,0.015080172,0.17142510414123535
8462,0.1942324,0.1942324,0.055076797,0.039499473,0.015577325,0.1811361312866211
8463,0.1943002,0.1943002,0.056651898,0.040575936,0.016075961,0.18069076538085938
8464,0.1942189,0.1942189,0.05675525,0.039603587,0.017151661,0.18222808837890625
8465,0.19489214,0.19489214,0.05692471,0.04123697,0.015687736,0.17928171157836914,0.06932445,0.06932445
8466,0.19417302,0.19417302,0.055769905,0.040053833,0.015716074,0.17341065406799316
8467,0.19424534,0.19424534,0.056217406,0.03963306,0.016584344,0.17223429679870605
8468,0.19413999,0.19413999,0.055478364,0.03850628,0.016972084,0.17044925689697266
8469,0.1942234,0.1942234,0.05621557,0.03974039,0.016475176,0.17218494415283203
8470,0.19425347,0.19425347,0.05508441,0.03843238,0.016652033,0.17174625396728516,0.06932034,0.06932034
8471,0.19440985,0.19440985,0.056944534,0.03933723,0.017607303,0.1724870204925537
8472,0.19419086,0.19419086,0.053066626,0.03888159,0.0141850365,0.17897367477416992
8473,0.19420692,0.19420692,0.05588177,0.03756567,0.018316098,0.18213987350463867
8474,0.19420677,0.19420677,0.058416218,0.041307375,0.01710884,0.181962251663208
8475,0.194157,0.194157,0.054757968,0.040360846,0.014397124,0.17599701881408691,0.069317386,0.069317386
8476,0.19418567,0.19418567,0.062822595,0.04605474,0.016767856,0.1786174774169922
8477,0.19435883,0.19435883,0.05434917,0.037192833,0.017156338,0.1715531349182129
8478,0.19531496,0.19531496,0.058838814,0.042072862,0.016765952,0.1721346378326416
8479,0.19417562,0.19417562,0.059056178,0.043463655,0.015592523,0.17767858505249023
8480,0.19421779,0.19421779,0.057176642,0.041016456,0.016160186,0.17830467224121094,0.069315575,0.069315575
8481,0.19444363,0.19444363,0.054361224,0.03789336,0.016467864,0.17607474327087402
8482,0.19418453,0.19418453,0.053546105,0.039379194,0.01416691,0.18198847770690918
8483,0.1942436,0.1942436,0.05704905,0.038921546,0.018127505,0.18303179740905762
8484,0.19433,0.19433,0.054264184,0.038432688,0.015831497,0.1763465404510498
8485,0.19418426,0.19418426,0.059734,0.044071477,0.015662523,0.17725133895874023,0.0693148,0.0693148
8486,0.19422296,0.19422296,0.054084625,0.038801555,0.01528307,0.17510485649108887
8487,0.19421093,0.19421093,0.055888988,0.04000818,0.015880806,0.17079830169677734
8488,0.19699039,0.19699039,0.058148876,0.043968495,0.01418038,0.1663501262664795
8489,0.19454342,0.19454342,0.05775729,0.041562326,0.016194962,0.16966819763183594
8490,0.19440457,0.19440457,0.055319384,0.039425626,0.015893755,0.1693425178527832,0.06931833,0.06931833
8491,0.19622266,0.19622266,0.052259173,0.03786007,0.014399105,0.16855669021606445
8492,0.19427608,0.19427608,0.056875814,0.04103089,0.015844923,0.17767643928527832
8493,0.19437484,0.19437484,0.062113263,0.046804097,0.015309166,0.17754387855529785
8494,0.19441348,0.19441348,0.06195304,0.045372054,0.016580988,0.17134523391723633
8495,0.19420864,0.19420864,0.05769839,0.04196834,0.015730055,0.17061352729797363,0.06932369,0.06932369
8496,0.19501801,0.19501801,0.05914942,0.042968675,0.016180744,0.17026901245117188
8497,0.1942686,0.1942686,0.05331143,0.038740136,0.014571293,0.17013835906982422
8498,0.19421566,0.19421566,0.054415897,0.038243454,0.016172444,0.16725564002990723
8499,0.19419935,0.19419935,0.05244068,0.037620436,0.014820242,0.17063188552856445
8500,0.1942075,0.1942075,0.05290987,0.035749853,0.017160017,0.17796635627746582,0.06931962,0.06931962
8501,0.19444057,0.19444057,0.060706966,0.044544738,0.01616223,0.17270612716674805
8502,0.19420497,0.19420497,0.0545778,0.039739374,0.014838428,0.1715705394744873
8503,0.19767584,0.19767584,0.057706077,0.039827105,0.017878972,0.16718387603759766
8504,0.19655527,0.19655527,0.052713793,0.03811923,0.014594563,0.16964960098266602
8505,0.19436768,0.19436768,0.05518388,0.040130135,0.015053747,0.1681058406829834,0.06931784,0.06931784
8506,0.19425559,0.19425559,0.055076275,0.04030051,0.014775765,0.16808581352233887
8507,0.19437799,0.19437799,0.05250412,0.037727855,0.014776262,0.17130112648010254
8508,0.19414012,0.19414012,0.048729405,0.03531002,0.013419385,0.17078232765197754
8509,0.19420399,0.19420399,0.055360295,0.039868634,0.015491661,0.17336273193359375
8510,0.19421463,0.19421463,0.054735314,0.039493877,0.015241438,0.17078542709350586,0.06931897,0.06931897
8511,0.19415164,0.19415164,0.04986613,0.035793565,0.014072564,0.17165589332580566
8512,0.19417101,0.19417101,0.05613873,0.039496783,0.016641948,0.17161178588867188
8513,0.19426449,0.19426449,0.062292777,0.044502635,0.01779014,0.17846107482910156
8514,0.19416656,0.19416656,0.053703208,0.03964502,0.014058188,0.17316961288452148
8515,0.19423167,0.19423167,0.05383729,0.03906913,0.014768156,0.1824946403503418,0.069319844,0.069319844
8516,0.19439061,0.19439061,0.054624587,0.038706817,0.015917772,0.18486881256103516
8517,0.19422738,0.19422738,0.05592503,0.03916381,0.016761221,0.17480754852294922
8518,0.19454212,0.19454212,0.056776226,0.04151481,0.015261417,0.17377710342407227
8519,0.19425239,0.19425239,0.056826644,0.0387141,0.018112544,0.17284178733825684
8520,0.19439091,0.19439091,0.05247495,0.03412268,0.01835227,0.17205166816711426,0.069319785,0.069319785
8521,0.19415523,0.19415523,0.05644507,0.04092225,0.015522817,0.17084574699401855
8522,0.19524932,0.19524932,0.053193633,0.0395178,0.013675832,0.17187881469726562
8523,0.19433938,0.19433938,0.053050358,0.038939513,0.014110844,0.17346692085266113
8524,0.19416252,0.19416252,0.053193875,0.036538966,0.01665491,0.1763167381286621
8525,0.19502337,0.19502337,0.061319858,0.045700587,0.015619271,0.17651963233947754,0.06931901,0.06931901
8526,0.19422357,0.19422357,0.057484005,0.04100077,0.016483236,0.17201447486877441
8527,0.1941938,0.1941938,0.0578458,0.041734174,0.016111625,0.1717531681060791
8528,0.19421962,0.19421962,0.05334732,0.035547055,0.017800262,0.17231059074401855
8529,0.19418545,0.19418545,0.058865882,0.0423542,0.016511682,0.17349553108215332
8530,0.19419426,0.19419426,0.057913095,0.04129498,0.016618112,0.1718292236328125,0.06932049,0.06932049
8531,0.19420798,0.19420798,0.061610337,0.04462126,0.016989078,0.17301678657531738
8532,0.19428802,0.19428802,0.055427358,0.037934706,0.017492652,0.17801976203918457
8533,0.19429849,0.19429849,0.057178322,0.042501792,0.01467653,0.17592883110046387
8534,0.19869235,0.19869235,0.052722763,0.038181275,0.014541488,0.17666959762573242
8535,0.1946967,0.1946967,0.05467543,0.038513787,0.016161641,0.17660140991210938,0.06931611,0.06931611
8536,0.19426872,0.19426872,0.052397564,0.03738569,0.015011872,0.17719554901123047
8537,0.19421124,0.19421124,0.056735676,0.04109173,0.015643947,0.17197704315185547
8538,0.19436881,0.19436881,0.057688285,0.040664032,0.017024253,0.17094635963439941
8539,0.19421026,0.19421026,0.057050977,0.04210325,0.014947727,0.16992545127868652
8540,0.20014124,0.20014124,0.061996162,0.042218454,0.01977771,0.17133784294128418,0.06931643,0.06931643
8541,0.19418316,0.19418316,0.054548908,0.040289424,0.014259485,0.17242908477783203
8542,0.1941748,0.1941748,0.055187173,0.041493673,0.013693502,0.18645811080932617
8543,0.19430743,0.19430743,0.053859234,0.038854,0.015005236,0.18093585968017578
8544,0.1947499,0.1947499,0.059317037,0.041864663,0.017452376,0.17857646942138672
8545,0.19439884,0.19439884,0.056758612,0.040186312,0.016572298,0.17760467529296875,0.06936052,0.06936052
8546,0.19601138,0.19601138,0.052406326,0.037786793,0.014619532,0.17773222923278809
8547,0.19744018,0.19744018,0.05724307,0.04086392,0.01637915,0.17822694778442383
8548,0.19462201,0.19462201,0.054770447,0.037158344,0.017612103,0.1781926155090332
8549,0.19479793,0.19479793,0.056933455,0.039658062,0.017275395,0.17724394798278809
8550,0.19440842,0.19440842,0.05100855,0.036956757,0.01405179,0.17294001579284668,0.06934731,0.06934731
8551,0.1944162,0.1944162,0.0570898,0.039989352,0.017100448,0.17738962173461914
8552,0.19463521,0.19463521,0.05697094,0.04049407,0.01647687,0.1870577335357666
8553,0.19496666,0.19496666,0.055439595,0.04017693,0.015262662,0.18962764739990234
8554,0.19428119,0.19428119,0.058260813,0.042585928,0.015674883,0.18373918533325195
8555,0.19672795,0.19672795,0.054110378,0.040111315,0.013999065,0.17806744575500488,0.0693596,0.0693596
8556,0.19435684,0.19435684,0.05277847,0.03850833,0.014270142,0.1763298511505127
8557,0.19422364,0.19422364,0.060105678,0.043389626,0.016716052,0.17153239250183105
8558,0.19437358,0.19437358,0.062138297,0.04469514,0.017443156,0.17070603370666504
8559,0.19434471,0.19434471,0.055881664,0.040230464,0.015651202,0.17108511924743652
8560,0.19429977,0.19429977,0.057374015,0.04238856,0.014985457,0.170762300491333,0.06934971,0.06934971
8561,0.19675077,0.19675077,0.059783306,0.044240203,0.015543102,0.17092466354370117
8562,0.19421498,0.19421498,0.05766106,0.041527215,0.016133845,0.17185378074645996
8563,0.19424148,0.19424148,0.05729983,0.040320083,0.016979748,0.17522549629211426
8564,0.19477248,0.19477248,0.053871408,0.038090866,0.015780542,0.18043017387390137
8565,0.19436015,0.19436015,0.057367824,0.04059016,0.016777666,0.1697845458984375,0.069368094,0.069368094
8566,0.19439693,0.19439693,0.052927025,0.038653523,0.014273502,0.17144370079040527
8567,0.19444816,0.19444816,0.061279446,0.04343802,0.017841425,0.1718294620513916
8568,0.19447532,0.19447532,0.058659963,0.039088085,0.01957188,0.17214727401733398
8569,0.19465038,0.19465038,0.05928252,0.04251091,0.016771609,0.1726536750793457
8570,0.19436513,0.19436513,0.054616444,0.03854194,0.016074505,0.1723470687866211,0.069362625,0.069362625
8571,0.1944397,0.1944397,0.056187652,0.039551042,0.01663661,0.17453384399414062
8572,0.19433296,0.19433296,0.058792163,0.041707657,0.017084505,0.18193626403808594
8573,0.19434592,0.19434592,0.05686876,0.04101266,0.015856102,0.17604351043701172
8574,0.19433533,0.19433533,0.05543738,0.03859763,0.016839748,0.17313194274902344
8575,0.19426489,0.19426489,0.058263298,0.04129279,0.016970508,0.17262840270996094,0.06934703,0.06934703
8576,0.19422576,0.19422576,0.055297256,0.039288323,0.016008934,0.17166757583618164
8577,0.19424152,0.19424152,0.04984761,0.033904616,0.015942995,0.17130804061889648
8578,0.19446483,0.19446483,0.05615267,0.039440293,0.016712377,0.1719648838043213
8579,0.19506878,0.19506878,0.054287653,0.038918924,0.01536873,0.16700506210327148
8580,0.19423999,0.19423999,0.054826997,0.03925875,0.015568247,0.181427001953125,0.069338106,0.069338106
8581,0.19425845,0.19425845,0.05814217,0.04109372,0.01704845,0.18137431144714355
8582,0.19425625,0.19425625,0.05373418,0.037879206,0.015854973,0.17789149284362793
8583,0.1943357,0.1943357,0.0585139,0.041127194,0.017386705,0.17400169372558594
8584,0.19421704,0.19421704,0.054966822,0.04089934,0.014067483,0.17533659934997559
8585,0.19423713,0.19423713,0.056081526,0.039751463,0.016330065,0.17229509353637695,0.06933478,0.06933478
8586,0.19420749,0.19420749,0.05658187,0.04056201,0.016019857,0.17203021049499512
8587,0.19431075,0.19431075,0.058734886,0.04070191,0.018032977,0.17142677307128906
8588,0.19425777,0.19425777,0.056310378,0.04107063,0.015239748,0.17273545265197754
8589,0.19430625,0.19430625,0.05655392,0.04041358,0.016140338,0.1823267936706543
8590,0.19455665,0.19455665,0.05924639,0.04085806,0.018388331,0.17465686798095703,0.06933707,0.06933707
8591,0.19436279,0.19436279,0.05358212,0.039995544,0.013586577,0.1670234203338623
8592,0.19427763,0.19427763,0.058043394,0.040762015,0.01728138,0.16700172424316406
8593,0.1943201,0.1943201,0.05286337,0.037742864,0.015120505,0.1706845760345459
8594,0.19428638,0.19428638,0.056023058,0.039652858,0.0163702,0.17054343223571777
8595,0.19434611,0.19434611,0.06219677,0.043397833,0.018798934,0.1713852882385254,0.06934162,0.06934162
8596,0.19425985,0.19425985,0.05609696,0.03924446,0.016852498,0.17101573944091797
8597,0.19418445,0.19418445,0.056422666,0.04090352,0.015519147,0.17268872261047363
8598,0.19429992,0.19429992,0.05632729,0.038971964,0.017355328,0.17145490646362305
8599,0.19424415,0.19424415,0.05909904,0.04223985,0.01685919,0.16507458686828613
8600,0.19444418,0.19444418,0.055275656,0.03854219,0.016733468,0.16622591018676758,0.0693452,0.0693452
8601,0.19438328,0.19438328,0.05070948,0.03567024,0.015039238,0.17034339904785156
8602,0.19442493,0.19442493,0.059291262,0.040987,0.018304262,0.17026042938232422
8603,0.1942427,0.1942427,0.057842504,0.039979465,0.017863039,0.17060351371765137
8604,0.19429381,0.19429381,0.055119473,0.038699083,0.01642039,0.17101287841796875
8605,0.19443168,0.19443168,0.05838874,0.040146608,0.018242132,0.16757798194885254,0.069344774,0.069344774
8606,0.1941927,0.1941927,0.05910393,0.043492246,0.015611681,0.17020440101623535
8607,0.19428562,0.19428562,0.05423654,0.03775039,0.016486147,0.1716766357421875
8608,0.19428636,0.19428636,0.052171446,0.035767663,0.016403785,0.17116332054138184
8609,0.19439013,0.19439013,0.058694296,0.041328233,0.017366063,0.17117094993591309
8610,0.19423099,0.19423099,0.055836212,0.038235158,0.017601054,0.1711719036102295,0.06934016,0.06934016
8611,0.19430923,0.19430923,0.05719789,0.038549226,0.018648665,0.17448639869689941
8612,0.1941622,0.1941622,0.056064405,0.04046973,0.015594677,0.18146157264709473
8613,0.19420578,0.19420578,0.055180535,0.03967909,0.015501441,0.1761760711669922
8614,0.19417773,0.19417773,0.05181557,0.035221387,0.016594183,0.1772451400756836
8615,0.1942308,0.1942308,0.05785959,0.041982938,0.01587665,0.1698906421661377,0.06933399,0.06933399
8616,0.19428249,0.19428249,0.059402183,0.04305246,0.016349724,0.17155671119689941
8617,0.1941827,0.1941827,0.058626298,0.043549757,0.015076541,0.17003154754638672
8618,0.19427642,0.19427642,0.05566171,0.03917971,0.016482003,0.17066669464111328
8619,0.19417235,0.19417235,0.05263234,0.03732092,0.015311422,0.1724224090576172
8620,0.19439621,0.19439621,0.055748872,0.039820053,0.015928818,0.18174314498901367,0.06932861,0.06932861
8621,0.19417834,0.19417834,0.05403997,0.03853042,0.01550955,0.1800403594970703
8622,0.19431335,0.19431335,0.05340992,0.037285376,0.016124545,0.17375516891479492
8623,0.19417824,0.19417824,0.05965396,0.04237169,0.017282268,0.1700911521911621
8624,0.19422048,0.19422048,0.05387138,0.037958864,0.015912512,0.17068719863891602
8625,0.19431321,0.19431321,0.05812534,0.0412192,0.016906139,0.17061901092529297,0.069323756,0.069323756
8626,0.1942105,0.1942105,0.057072565,0.039162114,0.017910453,0.17065906524658203
8627,0.19445713,0.19445713,0.05362737,0.03699933,0.016628044,0.17078757286071777
8628,0.19518676,0.19518676,0.053939316,0.03724043,0.016698886,0.1721043586730957
8629,0.194362,0.194362,0.052522562,0.035721775,0.016800785,0.1808786392211914
8630,0.19532341,0.19532341,0.052023888,0.036932476,0.015091412,0.17481517791748047,0.06932142,0.06932142
8631,0.19422184,0.19422184,0.05311704,0.037843533,0.015273508,0.17104673385620117
8632,0.19423302,0.19423302,0.055638425,0.037960425,0.017678,0.17036724090576172
8633,0.19431059,0.19431059,0.056888916,0.041016538,0.015872376,0.17136740684509277
8634,0.19425495,0.19425495,0.054880932,0.039672572,0.015208362,0.17073965072631836
8635,0.19447944,0.19447944,0.05844264,0.042169973,0.016272668,0.16611385345458984,0.06931902,0.06931902
8636,0.19458318,0.19458318,0.0579101,0.040624984,0.017285114,0.17214131355285645
8637,0.19490978,0.19490978,0.059661433,0.041837167,0.017824266,0.17580866813659668
8638,0.19465812,0.19465812,0.06339167,0.044285152,0.01910652,0.17448186874389648
8639,0.19428793,0.19428793,0.054738007,0.038957544,0.015780466,0.17028021812438965
8640,0.19429572,0.19429572,0.053918704,0.0359738,0.017944904,0.1706862449645996,0.06931707,0.06931707
8641,0.19441019,0.19441019,0.05576183,0.038574036,0.017187791,0.17100977897644043
8642,0.19459108,0.19459108,0.055396136,0.040451482,0.014944654,0.17097210884094238
8643,0.1941949,0.1941949,0.05401826,0.038641714,0.015376547,0.17263460159301758
8644,0.19418472,0.19418472,0.052725423,0.03737245,0.015352973,0.18215155601501465
8645,0.1951937,0.1951937,0.058587953,0.04259728,0.015990674,0.1721796989440918,0.06931644,0.06931644
8646,0.19417511,0.19417511,0.055233322,0.037868135,0.017365186,0.16734051704406738
8647,0.19423677,0.19423677,0.051581625,0.036209106,0.0153725175,0.16916775703430176
8648,0.19420266,0.19420266,0.053866692,0.03935976,0.014506931,0.17630505561828613
8649,0.19423527,0.19423527,0.056140926,0.039745573,0.016395353,0.17859315872192383
8650,0.1941698,0.1941698,0.05346503,0.037948966,0.015516063,0.17445945739746094,0.06931619,0.06931619
8651,0.19422129,0.19422129,0.05850845,0.04209863,0.016409816,0.1726088523864746
8652,0.19425644,0.19425644,0.052904665,0.03802416,0.014880506,0.17403864860534668
8653,0.1942339,0.1942339,0.05335729,0.03789922,0.015458072,0.18476295471191406
8654,0.1942692,0.1942692,0.055160932,0.038867876,0.016293054,0.18177413940429688
8655,0.19463235,0.19463235,0.053755637,0.03855416,0.015201476,0.17871594429016113,0.06931614,0.06931614
8656,0.1948746,0.1948746,0.056679297,0.040510587,0.01616871,0.1713550090789795
8657,0.19420402,0.19420402,0.056645177,0.04077558,0.015869599,0.17282986640930176
8658,0.19419056,0.19419056,0.056431107,0.040880285,0.015550823,0.17217087745666504
8659,0.19419135,0.19419135,0.056295395,0.041212164,0.015083231,0.17126893997192383
8660,0.19416338,0.19416338,0.05891918,0.041760027,0.017159153,0.17148709297180176,0.06931832,0.06931832
8661,0.19418103,0.19418103,0.056095995,0.041252844,0.014843152,0.17153453826904297
8662,0.19420415,0.19420415,0.059590474,0.042932853,0.016657623,0.1742250919342041
8663,0.19417559,0.19417559,0.055974025,0.03982131,0.016152713,0.1720716953277588
8664,0.1942014,0.1942014,0.056729086,0.04069006,0.016039025,0.17013168334960938
8665,0.19415566,0.19415566,0.057106562,0.040394224,0.016712338,0.18286371231079102,0.0693199,0.0693199
8666,0.19418573,0.19418573,0.05817134,0.040802177,0.017369164,0.1723780632019043
8667,0.19422229,0.19422229,0.05640626,0.04089379,0.015512472,0.17556023597717285
8668,0.19417651,0.19417651,0.06005446,0.042905305,0.017149154,0.17719316482543945
8669,0.19419578,0.19419578,0.059552677,0.041820936,0.01773174,0.17807292938232422
8670,0.19423118,0.19423118,0.05978416,0.042132407,0.017651754,0.17500996589660645,0.069320284,0.069320284
8671,0.19429557,0.19429557,0.051948406,0.03508565,0.016862756,0.17873501777648926
8672,0.19430469,0.19430469,0.05550825,0.0398914,0.015616849,0.18415284156799316
8673,0.19421081,0.19421081,0.05150406,0.036859058,0.014645002,0.17734694480895996
8674,0.1941371,0.1941371,0.055716947,0.040029604,0.015687345,0.1729872226715088
8675,0.19417642,0.19417642,0.056902267,0.040403534,0.016498733,0.17260313034057617,0.069319,0.069319
8676,0.1942066,0.1942066,0.05439733,0.03787766,0.01651967,0.17083072662353516
8677,0.19418141,0.19418141,0.058958247,0.041727927,0.01723032,0.1703338623046875
8678,0.19417906,0.19417906,0.051476754,0.03733735,0.014139403,0.17190122604370117
8679,0.19423594,0.19423594,0.06203199,0.041927155,0.020104835,0.17041397094726562
8680,0.19417278,0.19417278,0.05413074,0.037486404,0.016644334,0.17344021797180176,0.06931794,0.06931794
8681,0.1941394,0.1941394,0.054774135,0.038649436,0.016124701,0.1723010540008545
8682,0.1942017,0.1942017,0.056943186,0.039471593,0.017471593,0.17440176010131836
8683,0.19414195,0.19414195,0.061232008,0.043547273,0.017684735,0.17274141311645508
8684,0.19420089,0.19420089,0.05413002,0.039627686,0.014502335,0.17023682594299316
8685,0.19423348,0.19423348,0.053488515,0.038608015,0.014880503,0.17086529731750488,0.06931729,0.06931729
8686,0.19417174,0.19417174,0.060567882,0.041551236,0.019016646,0.1706395149230957
8687,0.19455627,0.19455627,0.0604261,0.045225844,0.015200255,0.17191648483276367
8688,0.19468698,0.19468698,0.054362334,0.03944377,0.014918566,0.17178583145141602
8689,0.1941978,0.1941978,0.058242396,0.041012067,0.017230328,0.1780860424041748
8690,0.19412479,0.19412479,0.057961006,0.041718896,0.01624211,0.17670559883117676,0.069317125,0.069317125
8691,0.19418526,0.19418526,0.054220144,0.038891144,0.015328999,0.17073750495910645
8692,0.1941481,0.1941481,0.055700634,0.03998696,0.015713673,0.17048215866088867
8693,0.19421743,0.19421743,0.047813095,0.031883974,0.015929122,0.17069458961486816
8694,0.1941431,0.1941431,0.053238183,0.03791396,0.015324226,0.17143511772155762
8695,0.19425324,0.19425324,0.05618214,0.038353756,0.017828383,0.17107248306274414,0.069316804,0.069316804
8696,0.19476226,0.19476226,0.056411188,0.040505126,0.015906062,0.17839550971984863
8697,0.19475405,0.19475405,0.062063284,0.043847293,0.01821599,0.1762845516204834
8698,0.1942262,0.1942262,0.052539807,0.036704548,0.01583526,0.17368388175964355
8699,0.19415313,0.19415313,0.056571875,0.03978577,0.016786106,0.17292404174804688
8700,0.19418386,0.19418386,0.05412887,0.039603643,0.014525227,0.17123746871948242,0.06931678,0.06931678
8701,0.19464877,0.19464877,0.056494944,0.040479496,0.01601545,0.1724226474761963
8702,0.19444188,0.19444188,0.057621,0.04033702,0.01728398,0.17322683334350586
8703,0.20000511,0.20000511,0.05185122,0.037248656,0.014602563,0.1706240177154541
8704,0.19419242,0.19419242,0.05716601,0.03781617,0.01934984,0.1719529628753662
8705,0.19415218,0.19415218,0.057891518,0.03971899,0.018172527,0.17994117736816406,0.06931759,0.06931759
8706,0.19415797,0.19415797,0.060103796,0.041735616,0.01836818,0.17766547203063965
8707,0.19422348,0.19422348,0.056213126,0.04169542,0.014517704,0.1735677719116211
8708,0.19413646,0.19413646,0.060893826,0.04391175,0.016982073,0.17016935348510742
8709,0.194164,0.194164,0.057662055,0.042857725,0.014804332,0.165449857711792
8710,0.19418634,0.19418634,0.055519618,0.039832152,0.015687464,0.17015671730041504,0.06931881,0.06931881
8711,0.19415598,0.19415598,0.054078136,0.038134303,0.015943833,0.17287850379943848
8712,0.19448806,0.19448806,0.056772605,0.038906965,0.01786564,0.17311668395996094
8713,0.19416043,0.19416043,0.057323735,0.040351965,0.01697177,0.17348122596740723
8714,0.19425623,0.19425623,0.053764097,0.03730784,0.01645626,0.1814255714416504
8715,0.19439846,0.19439846,0.057566278,0.039490715,0.018075563,0.17127680778503418,0.06931965,0.06931965
8716,0.1944015,0.1944015,0.0552377,0.03942821,0.015809488,0.17413902282714844
8717,0.19414295,0.19414295,0.05352217,0.038264118,0.015258053,0.17057061195373535
8718,0.19434154,0.19434154,0.056090374,0.03804113,0.018049244,0.17186999320983887
8719,0.19419932,0.19419932,0.05495642,0.039116,0.015840422,0.17070221900939941
8720,0.19421531,0.19421531,0.05379321,0.03709225,0.01670096,0.17264771461486816,0.06931979,0.06931979
8721,0.194189,0.194189,0.056550946,0.03976788,0.016783066,0.17348647117614746
8722,0.19416507,0.19416507,0.051613398,0.03450887,0.01710453,0.1828169822692871
8723,0.19448097,0.19448097,0.055989042,0.038899943,0.017089097,0.18302416801452637
8724,0.19422966,0.19422966,0.059355803,0.04162331,0.017732492,0.18064045906066895
8725,0.19415887,0.19415887,0.05372562,0.03738959,0.016336028,0.17618536949157715,0.06932118,0.06932118
8726,0.19420297,0.19420297,0.05579288,0.039355062,0.016437817,0.16991639137268066
8727,0.1942908,0.1942908,0.056419935,0.039916206,0.016503729,0.17056536674499512
8728,0.19416033,0.19416033,0.054401856,0.038043935,0.016357921,0.17078590393066406
8729,0.19414249,0.19414249,0.057969652,0.03848893,0.019480722,0.1732165813446045
8730,0.19426948,0.19426948,0.050889157,0.036137514,0.014751644,0.1705007553100586,0.069321655,0.069321655
8731,0.19414234,0.19414234,0.055321023,0.038663194,0.01665783,0.17222118377685547
8732,0.19414249,0.19414249,0.06226987,0.045324627,0.016945243,0.17548918724060059
8733,0.19419917,0.19419917,0.05743832,0.040863674,0.016574645,0.17430353164672852
8734,0.19417545,0.19417545,0.05412381,0.038600296,0.015523517,0.17153096199035645
8735,0.19458564,0.19458564,0.05007778,0.035096165,0.014981614,0.16479229927062988,0.06932055,0.06932055
8736,0.19417703,0.19417703,0.060132734,0.042233467,0.017899266,0.17003393173217773
8737,0.19426805,0.19426805,0.054627575,0.038326655,0.01630092,0.1705019474029541
8738,0.1942775,0.1942775,0.054557655,0.039562292,0.014995364,0.1730959415435791
8739,0.19527496,0.19527496,0.05813601,0.042024087,0.016111923,0.18198204040527344
8740,0.19414203,0.19414203,0.057485767,0.040577896,0.01690787,0.17984747886657715,0.0693201,0.0693201
8741,0.19414254,0.19414254,0.05576542,0.04061311,0.015152309,0.17385530471801758
8742,0.19412982,0.19412982,0.062260196,0.043852586,0.01840761,0.1701350212097168
8743,0.19417842,0.19417842,0.06089268,0.041628066,0.019264614,0.1667640209197998
8744,0.19416927,0.19416927,0.062082835,0.043896623,0.018186212,0.17072105407714844
8745,0.19423038,0.19423038,0.05706242,0.041841634,0.015220786,0.17055916786193848,0.069319,0.069319
8746,0.1942247,0.1942247,0.057398632,0.04083667,0.016561965,0.17165923118591309
8747,0.19422314,0.19422314,0.05514426,0.038457047,0.016687214,0.17737317085266113
8748,0.1941548,0.1941548,0.056702137,0.039743133,0.016959006,0.18124151229858398
8749,0.1941734,0.1941734,0.055938147,0.03793522,0.01800293,0.1760120391845703
8750,0.19415508,0.19415508,0.055036075,0.039904013,0.01513206,0.17085933685302734,0.06931834,0.06931834
8751,0.19422111,0.19422111,0.05921994,0.041795157,0.017424786,0.17011737823486328
8752,0.19420001,0.19420001,0.05456146,0.037590556,0.016970903,0.1706395149230957
8753,0.19424759,0.19424759,0.054922912,0.037944067,0.016978845,0.17134571075439453
8754,0.1949273,0.1949273,0.06046127,0.04320722,0.01725405,0.17161154747009277
8755,0.19415577,0.19415577,0.063137345,0.0443851,0.018752243,0.17583322525024414,0.06931791,0.06931791
8756,0.19638988,0.19638988,0.05857203,0.041191243,0.017380789,0.1827859878540039
8757,0.1941724,0.1941724,0.057359237,0.03931094,0.018048298,0.1826472282409668
8758,0.19416866,0.19416866,0.05342739,0.036074687,0.017352704,0.1782524585723877
8759,0.1941827,0.1941827,0.056998357,0.039007768,0.01799059,0.1735670566558838
8760,0.19476445,0.19476445,0.059786066,0.040819936,0.018966129,0.16553092002868652,0.069316946,0.069316946
8761,0.19448723,0.19448723,0.056923006,0.040707294,0.016215712,0.17104029655456543
8762,0.19413967,0.19413967,0.054424554,0.03788747,0.016537087,0.17223095893859863
8763,0.19419023,0.19419023,0.05911582,0.04144971,0.017666109,0.17003369331359863
8764,0.19416444,0.19416444,0.05454281,0.037833177,0.016709631,0.17038345336914062
8765,0.19414891,0.19414891,0.060172535,0.04404082,0.016131712,0.17835021018981934,0.069316424,0.069316424
8766,0.19416039,0.19416039,0.056520194,0.040096596,0.016423598,0.180023193359375
8767,0.19415408,0.19415408,0.054022692,0.037549764,0.01647293,0.17093515396118164
8768,0.19429134,0.19429134,0.046975583,0.031861097,0.015114488,0.16963934898376465
8769,0.19416232,0.19416232,0.051218495,0.035200983,0.016017511,0.17022371292114258
8770,0.1941362,0.1941362,0.052349094,0.036245365,0.01610373,0.17058038711547852,0.06931578,0.06931578
8771,0.1941709,0.1941709,0.056021485,0.039518345,0.01650314,0.17139410972595215
8772,0.19421598,0.19421598,0.055378996,0.03815093,0.017228067,0.17080044746398926
8773,0.19415185,0.19415185,0.05588575,0.039775666,0.016110085,0.17238831520080566
8774,0.19419956,0.19419956,0.0600955,0.04060426,0.01949124,0.17099857330322266
8775,0.19420645,0.19420645,0.056986522,0.039596286,0.017390236,0.17049121856689453,0.06931567,0.06931567
8776,0.19415684,0.19415684,0.059497137,0.04031666,0.019180477,0.17078542709350586
8777,0.1944929,0.1944929,0.055601157,0.040542573,0.015058583,0.1648411750793457
8778,0.19418065,0.19418065,0.059342846,0.04272635,0.016616497,0.1702136993408203
8779,0.19416761,0.19416761,0.055882305,0.039444853,0.016437454,0.17103004455566406
8780,0.19415312,0.19415312,0.06028462,0.043812513,0.016472105,0.1724703311920166,0.069315754,0.069315754
8781,0.19425544,0.19425544,0.053081676,0.036839977,0.016241701,0.17984628677368164
8782,0.19414523,0.19414523,0.05506865,0.03883275,0.016235897,0.17634892463684082
8783,0.19416124,0.19416124,0.05675236,0.038732573,0.01801979,0.1650841236114502
8784,0.19420572,0.19420572,0.05255472,0.03691115,0.01564357,0.1708223819732666
8785,0.19412875,0.19412875,0.052097317,0.036732715,0.015364602,0.17589902877807617,0.06931578,0.06931578
8786,0.19414932,0.19414932,0.056508895,0.03968383,0.016825065,0.17495226860046387
8787,0.19415115,0.19415115,0.058827292,0.041670904,0.017156389,0.17524361610412598
8788,0.19420052,0.19420052,0.058462165,0.041331146,0.01713102,0.17069244384765625
8789,0.1941845,0.1941845,0.055197753,0.038035586,0.017162165,0.17694854736328125
8790,0.19411817,0.19411817,0.059275236,0.042511143,0.016764093,0.16677093505859375,0.06931597,0.06931597
8791,0.1941091,0.1941091,0.057043433,0.03996517,0.01707826,0.17365145683288574
8792,0.19413795,0.19413795,0.05577121,0.036205992,0.019565215,0.17056035995483398
8793,0.19413368,0.19413368,0.05766218,0.04131884,0.01634334,0.17126798629760742
8794,0.19413023,0.19413023,0.05742356,0.040335283,0.017088281,0.1711578369140625
8795,0.19417521,0.19417521,0.05543095,0.0407773,0.014653648,0.17044878005981445,0.06931618,0.06931618
8796,0.19431858,0.19431858,0.05456578,0.038898945,0.015666837,0.17070865631103516
8797,0.1941384,0.1941384,0.062124833,0.04407461,0.018050225,0.17353343963623047
8798,0.19413793,0.19413793,0.05733385,0.040951334,0.016382515,0.17278504371643066
8799,0.19441082,0.19441082,0.05393283,0.038381316,0.015551516,0.17016005516052246
8800,0.1941211,0.1941211,0.05385886,0.037593167,0.016265692,0.17015933990478516,0.06931582,0.06931582
8801,0.19415714,0.19415714,0.057128713,0.040910702,0.01621801,0.17010283470153809
8802,0.19415294,0.19415294,0.052835964,0.03740774,0.015428223,0.17052435874938965
8803,0.19412464,0.19412464,0.052917004,0.036768127,0.016148875,0.1704704761505127
8804,0.19419394,0.19419394,0.050778985,0.03588759,0.014891395,0.17081308364868164
8805,0.19416313,0.19416313,0.054153986,0.038249753,0.015904231,0.1711256504058838,0.069315635,0.069315635
8806,0.19414009,0.19414009,0.060848154,0.041485336,0.019362818,0.1707139015197754
8807,0.19412126,0.19412126,0.054342896,0.037935972,0.016406925,0.17119550704956055
8808,0.19416359,0.19416359,0.05498298,0.039247226,0.015735753,0.17041707038879395
8809,0.19415572,0.19415572,0.05833337,0.03984443,0.01848894,0.17093467712402344
8810,0.19412486,0.19412486,0.05133221,0.036394432,0.014937777,0.17058038711547852,0.06931583,0.06931583
8811,0.19414574,0.19414574,0.053447142,0.03867677,0.014770376,0.17179226875305176
8812,0.19414753,0.19414753,0.057142973,0.04114453,0.015998444,0.17935681343078613
8813,0.1943229,0.1943229,0.05506961,0.040391024,0.014678588,0.1779003143310547
8814,0.19417581,0.19417581,0.054722786,0.038170766,0.016552022,0.17111468315124512
8815,0.19414772,0.19414772,0.05597675,0.039432094,0.016544655,0.1655576229095459,0.06931561,0.06931561
8816,0.19507408,0.19507408,0.05819896,0.041394457,0.0168045,0.17160367965698242
8817,0.1941156,0.1941156,0.05489751,0.03864804,0.016249472,0.17696166038513184
8818,0.19416393,0.19416393,0.056662895,0.038939517,0.017723376,0.16707062721252441
8819,0.19414558,0.19414558,0.058904376,0.041842107,0.01706227,0.17142319679260254
8820,0.19414236,0.19414236,0.05825411,0.041125942,0.01712817,0.17090511322021484,0.069315426,0.069315426
8821,0.1941517,0.1941517,0.057640433,0.040301114,0.017339319,0.17047739028930664
8822,0.19412029,0.19412029,0.059179585,0.04024522,0.018934365,0.16995835304260254
8823,0.19414699,0.19414699,0.051915366,0.035977475,0.01593789,0.1714487075805664
8824,0.19417016,0.19417016,0.05577901,0.03974469,0.016034322,0.17134809494018555
8825,0.19412361,0.19412361,0.05330765,0.0395078,0.013799849,0.16701340675354004,0.06931568,0.06931568
8826,0.19412012,0.19412012,0.05325649,0.03633295,0.01692354,0.17120075225830078
8827,0.19449057,0.19449057,0.05981628,0.042407397,0.01740888,0.17130231857299805
8828,0.19414154,0.19414154,0.059522826,0.041246574,0.018276252,0.1721785068511963
8829,0.19413501,0.19413501,0.056948327,0.042043976,0.01490435,0.17186999320983887
8830,0.1942634,0.1942634,0.05531399,0.037771165,0.017542826,0.17112207412719727,0.069316365,0.069316365
8831,0.1941466,0.1941466,0.058638938,0.04188868,0.016750257,0.17013049125671387
8832,0.19422852,0.19422852,0.054561563,0.03927758,0.015283982,0.17140793800354004
8833,0.19412346,0.19412346,0.05834311,0.04254686,0.015796248,0.17354393005371094
8834,0.19414097,0.19414097,0.05458481,0.03847187,0.01611294,0.17156505584716797
8835,0.19415624,0.19415624,0.054568917,0.037478764,0.017090155,0.17064356803894043,0.06931607,0.06931607
8836,0.19414467,0.19414467,0.058011528,0.041945152,0.016066376,0.17361140251159668
8837,0.19419734,0.19419734,0.051500216,0.036635883,0.014864334,0.1663215160369873
8838,0.19425109,0.19425109,0.05636854,0.04027862,0.01608992,0.17168498039245605
8839,0.19413151,0.19413151,0.053167883,0.03607661,0.017091274,0.16579699516296387
8840,0.19414638,0.19414638,0.05550105,0.03939995,0.016101098,0.17183279991149902,0.06931558,0.06931558
8841,0.19414487,0.19414487,0.056246355,0.04056227,0.015684085,0.1713559627532959
8842,0.19416389,0.19416389,0.057339497,0.04144971,0.015889786,0.17247915267944336
8843,0.19413015,0.19413015,0.056558274,0.039304547,0.017253725,0.17325663566589355
8844,0.19415851,0.19415851,0.052811366,0.03631041,0.016500957,0.18161869049072266
8845,0.19413002,0.19413002,0.0613659,0.042839345,0.018526554,0.18001985549926758,0.06931511,0.06931511
8846,0.19415298,0.19415298,0.056366526,0.038532566,0.01783396,0.17290568351745605
8847,0.1941402,0.1941402,0.052677114,0.038765218,0.013911896,0.17159819602966309
8848,0.19411895,0.19411895,0.050522026,0.03495069,0.015571336,0.17083024978637695
8849,0.19413793,0.19413793,0.058140367,0.040097017,0.018043352,0.17137765884399414
8850,0.19461612,0.19461612,0.05514168,0.038663924,0.016477754,0.17105340957641602,0.06931483,0.06931483
8851,0.19416113,0.19416113,0.057137676,0.040603384,0.016534291,0.1736900806427002
8852,0.19412361,0.19412361,0.051906634,0.0369724,0.014934235,0.18005919456481934
8853,0.19415562,0.19415562,0.054574378,0.038122404,0.016451975,0.17816710472106934
8854,0.19411953,0.19411953,0.0525314,0.03794853,0.0145828705,0.17226004600524902
8855,0.19425954,0.19425954,0.054116797,0.03783892,0.016277876,0.1707158088684082,0.069314785,0.069314785
8856,0.1941731,0.1941731,0.055203028,0.037476297,0.017726729,0.17156171798706055
8857,0.19411422,0.19411422,0.051360898,0.036796734,0.014564162,0.17084479331970215
8858,0.19418018,0.19418018,0.05507129,0.03932838,0.01574291,0.17056798934936523
8859,0.19410613,0.19410613,0.054990053,0.038172837,0.016817218,0.17153310775756836
8860,0.19416682,0.19416682,0.056728404,0.039725047,0.017003357,0.17763018608093262,0.06931479,0.06931479
8861,0.19411659,0.19411659,0.05658956,0.04023026,0.016359301,0.1772141456604004
8862,0.19413368,0.19413368,0.06209813,0.04401043,0.018087698,0.1663987636566162
8863,0.1941453,0.1941453,0.053723577,0.038387913,0.015335665,0.1702404022216797
8864,0.19414163,0.19414163,0.05513536,0.037337635,0.017797725,0.1668713092803955
8865,0.19412014,0.19412014,0.05474984,0.037704755,0.017045084,0.17150449752807617,0.06931475,0.06931475
8866,0.19412956,0.19412956,0.056232806,0.039034083,0.017198723,0.17131328582763672
8867,0.19411972,0.19411972,0.056007825,0.03881665,0.017191175,0.17246055603027344
8868,0.19414258,0.19414258,0.054289892,0.039697587,0.014592304,0.18642735481262207
8869,0.1941228,0.1941228,0.052953932,0.037487987,0.015465946,0.18219494819641113
8870,0.19415501,0.19415501,0.053855468,0.03684545,0.017010018,0.1756610870361328,0.06931474,0.06931474
8871,0.19419597,0.19419597,0.054490317,0.037239302,0.017251015,0.17189407348632812
8872,0.19440497,0.19440497,0.057777368,0.039900247,0.017877119,0.17163729667663574
8873,0.1941268,0.1941268,0.054298922,0.038222034,0.016076887,0.1749720573425293
8874,0.1941619,0.1941619,0.0560027,0.038441755,0.017560942,0.17042255401611328
8875,0.19413453,0.19413453,0.056025036,0.03959191,0.016433125,0.17444849014282227,0.0693148,0.0693148
8876,0.19413072,0.19413072,0.054264583,0.039704435,0.014560149,0.1727735996246338
8877,0.19412181,0.19412181,0.057563655,0.038869575,0.018694079,0.17400360107421875
8878,0.19413207,0.19413207,0.05571209,0.03908586,0.016626226,0.18475937843322754
8879,0.1941323,0.1941323,0.057324544,0.038962632,0.018361913,0.17693209648132324
8880,0.19419162,0.19419162,0.056753766,0.040059667,0.016694099,0.17328786849975586,0.069314785,0.069314785
8881,0.19425075,0.19425075,0.053960457,0.037332393,0.016628062,0.17346501350402832
8882,0.19414909,0.19414909,0.048835773,0.034518175,0.014317599,0.17220807075500488
8883,0.19420502,0.19420502,0.05442937,0.037895672,0.016533699,0.16959047317504883
8884,0.19432689,0.19432689,0.054669507,0.039285775,0.015383732,0.17090868949890137
8885,0.19411422,0.19411422,0.055815637,0.038031287,0.01778435,0.16950130462646484,0.06931475,0.06931475
8886,0.19420677,0.19420677,0.053995226,0.037915856,0.01607937,0.18358469009399414
8887,0.19414303,0.19414303,0.052742872,0.036869474,0.015873399,0.18128633499145508
8888,0.19410768,0.19410768,0.059835367,0.042814106,0.017021261,0.18065738677978516
8889,0.19414978,0.19414978,0.0528399,0.036866177,0.015973724,0.1743464469909668
8890,0.19411635,0.19411635,0.05410197,0.039277,0.0148249725,0.17091631889343262,0.06931491,0.06931491
8891,0.19414231,0.19414231,0.054722205,0.036985435,0.017736768,0.17384839057922363
8892,0.1941444,0.1941444,0.051171195,0.036144845,0.015026349,0.17192745208740234
8893,0.19414304,0.19414304,0.06147021,0.043372504,0.018097706,0.1700611114501953
8894,0.19412458,0.19412458,0.056598064,0.040654954,0.01594311,0.17049074172973633
8895,0.19417803,0.19417803,0.051479165,0.037343625,0.014135539,0.17197036743164062,0.06931495,0.06931495
8896,0.19411045,0.19411045,0.054349437,0.038354415,0.01599502,0.1824626922607422
8897,0.19412471,0.19412471,0.054008283,0.03808129,0.015926994,0.1809697151184082
8898,0.19413985,0.19413985,0.057305533,0.0410366,0.016268935,0.1744241714477539
8899,0.19410433,0.19410433,0.05318245,0.03830523,0.014877218,0.17053771018981934
8900,0.1941513,0.1941513,0.052903313,0.03882411,0.014079203,0.17246770858764648,0.06931505,0.06931505
8901,0.19413063,0.19413063,0.05420334,0.038731292,0.015472045,0.17260479927062988
8902,0.19414823,0.19414823,0.05330437,0.03769851,0.01560586,0.17050385475158691
8903,0.19412862,0.19412862,0.054074153,0.039162654,0.014911501,0.17166376113891602
8904,0.19424671,0.19424671,0.05511609,0.03978128,0.01533481,0.1772146224975586
8905,0.19413382,0.19413382,0.054751687,0.03945212,0.015299568,0.17588376998901367,0.06931493,0.06931493
8906,0.19412906,0.19412906,0.050422534,0.03509015,0.015332384,0.17142987251281738
8907,0.19413519,0.19413519,0.057989717,0.041983657,0.016006058,0.1711127758026123
8908,0.19411622,0.19411622,0.05894839,0.042525902,0.01642249,0.1718604564666748
8909,0.19414932,0.19414932,0.05495536,0.03994902,0.01500634,0.17075014114379883
8910,0.19414708,0.19414708,0.050317746,0.037196234,0.013121513,0.17286109924316406,0.069314875,0.069314875
8911,0.1941207,0.1941207,0.05383174,0.037213027,0.016618714,0.17208576202392578
8912,0.19413273,0.19413273,0.05884818,0.042057373,0.01679081,0.17909622192382812
8913,0.19416694,0.19416694,0.058532797,0.041722246,0.016810553,0.18192124366760254
8914,0.19412944,0.19412944,0.056269765,0.04017742,0.016092343,0.1764371395111084
8915,0.19420101,0.19420101,0.05211662,0.038110208,0.0140064135,0.17122840881347656,0.069315046,0.069315046
8916,0.194125,0.194125,0.052159056,0.03671249,0.015446564,0.17095017433166504
8917,0.19411995,0.19411995,0.056110956,0.04111716,0.014993796,0.17690682411193848
8918,0.1941814,0.1941814,0.05745464,0.042364918,0.015089719,0.17883038520812988
8919,0.19418861,0.19418861,0.057375096,0.04241102,0.014964079,0.18689417839050293
8920,0.19412608,0.19412608,0.0535569,0.03747171,0.016085189,0.17798113822937012,0.06931519,0.06931519
8921,0.19411007,0.19411007,0.053338364,0.03809175,0.015246614,0.1781456470489502
8922,0.19415046,0.19415046,0.054342806,0.03876178,0.015581026,0.18300437927246094
8923,0.19414134,0.19414134,0.05781349,0.041856162,0.01595733,0.1892242431640625
8924,0.19436538,0.19436538,0.058951706,0.041645985,0.017305722,0.18518829345703125
8925,0.19411777,0.19411777,0.05123444,0.035955977,0.015278464,0.1763920783996582,0.069315486,0.069315486
8926,0.19412832,0.19412832,0.055294946,0.039472874,0.015822073,0.18054842948913574
8927,0.19414978,0.19414978,0.057198122,0.04007118,0.017126944,0.18079090118408203
8928,0.19411565,0.19411565,0.053122357,0.036884874,0.016237484,0.17395901679992676
8929,0.19414826,0.19414826,0.052457422,0.03694939,0.015508033,0.17019915580749512
8930,0.19558197,0.19558197,0.05845949,0.040862396,0.017597092,0.16561436653137207,0.069316134,0.069316134
8931,0.20552792,0.20552792,0.055957586,0.040322416,0.015635168,0.17075490951538086
8932,0.19414316,0.19414316,0.05694315,0.04023811,0.016705038,0.1702744960784912
8933,0.19416137,0.19416137,0.0546532,0.037637755,0.017015446,0.17061281204223633
8934,0.19429035,0.19429035,0.055890054,0.039252535,0.016637517,0.17621874809265137
8935,0.19460471,0.19460471,0.05200663,0.036847103,0.015159525,0.1754300594329834,0.06931784,0.06931784
8936,0.19447623,0.19447623,0.061192065,0.0444209,0.016771162,0.1702587604522705
8937,0.19576092,0.19576092,0.055914037,0.039802756,0.016111279,0.17261624336242676
8938,0.1950181,0.1950181,0.056894183,0.040715627,0.016178556,0.17108631134033203
8939,0.19458942,0.19458942,0.051447704,0.035043385,0.016404321,0.1697862148284912
8940,0.19433017,0.19433017,0.05574357,0.03979343,0.01595014,0.16776299476623535,0.0693184,0.0693184
8941,0.19463171,0.19463171,0.055379506,0.039555266,0.01582424,0.16936945915222168
8942,0.19530794,0.19530794,0.05310435,0.0371382,0.015966147,0.17801260948181152
8943,0.19418682,0.19418682,0.054230407,0.03826755,0.015962858,0.17337822914123535
8944,0.19447833,0.19447833,0.052334875,0.03687735,0.015457526,0.17116045951843262
8945,0.19415237,0.19415237,0.05633126,0.04127614,0.015055119,0.1684882640838623,0.06931931,0.06931931
8946,0.1941961,0.1941961,0.0523607,0.0380635,0.014297197,0.16941595077514648
8947,0.19423652,0.19423652,0.053611834,0.03778339,0.015828442,0.1705782413482666
8948,0.19431384,0.19431384,0.052994218,0.036271915,0.016722303,0.17055106163024902
8949,0.19415829,0.19415829,0.052187525,0.037690856,0.014496668,0.18069911003112793
8950,0.19417225,0.19417225,0.05710084,0.040270902,0.016829936,0.17348957061767578,0.06931921,0.06931921
8951,0.1941798,0.1941798,0.05598432,0.041423682,0.014560636,0.1658799648284912
8952,0.195697,0.195697,0.056983627,0.04165941,0.015324216,0.16639137268066406
8953,0.19416359,0.19416359,0.056698404,0.04027401,0.016424393,0.16398239135742188
8954,0.19424804,0.19424804,0.058726437,0.04395773,0.014768707,0.1632523536682129
8955,0.19501358,0.19501358,0.05315905,0.03617092,0.01698813,0.16387534141540527,0.069316804,0.069316804
8956,0.19425876,0.19425876,0.056917988,0.039530057,0.01738793,0.1741316318511963
8957,0.19479889,0.19479889,0.05867087,0.042197928,0.016472945,0.17298078536987305
8958,0.1941233,0.1941233,0.054727145,0.03737879,0.017348353,0.17394399642944336
8959,0.19415027,0.19415027,0.054438878,0.037185095,0.017253783,0.1672837734222412
8960,0.19419433,0.19419433,0.056190055,0.042151313,0.014038741,0.17137455940246582,0.06931734,0.06931734
8961,0.19413187,0.19413187,0.057157226,0.041691996,0.01546523,0.16695380210876465
8962,0.19416907,0.19416907,0.057700496,0.041445907,0.016254589,0.17789268493652344
8963,0.19416225,0.19416225,0.05995362,0.043515105,0.016438514,0.17485523223876953
8964,0.19413461,0.19413461,0.054761194,0.037125695,0.017635496,0.17832255363464355
8965,0.19412364,0.19412364,0.056830466,0.04157545,0.015255017,0.175032377243042,0.069320016,0.069320016
8966,0.19416225,0.19416225,0.055885583,0.03852996,0.017355625,0.1740109920501709
8967,0.19413477,0.19413477,0.050958067,0.0356019,0.01535617,0.17476797103881836
8968,0.19414894,0.19414894,0.056135952,0.040219065,0.01591689,0.16470646858215332
8969,0.19419086,0.19419086,0.05655493,0.039628047,0.01692688,0.17420387268066406
8970,0.1942013,0.1942013,0.054978244,0.039744098,0.015234147,0.1629016399383545,0.069321804,0.069321804
8971,0.19412912,0.19412912,0.054735832,0.037671328,0.017064502,0.1648404598236084
8972,0.19418345,0.19418345,0.06331069,0.04588414,0.017426552,0.16646504402160645
8973,0.19412777,0.19412777,0.058794063,0.040761843,0.01803222,0.16333341598510742
8974,0.19418426,0.19418426,0.057390306,0.0403659,0.017024405,0.17661166191101074
8975,0.19411834,0.19411834,0.05616172,0.04000556,0.01615616,0.17937612533569336,0.069322154,0.069322154
8976,0.19418254,0.19418254,0.053399064,0.038023457,0.015375607,0.16806912422180176
8977,0.19413635,0.19413635,0.052307654,0.036871675,0.01543598,0.16437768936157227
8978,0.19421943,0.19421943,0.053775273,0.036061395,0.017713876,0.17234563827514648
8979,0.19411075,0.19411075,0.05204333,0.036287334,0.015755996,0.17993569374084473
8980,0.19418468,0.19418468,0.054623786,0.038196735,0.016427051,0.17963504791259766,0.069321446,0.069321446
8981,0.19443358,0.19443358,0.05156135,0.03529402,0.016267331,0.17334842681884766
8982,0.19415008,0.19415008,0.056763753,0.03925555,0.017508205,0.17416882514953613
8983,0.19411132,0.19411132,0.05660379,0.037671145,0.018932644,0.17106080055236816
8984,0.19423123,0.19423123,0.057746127,0.040687155,0.01705897,0.17185568809509277
8985,0.19414817,0.19414817,0.061200276,0.044765398,0.01643488,0.17244625091552734,0.06932071,0.06932071
8986,0.19413124,0.19413124,0.059831195,0.040737685,0.019093512,0.1731104850769043
8987,0.19413768,0.19413768,0.056441102,0.040249176,0.016191926,0.1834714412689209
8988,0.19412735,0.19412735,0.056975074,0.041846257,0.015128818,0.18580245971679688
8989,0.19411737,0.19411737,0.05455681,0.03748002,0.017076792,0.1765739917755127
8990,0.1941201,0.1941201,0.054072842,0.038502693,0.015570147,0.17219185829162598,0.069319844,0.069319844
8991,0.19412433,0.19412433,0.055267572,0.03739651,0.017871065,0.17324018478393555
8992,0.19414993,0.19414993,0.04797826,0.03238987,0.015588387,0.17890238761901855
8993,0.19420508,0.19420508,0.05992753,0.042901646,0.017025882,0.1716148853302002
8994,0.19414741,0.19414741,0.058676697,0.041859187,0.01681751,0.1720719337463379
8995,0.19411694,0.19411694,0.056007188,0.038904257,0.01710293,0.1732337474822998,0.06931927,0.06931927
8996,0.1941457,0.1941457,0.055225007,0.040285245,0.014939762,0.17284774780273438
8997,0.19412164,0.19412164,0.055630524,0.040367246,0.015263277,0.1811833381652832
8998,0.19434598,0.19434598,0.05492322,0.03919748,0.015725745,0.18370723724365234
8999,0.19432975,0.19432975,0.057936877,0.040331196,0.017605681,0.17998862266540527
9000,0.19422054,0.19422054,0.054629818,0.038897872,0.015731947,0.18187737464904785,0.06931911,0.06931911
9001,0.1941875,0.1941875,0.053245142,0.035938796,0.017306345,0.17496037483215332
9002,0.19412987,0.19412987,0.054107103,0.03682458,0.017282523,0.17421627044677734
9003,0.19412982,0.19412982,0.055318065,0.037838306,0.017479757,0.17206907272338867
9004,0.1941196,0.1941196,0.055603802,0.039011642,0.016592162,0.17211461067199707
9005,0.19414958,0.19414958,0.055750616,0.04048133,0.015269288,0.1730175018310547,0.06931901,0.06931901
9006,0.19412395,0.19412395,0.057618212,0.041012097,0.016606115,0.17342019081115723
9007,0.19410256,0.19410256,0.054528326,0.03758096,0.016947368,0.17331242561340332
9008,0.19478965,0.19478965,0.053613298,0.037289694,0.016323604,0.18236589431762695
9009,0.19411123,0.19411123,0.053405292,0.036570765,0.01683453,0.1788625717163086
9010,0.19417286,0.19417286,0.059017897,0.041289,0.017728893,0.17384696006774902,0.069319,0.069319
9011,0.19411749,0.19411749,0.05896741,0.04132105,0.017646363,0.17055749893188477
9012,0.19411765,0.19411765,0.05536212,0.03874631,0.016615814,0.17084026336669922
9013,0.19412383,0.19412383,0.061503347,0.043157473,0.018345874,0.1704235076904297
9014,0.1942895,0.1942895,0.0548757,0.03746473,0.017410973,0.17107462882995605
9015,0.19413073,0.19413073,0.05339095,0.037857812,0.01553314,0.1710813045501709,0.06931907,0.06931907
9016,0.1941692,0.1941692,0.055753857,0.037339106,0.01841475,0.17057490348815918
9017,0.19413713,0.19413713,0.058558002,0.042266965,0.016291039,0.17125582695007324
9018,0.19411129,0.19411129,0.054543957,0.03666919,0.017874764,0.1712327003479004
9019,0.19414465,0.19414465,0.058885664,0.04089005,0.017995613,0.1715548038482666
9020,0.19411929,0.19411929,0.054050528,0.037598215,0.016452312,0.1777327060699463,0.06931957,0.06931957
9021,0.19413273,0.19413273,0.054041304,0.03669281,0.017348493,0.17083096504211426
9022,0.1941389,0.1941389,0.053547747,0.0349487,0.018599048,0.17079734802246094
9023,0.19411877,0.19411877,0.05708019,0.03944034,0.01763985,0.17258572578430176
9024,0.19411384,0.19411384,0.05357827,0.039856702,0.013721566,0.18083500862121582
9025,0.19413185,0.19413185,0.05452338,0.037636466,0.016886912,0.1790785789489746,0.06932003,0.06932003
9026,0.19412197,0.19412197,0.057706617,0.041362803,0.016343813,0.17241668701171875
9027,0.19411418,0.19411418,0.053781487,0.039166234,0.014615252,0.1706695556640625
9028,0.19413322,0.19413322,0.059175678,0.041449346,0.017726332,0.1716921329498291
9029,0.19410737,0.19410737,0.05426255,0.038997144,0.015265404,0.17084789276123047
9030,0.19415988,0.19415988,0.059295423,0.041127734,0.018167691,0.17086577415466309,0.0693201,0.0693201
9031,0.19424812,0.19424812,0.053885985,0.03700912,0.016876865,0.17130422592163086
9032,0.19412296,0.19412296,0.057867486,0.040634695,0.01723279,0.1723191738128662
9033,0.19412546,0.19412546,0.053634893,0.03853415,0.015100745,0.18158960342407227
9034,0.19411203,0.19411203,0.059913985,0.04233114,0.017582847,0.17444252967834473
9035,0.19415405,0.19415405,0.05394639,0.03743422,0.016512169,0.17035317420959473,0.069319114,0.069319114
9036,0.1941135,0.1941135,0.053172596,0.035897743,0.017274855,0.17153000831604004
9037,0.19413406,0.19413406,0.053766638,0.03769569,0.016070947,0.17084860801696777
9038,0.19412875,0.19412875,0.055915166,0.040421005,0.01549416,0.1754922866821289
9039,0.19413024,0.19413024,0.056737743,0.041304853,0.0154328905,0.17722725868225098
9040,0.1941637,0.1941637,0.05723313,0.039474398,0.01775873,0.17185115814208984,0.06931828,0.06931828
9041,0.19410047,0.19410047,0.056452334,0.041246362,0.015205973,0.18044638633728027
9042,0.19416066,0.19416066,0.058165833,0.04021634,0.017949492,0.18614840507507324
9043,0.19414651,0.19414651,0.055636026,0.039917596,0.015718432,0.18233060836791992
9044,0.19413501,0.19413501,0.062324747,0.044512704,0.017812043,0.17341899871826172
9045,0.19412006,0.19412006,0.05766285,0.040946014,0.016716834,0.16764163970947266,0.06931755,0.06931755
9046,0.1941303,0.1941303,0.060185827,0.043930553,0.016255273,0.1692945957183838
9047,0.19430004,0.19430004,0.056277674,0.040179588,0.016098086,0.17126202583312988
9048,0.19460033,0.19460033,0.05240606,0.038426448,0.013979613,0.16653203964233398
9049,0.19410755,0.19410755,0.05643909,0.039348453,0.017090637,0.16974759101867676
9050,0.1942234,0.1942234,0.057040837,0.040091906,0.01694893,0.17364859580993652,0.06931801,0.06931801
9051,0.19412124,0.19412124,0.05491079,0.04074981,0.01416098,0.17035222053527832
9052,0.19411717,0.19411717,0.056289803,0.039813343,0.01647646,0.16655826568603516
9053,0.19420528,0.19420528,0.058521416,0.040875275,0.017646141,0.17104411125183105
9054,0.19413158,0.19413158,0.05532404,0.03912276,0.01620128,0.16668701171875
9055,0.19424623,0.19424623,0.05209691,0.03598104,0.01611587,0.17417216300964355,0.06931788,0.06931788
9056,0.19411999,0.19411999,0.05001702,0.035047453,0.014969569,0.17487359046936035
9057,0.19428554,0.19428554,0.0567377,0.04043861,0.01629909,0.18230128288269043
9058,0.19415294,0.19415294,0.05527039,0.039407887,0.0158625,0.1825087070465088
9059,0.1941093,0.1941093,0.05279738,0.035553154,0.017244227,0.1807091236114502
9060,0.19413848,0.19413848,0.058394443,0.040780783,0.01761366,0.17493176460266113,0.06931787,0.06931787
9061,0.19419247,0.19419247,0.05496663,0.03928209,0.01568454,0.1705644130706787
9062,0.19414946,0.19414946,0.055840053,0.03930757,0.016532483,0.17503762245178223
9063,0.19414032,0.19414032,0.05485589,0.0383043,0.016551593,0.17508983612060547
9064,0.19410586,0.19410586,0.049770836,0.03309939,0.016671445,0.1714308261871338
9065,0.19411066,0.19411066,0.060204424,0.04104876,0.019155663,0.17164301872253418,0.06931819,0.06931819
9066,0.19433542,0.19433542,0.051549017,0.03500431,0.016544707,0.1699388027191162
9067,0.19417308,0.19417308,0.055569656,0.038928255,0.016641403,0.18644261360168457
9068,0.19418037,0.19418037,0.056233726,0.041498233,0.014735493,0.1750049591064453
9069,0.19417621,0.19417621,0.055561014,0.038835067,0.016725946,0.1744673252105713
9070,0.19419658,0.19419658,0.05526786,0.039468765,0.015799094,0.17180514335632324,0.069319285,0.069319285
9071,0.1942406,0.1942406,0.057301436,0.043495633,0.013805803,0.1846623420715332
9072,0.19412608,0.19412608,0.056681022,0.04202861,0.014652411,0.17146062850952148
9073,0.1941291,0.1941291,0.056111936,0.04008446,0.016027477,0.17282319068908691
9074,0.19435678,0.19435678,0.05760734,0.04059569,0.01701165,0.17496824264526367
9075,0.19413541,0.19413541,0.054000556,0.038539417,0.015461139,0.17637944221496582,0.06932034,0.06932034
9076,0.19413655,0.19413655,0.060772203,0.042660214,0.018111987,0.17730498313903809
9077,0.1942201,0.1942201,0.05651601,0.04131382,0.01520219,0.1842052936553955
9078,0.19413322,0.19413322,0.055216774,0.03910902,0.016107753,0.1797325611114502
9079,0.19430335,0.19430335,0.05419958,0.039421868,0.014777713,0.17449045181274414
9080,0.19414194,0.19414194,0.053120293,0.038626272,0.0144940205,0.17185211181640625,0.06932168,0.06932168
9081,0.19415557,0.19415557,0.057473816,0.04066836,0.016805455,0.17558550834655762
9082,0.19410963,0.19410963,0.062859215,0.0452094,0.017649814,0.17603445053100586
9083,0.19413234,0.19413234,0.05053936,0.034749698,0.01578966,0.17098021507263184
9084,0.1941607,0.1941607,0.054670475,0.04007956,0.014590914,0.17045974731445312
9085,0.19415168,0.19415168,0.06117228,0.043709394,0.017462887,0.1716611385345459,0.06932268,0.06932268
9086,0.19414344,0.19414344,0.055090927,0.03791422,0.017176708,0.17853331565856934
9087,0.19412588,0.19412588,0.055888776,0.040181614,0.015707161,0.17895793914794922
9088,0.19410232,0.19410232,0.05796115,0.039246067,0.018715085,0.17386984825134277
9089,0.19412792,0.19412792,0.058882974,0.042724896,0.016158078,0.1717844009399414
9090,0.19416022,0.19416022,0.05096081,0.036681104,0.014279705,0.17654728889465332,0.06932265,0.06932265
9091,0.19412844,0.19412844,0.057892732,0.0406313,0.017261429,0.17872071266174316
9092,0.19414608,0.19414608,0.055392146,0.036566813,0.018825335,0.17459607124328613
9093,0.19412181,0.19412181,0.053345308,0.035241056,0.01810425,0.1794447898864746
9094,0.19414149,0.19414149,0.0577912,0.039018083,0.018773116,0.17534661293029785
9095,0.1941135,0.1941135,0.057112224,0.041916627,0.015195598,0.17593002319335938,0.06932226,0.06932226
9096,0.19415142,0.19415142,0.052084573,0.036523383,0.015561189,0.18285131454467773
9097,0.19417855,0.19417855,0.05561426,0.04035842,0.015255839,0.17702555656433105
9098,0.19415355,0.19415355,0.05971618,0.04317407,0.016542109,0.1814882755279541
9099,0.19412082,0.19412082,0.054608673,0.03857481,0.016033862,0.17067337036132812
9100,0.19413845,0.19413845,0.055889778,0.03961203,0.016277751,0.17212867736816406,0.069321655,0.069321655
9101,0.19415577,0.19415577,0.05815209,0.042225342,0.015926749,0.17104482650756836
9102,0.1941394,0.1941394,0.055445213,0.038810976,0.016634237,0.17084980010986328
9103,0.19600792,0.19600792,0.058990795,0.041332826,0.01765797,0.17068243026733398
9104,0.19412777,0.19412777,0.055360794,0.039069686,0.016291108,0.17112350463867188
9105,0.19426702,0.19426702,0.056609526,0.039400373,0.017209155,0.18104839324951172,0.06931975,0.06931975
9106,0.19412868,0.19412868,0.05648808,0.04035756,0.016130524,0.17418551445007324
9107,0.19412574,0.19412574,0.062578246,0.043126885,0.01945136,0.17069625854492188
9108,0.19412817,0.19412817,0.05573269,0.038855687,0.016877001,0.17083358764648438
9109,0.19411829,0.19411829,0.05851462,0.04114046,0.017374162,0.17094898223876953
9110,0.19426028,0.19426028,0.056283534,0.037300795,0.01898274,0.17089247703552246,0.06931796,0.06931796
9111,0.19415633,0.19415633,0.056715272,0.039557546,0.017157724,0.17066264152526855
9112,0.19414924,0.19414924,0.053464398,0.03677659,0.016687805,0.1743001937866211
9113,0.19450893,0.19450893,0.05643291,0.03832633,0.01810658,0.17474722862243652
9114,0.19422512,0.19422512,0.055897593,0.03809293,0.017804664,0.1734142303466797
9115,0.19420746,0.19420746,0.05623491,0.039815743,0.016419167,0.17338871955871582,0.06931752,0.06931752
9116,0.19412567,0.19412567,0.04977999,0.033752926,0.016027061,0.17112231254577637
9117,0.19413148,0.19413148,0.056826554,0.038909964,0.017916588,0.17115330696105957
9118,0.19413845,0.19413845,0.055623047,0.03721073,0.01841232,0.17231369018554688
9119,0.19412902,0.19412902,0.058373526,0.04099343,0.017380098,0.1725902557373047
9120,0.19421756,0.19421756,0.052928,0.035630148,0.017297855,0.1732950210571289,0.06931829,0.06931829
9121,0.19412358,0.19412358,0.057521835,0.03944669,0.018075146,0.1874392032623291
9122,0.19411503,0.19411503,0.05587232,0.03705348,0.018818839,0.18158745765686035
9123,0.19413278,0.19413278,0.055718094,0.040699683,0.015018413,0.18257975578308105
9124,0.1941442,0.1941442,0.0553054,0.040136974,0.015168427,0.1818675994873047
9125,0.19915453,0.19915453,0.058503915,0.04017228,0.018331636,0.17203211784362793,0.06931975,0.06931975
9126,0.19412698,0.19412698,0.05419323,0.036537,0.01765623,0.1702892780303955
9127,0.19415198,0.19415198,0.056304656,0.037696335,0.018608319,0.16979098320007324
9128,0.19410843,0.19410843,0.056457486,0.03885492,0.017602567,0.17049050331115723
9129,0.1941235,0.1941235,0.051955063,0.03698617,0.014968895,0.17006564140319824
9130,0.1941149,0.1941149,0.05318672,0.03581463,0.017372087,0.1713581085205078,0.06932338,0.06932338
9131,0.19410846,0.19410846,0.054079086,0.03626044,0.017818643,0.17289018630981445
9132,0.19422035,0.19422035,0.052981105,0.036643744,0.016337361,0.17171597480773926
9133,0.1942013,0.1942013,0.055123277,0.03868505,0.016438227,0.17069649696350098
9134,0.1941482,0.1941482,0.050528627,0.035173256,0.01535537,0.1708376407623291
9135,0.19429408,0.19429408,0.055246837,0.039674282,0.015572555,0.17049384117126465,0.06932431,0.06932431
9136,0.1941098,0.1941098,0.052547917,0.03650912,0.0160388,0.17085933685302734
9137,0.19413655,0.19413655,0.052676108,0.03649316,0.016182948,0.1706681251525879
9138,0.19413161,0.19413161,0.0566075,0.039348125,0.017259372,0.17047548294067383
9139,0.19412716,0.19412716,0.052688055,0.03801982,0.014668235,0.17065739631652832
9140,0.19414638,0.19414638,0.05500046,0.037628517,0.017371947,0.17058968544006348,0.06932196,0.06932196
9141,0.19413164,0.19413164,0.05344437,0.03707994,0.016364431,0.17090606689453125
9142,0.19410971,0.19410971,0.059631646,0.042131655,0.01749999,0.17190313339233398
9143,0.19412221,0.19412221,0.052614752,0.037502166,0.015112586,0.17133569717407227
9144,0.19412178,0.19412178,0.05655925,0.03931067,0.01724858,0.17182540893554688
9145,0.1941249,0.1941249,0.0578132,0.04132913,0.01648407,0.17175054550170898,0.06931996,0.06931996
9146,0.19412193,0.19412193,0.055055894,0.038413413,0.016642483,0.181168794631958
9147,0.19463012,0.19463012,0.057220243,0.040550727,0.016669516,0.18038606643676758
9148,0.19411762,0.19411762,0.055152915,0.038863517,0.0162894,0.1762850284576416
9149,0.19423413,0.19423413,0.05707004,0.04275587,0.014314173,0.1710069179534912
9150,0.19411886,0.19411886,0.058992982,0.042727016,0.016265968,0.17084598541259766,0.0693183,0.0693183
9151,0.1941151,0.1941151,0.056246538,0.041171856,0.0150746815,0.17247343063354492
9152,0.19411941,0.19411941,0.050990872,0.035931937,0.015058937,0.17180895805358887
9153,0.1941137,0.1941137,0.052516803,0.036399595,0.01611721,0.1717073917388916
9154,0.19413339,0.19413339,0.058561403,0.041740462,0.016820941,0.17713379859924316
9155,0.19412285,0.19412285,0.053728383,0.037403837,0.016324546,0.18194890022277832,0.06931742,0.06931742
9156,0.19410652,0.19410652,0.05400825,0.036777247,0.017231002,0.17541074752807617
9157,0.19410856,0.19410856,0.05923006,0.042502,0.01672806,0.17208123207092285
9158,0.19412483,0.19412483,0.05364389,0.037621647,0.016022243,0.1741623878479004
9159,0.19411367,0.19411367,0.059361935,0.041684616,0.017677318,0.17261266708374023
9160,0.1941238,0.1941238,0.052680604,0.036223657,0.016456945,0.17179489135742188,0.069317065,0.069317065
9161,0.19412258,0.19412258,0.053853825,0.037463274,0.016390553,0.17138957977294922
9162,0.19415401,0.19415401,0.057010464,0.04112493,0.015885536,0.17196083068847656
9163,0.1941794,0.1941794,0.055416517,0.04043498,0.014981539,0.17505931854248047
9164,0.19418152,0.19418152,0.05641734,0.038862538,0.017554801,0.18208050727844238
9165,0.19410974,0.19410974,0.05334098,0.036965016,0.016375963,0.17844891548156738,0.0693173,0.0693173
9166,0.19413438,0.19413438,0.060605116,0.04248261,0.018122507,0.17453217506408691
9167,0.19411312,0.19411312,0.05595325,0.038374472,0.017578775,0.17307114601135254
9168,0.1941096,0.1941096,0.04981081,0.03359653,0.016214278,0.1710970401763916
9169,0.19414951,0.19414951,0.05238772,0.035929378,0.016458346,0.17084741592407227
9170,0.19411626,0.19411626,0.058492646,0.040865287,0.017627357,0.1713564395904541,0.069317795,0.069317795
9171,0.19429897,0.19429897,0.05867936,0.03983747,0.018841892,0.17149949073791504
9172,0.19414684,0.19414684,0.055551484,0.037925698,0.017625788,0.18993806838989258
9173,0.19413246,0.19413246,0.049094595,0.03361798,0.015476615,0.18224430084228516
9174,0.19411656,0.19411656,0.0542409,0.037656207,0.016584694,0.18281865119934082
9175,0.1941566,0.1941566,0.056065585,0.036727265,0.019338321,0.17877697944641113,0.06931861,0.06931861
9176,0.19412336,0.19412336,0.05350815,0.037250526,0.016257625,0.1745004653930664
9177,0.19413328,0.19413328,0.055832766,0.039185043,0.016647723,0.17330145835876465
9178,0.19411346,0.19411346,0.063046455,0.04487157,0.018174887,0.17194080352783203
9179,0.19411312,0.19411312,0.05481605,0.038542017,0.016274031,0.17102479934692383
9180,0.19410114,0.19410114,0.05686074,0.04018344,0.016677301,0.1708998680114746,0.06931885,0.06931885
9181,0.19410934,0.19410934,0.050880063,0.03476879,0.016111273,0.17076587677001953
9182,0.19411938,0.19411938,0.054056056,0.038098946,0.015957111,0.18060779571533203
9183,0.19411333,0.19411333,0.05718915,0.04096459,0.016224561,0.1728363037109375
9184,0.19412634,0.19412634,0.05386308,0.037948687,0.015914392,0.17189407348632812
9185,0.19410884,0.19410884,0.05784996,0.041128326,0.01672163,0.17027878761291504,0.06931888,0.06931888
9186,0.19411792,0.19411792,0.048327062,0.033156577,0.015170485,0.17112231254577637
9187,0.19411919,0.19411919,0.058830224,0.04117072,0.017659502,0.17112517356872559
9188,0.19412231,0.19412231,0.057404958,0.040930226,0.016474731,0.17064881324768066
9189,0.19414751,0.19414751,0.053602125,0.039311837,0.014290288,0.1708664894104004
9190,0.19415209,0.19415209,0.053110246,0.036471523,0.016638722,0.16775894165039062,0.06931891,0.06931891
9191,0.19411069,0.19411069,0.055645615,0.03926027,0.016385349,0.1706993579864502
9192,0.19412367,0.19412367,0.057776675,0.04046304,0.017313631,0.1708543300628662
9193,0.1941391,0.1941391,0.057945494,0.040452022,0.017493472,0.17064332962036133
9194,0.19418117,0.19418117,0.054561086,0.03632477,0.018236317,0.17058467864990234
9195,0.19414741,0.19414741,0.05394675,0.03700407,0.01694268,0.16617703437805176,0.06931869,0.06931869
9196,0.19747408,0.19747408,0.05398756,0.04011115,0.013876409,0.16604137420654297
9197,0.19413458,0.19413458,0.057107538,0.040139243,0.016968295,0.17305612564086914
9198,0.19410843,0.19410843,0.050751496,0.03578676,0.014964737,0.17557621002197266
9199,0.1945985,0.1945985,0.058444876,0.042111926,0.01633295,0.17409658432006836
9200,0.19417067,0.19417067,0.057864655,0.040177643,0.017687012,0.17324018478393555,0.06931809,0.06931809
9201,0.19432709,0.19432709,0.057063248,0.04088442,0.016178828,0.17160272598266602
9202,0.194111,0.194111,0.059892535,0.043273993,0.016618544,0.17103099822998047
9203,0.19411403,0.19411403,0.058735233,0.04147919,0.017256044,0.16631412506103516
9204,0.19411175,0.19411175,0.054182004,0.038542703,0.015639301,0.17478656768798828
9205,0.19413657,0.19413657,0.05652529,0.040292308,0.01623298,0.18238115310668945,0.069317274,0.069317274
9206,0.19411804,0.19411804,0.058526423,0.04142501,0.017101415,0.17748260498046875
9207,0.19414468,0.19414468,0.052480955,0.03727476,0.015206195,0.1762552261352539
9208,0.19411124,0.19411124,0.053823072,0.039557777,0.014265295,0.1718595027923584
9209,0.19412433,0.19412433,0.059425116,0.04099424,0.018430874,0.17179036140441895
9210,0.19411442,0.19411442,0.053983558,0.036587995,0.017395563,0.1710224151611328,0.06931688,0.06931688
9211,0.19412023,0.19412023,0.051447578,0.035647072,0.015800508,0.1722104549407959
9212,0.19411129,0.19411129,0.05788262,0.04232993,0.015552688,0.16542720794677734
9213,0.19413356,0.19413356,0.054972347,0.039721448,0.015250898,0.1719970703125
9214,0.1941094,0.1941094,0.058248624,0.041981768,0.016266854,0.17782163619995117
9215,0.19411476,0.19411476,0.058056764,0.041941274,0.016115488,0.17798328399658203,0.06931695,0.06931695
9216,0.1941268,0.1941268,0.05352423,0.036995586,0.016528644,0.17691540718078613
9217,0.19413808,0.19413808,0.053373322,0.036830857,0.016542463,0.17048096656799316
9218,0.19415273,0.19415273,0.05833801,0.039787695,0.018550312,0.17070984840393066
9219,0.19412117,0.19412117,0.054423336,0.037573595,0.016849741,0.16582345962524414
9220,0.1996984,0.1996984,0.056804672,0.039780684,0.01702399,0.17174863815307617,0.069317184,0.069317184
9221,0.19416486,0.19416486,0.05247684,0.03509889,0.017377945,0.17150449752807617
9222,0.19413301,0.19413301,0.05178441,0.037743956,0.014040457,0.1800997257232666
9223,0.19411974,0.19411974,0.0532446,0.03598112,0.017263481,0.18561792373657227
9224,0.19410495,0.19410495,0.052706853,0.036610994,0.016095858,0.17178106307983398
9225,0.19409472,0.19409472,0.054194417,0.037564106,0.01663031,0.1756291389465332,0.06931756,0.06931756
9226,0.19413282,0.19413282,0.052110903,0.036079634,0.016031269,0.17322754859924316
9227,0.19412361,0.19412361,0.048080835,0.034646153,0.013434683,0.1727898120880127
9228,0.19411243,0.19411243,0.05252266,0.035157368,0.017365292,0.1713716983795166
9229,0.19412124,0.19412124,0.057653435,0.04079666,0.016856773,0.17242884635925293
9230,0.19415283,0.19415283,0.058222316,0.040944647,0.01727767,0.1729280948638916,0.06931761,0.06931761
9231,0.19413672,0.19413672,0.057481885,0.041679397,0.015802488,0.17408227920532227
9232,0.19410896,0.19410896,0.05421391,0.038729493,0.015484421,0.1756899356842041
9233,0.19412357,0.19412357,0.05668187,0.04003795,0.016643923,0.17222142219543457
9234,0.19413005,0.19413005,0.05689185,0.039669465,0.017222384,0.17155671119689941
9235,0.19410843,0.19410843,0.0525702,0.036704145,0.015866058,0.17140960693359375,0.069317415,0.069317415
9236,0.19414087,0.19414087,0.054998808,0.038430944,0.016567862,0.17139053344726562
9237,0.19411686,0.19411686,0.05180552,0.03671709,0.015088429,0.17098355293273926
9238,0.19413917,0.19413917,0.052054893,0.035463877,0.016591016,0.1718120574951172
9239,0.19410804,0.19410804,0.05175922,0.03630056,0.015458664,0.172438383102417
9240,0.19411087,0.19411087,0.051613018,0.035674386,0.015938632,0.17595648765563965,0.06931759,0.06931759
9241,0.19412084,0.19412084,0.052334514,0.036641724,0.01569279,0.17583584785461426
9242,0.19411571,0.19411571,0.058103226,0.041128565,0.016974661,0.1665809154510498
9243,0.19411087,0.19411087,0.056055494,0.039797362,0.01625813,0.17018532752990723
9244,0.19412464,0.19412464,0.053599376,0.038543306,0.01505607,0.1708545684814453
9245,0.19413814,0.19413814,0.060175143,0.040552486,0.019622656,0.16982579231262207,0.06931785,0.06931785
9246,0.19411312,0.19411312,0.055541005,0.039495606,0.016045399,0.1704249382019043
9247,0.19411695,0.19411695,0.05362394,0.038821742,0.014802199,0.17444491386413574
9248,0.19411865,0.19411865,0.059693597,0.041533843,0.018159756,0.17502522468566895
9249,0.1941073,0.1941073,0.05511399,0.039151244,0.015962746,0.16788864135742188
9250,0.19410877,0.19410877,0.049608603,0.03383669,0.015771916,0.17136669158935547,0.06931799,0.06931799
9251,0.19411148,0.19411148,0.05344715,0.038044136,0.015403012,0.16865229606628418
9252,0.1941574,0.1941574,0.051764164,0.0362092,0.015554965,0.1654956340789795
9253,0.19414738,0.19414738,0.052876092,0.03799667,0.014879423,0.17014861106872559
9254,0.19426924,0.19426924,0.061324928,0.043536115,0.017788813,0.17061710357666016
9255,0.19412155,0.19412155,0.054222997,0.037184,0.017038997,0.18285179138183594,0.06931762,0.06931762
9256,0.19411427,0.19411427,0.056102972,0.040366072,0.0157369,0.17734742164611816
9257,0.1941064,0.1941064,0.055392224,0.037995186,0.017397039,0.17449688911437988
9258,0.19415314,0.19415314,0.055276103,0.037021447,0.018254656,0.17281627655029297
9259,0.19414401,0.19414401,0.055381738,0.038450908,0.01693083,0.17300629615783691
9260,0.1941061,0.1941061,0.059284236,0.04177752,0.017506715,0.17316675186157227,0.06931748,0.06931748
9261,0.19451343,0.19451343,0.056858394,0.039992683,0.016865712,0.17361068725585938
9262,0.19412398,0.19412398,0.053936906,0.03768158,0.016255328,0.17344212532043457
9263,0.19420783,0.19420783,0.05967123,0.042695135,0.016976094,0.17429876327514648
9264,0.19416597,0.19416597,0.059906684,0.042748537,0.017158149,0.18246006965637207
9265,0.19412369,0.19412369,0.0513719,0.03552724,0.015844658,0.17896580696105957,0.06931767,0.06931767
9266,0.19455643,0.19455643,0.055770963,0.039840218,0.015930746,0.172166109085083
9267,0.1941172,0.1941172,0.057422698,0.039772164,0.017650533,0.17244815826416016
9268,0.19415882,0.19415882,0.05312317,0.03649746,0.016625708,0.1729750633239746
9269,0.19412498,0.19412498,0.055627868,0.040704515,0.014923355,0.17625188827514648
9270,0.19412936,0.19412936,0.05541767,0.040961165,0.014456507,0.17379474639892578,0.06931621,0.06931621
9271,0.19413745,0.19413745,0.055269882,0.038861245,0.016408639,0.1719062328338623
9272,0.19411932,0.19411932,0.05566585,0.03979235,0.0158735,0.17391586303710938
9273,0.1941981,0.1941981,0.05845742,0.0425991,0.015858319,0.18289613723754883
9274,0.19413188,0.19413188,0.056800224,0.040338658,0.016461566,0.1826343536376953
9275,0.1941318,0.1941318,0.055612136,0.039310787,0.016301349,0.17894792556762695,0.0693159,0.0693159
9276,0.19412677,0.19412677,0.05738938,0.040099747,0.01728963,0.17596125602722168
9277,0.19409858,0.19409858,0.057422884,0.039882813,0.017540073,0.16994237899780273
9278,0.19432199,0.19432199,0.05543226,0.039186224,0.016246036,0.1712329387664795
9279,0.1941075,0.1941075,0.05535553,0.039477225,0.015878305,0.173569917678833
9280,0.19412205,0.19412205,0.057681933,0.040228784,0.017453149,0.17665553092956543,0.069315135,0.069315135
9281,0.19410907,0.19410907,0.06045333,0.043152317,0.017301012,0.17827939987182617
9282,0.1941295,0.1941295,0.05041119,0.03471031,0.01570088,0.18692588806152344
9283,0.1941098,0.1941098,0.05794379,0.040331572,0.01761222,0.18300247192382812
9284,0.19410406,0.19410406,0.053282864,0.036302052,0.016980812,0.17522239685058594
9285,0.19422668,0.19422668,0.051430695,0.03565258,0.015778113,0.1732163429260254,0.06931491,0.06931491
9286,0.19411594,0.19411594,0.05497037,0.037243687,0.017726682,0.17055296897888184
9287,0.19411999,0.19411999,0.0555124,0.038029768,0.017482629,0.16779088973999023
9288,0.19439168,0.19439168,0.058829904,0.04185214,0.016977767,0.17048239707946777
9289,0.19417001,0.19417001,0.05714428,0.04073757,0.016406711,0.17113375663757324
9290,0.1941286,0.1941286,0.04912483,0.035193235,0.013931596,0.17209410667419434,0.06931598,0.06931598
9291,0.19413213,0.19413213,0.05577741,0.039592676,0.016184732,0.17238402366638184
9292,0.19412078,0.19412078,0.0562104,0.03863889,0.017571509,0.18706274032592773
9293,0.1941141,0.1941141,0.053572286,0.03807232,0.015499965,0.1816728115081787
9294,0.1961631,0.1961631,0.05437537,0.03655207,0.017823298,0.1749563217163086
9295,0.19412456,0.19412456,0.059465338,0.04096246,0.018502876,0.17452549934387207,0.069317915,0.069317915
9296,0.19412719,0.19412719,0.0553151,0.03945864,0.015856458,0.17180871963500977
9297,0.19417922,0.19417922,0.053342946,0.0388071,0.014535842,0.17084598541259766
9298,0.19411826,0.19411826,0.054532498,0.03915469,0.01537781,0.1720426082611084
9299,0.19423744,0.19423744,0.0549612,0.039413255,0.015547946,0.17689967155456543
9300,0.19413757,0.19413757,0.05383227,0.036833424,0.016998848,0.16534018516540527,0.06931821,0.06931821
9301,0.19415626,0.19415626,0.052520007,0.035914686,0.016605323,0.17879652976989746
9302,0.19413014,0.19413014,0.05511394,0.038104188,0.017009754,0.18049383163452148
9303,0.19661073,0.19661073,0.059074916,0.043238197,0.01583672,0.17953276634216309
9304,0.19491409,0.19491409,0.06155827,0.04498413,0.01657414,0.17439961433410645
9305,0.19420283,0.19420283,0.0510212,0.036682937,0.014338263,0.17244553565979004,0.069318116,0.069318116
9306,0.19412151,0.19412151,0.055739336,0.039628733,0.016110603,0.17355918884277344
9307,0.19453883,0.19453883,0.058165,0.040288348,0.017876651,0.17315435409545898
9308,0.19468705,0.19468705,0.05521564,0.037682354,0.017533287,0.17202997207641602
9309,0.1941256,0.1941256,0.057974935,0.03946577,0.018509164,0.17728900909423828
9310,0.19429794,0.19429794,0.05438005,0.038822107,0.015557944,0.1838390827178955,0.06931885,0.06931885
9311,0.19414005,0.19414005,0.056060888,0.03956233,0.016498556,0.18296170234680176
9312,0.1941724,0.1941724,0.054286584,0.03789074,0.016395846,0.18344902992248535
9313,0.19417322,0.19417322,0.056557126,0.040378667,0.01617846,0.18132972717285156
9314,0.19412151,0.19412151,0.05535358,0.03915741,0.016196169,0.17475080490112305
9315,0.1942137,0.1942137,0.060068943,0.040404577,0.019664366,0.17338228225708008,0.06932192,0.06932192
9316,0.19411914,0.19411914,0.05372931,0.03699277,0.016736541,0.17050814628601074
9317,0.19410694,0.19410694,0.054505114,0.03851693,0.015988182,0.17300152778625488
9318,0.19414462,0.19414462,0.057103954,0.04112457,0.015979385,0.17266249656677246
9319,0.19412608,0.19412608,0.054431763,0.037770525,0.016661238,0.17246246337890625
9320,0.19498073,0.19498073,0.052056473,0.03441322,0.017643254,0.1739342212677002,0.06932508,0.06932508
9321,0.19413693,0.19413693,0.055384498,0.038387716,0.016996782,0.18260693550109863
9322,0.19413134,0.19413134,0.058269113,0.041928787,0.016340325,0.1770308017730713
9323,0.19413902,0.19413902,0.054536514,0.036890693,0.017645821,0.1723480224609375
9324,0.19412515,0.19412515,0.057923906,0.040967204,0.016956704,0.17926883697509766
9325,0.19414516,0.19414516,0.052841946,0.038113736,0.014728209,0.17205047607421875,0.06932592,0.06932592
9326,0.19416805,0.19416805,0.054681994,0.037603907,0.017078087,0.17187213897705078
9327,0.19413382,0.19413382,0.056637146,0.0384363,0.018200843,0.17196440696716309
9328,0.19427535,0.19427535,0.056460883,0.04123241,0.015228474,0.16773486137390137
9329,0.1942761,0.1942761,0.058983155,0.04417465,0.014808504,0.1732196807861328
9330,0.19412933,0.19412933,0.059758365,0.042498816,0.01725955,0.16556525230407715,0.06932653,0.06932653
9331,0.19412784,0.19412784,0.052521393,0.038399443,0.014121948,0.1708674430847168
9332,0.19411373,0.19411373,0.05243752,0.036381744,0.016055776,0.17159700393676758
9333,0.19415756,0.19415756,0.05568476,0.0411208,0.014563957,0.17104578018188477
9334,0.19412364,0.19412364,0.05548381,0.03933012,0.016153691,0.17161273956298828
9335,0.19430344,0.19430344,0.0543537,0.038740847,0.015612852,0.1719505786895752,0.069326654,0.069326654
9336,0.19425334,0.19425334,0.054195456,0.038480442,0.015715012,0.17293500900268555
9337,0.19414775,0.19414775,0.058156405,0.0401177,0.018038705,0.17247772216796875
9338,0.19412589,0.19412589,0.05229625,0.036284424,0.016011827,0.17234206199645996
9339,0.19411853,0.19411853,0.057531755,0.03967057,0.017861184,0.1720271110534668
9340,0.1941239,0.1941239,0.050834488,0.036487274,0.014347214,0.17335867881774902,0.0693247,0.0693247
9341,0.19478035,0.19478035,0.053860936,0.038983796,0.01487714,0.173234224319458
9342,0.19902404,0.19902404,0.053205773,0.03744971,0.015756065,0.17332196235656738
9343,0.19411397,0.19411397,0.055521324,0.040127076,0.015394248,0.17165231704711914
9344,0.19410522,0.19410522,0.05508055,0.0396568,0.015423751,0.17130184173583984
9345,0.19411199,0.19411199,0.05218915,0.036496475,0.015692674,0.17617392539978027,0.06932563,0.06932563
9346,0.19410603,0.19410603,0.053506736,0.037855886,0.01565085,0.17690181732177734
9347,0.19414619,0.19414619,0.056762863,0.041606374,0.015156489,0.17129182815551758
9348,0.19411838,0.19411838,0.05395518,0.037719145,0.016236033,0.17125916481018066
9349,0.19414285,0.19414285,0.053438738,0.037173532,0.016265206,0.17091965675354004
9350,0.19411068,0.19411068,0.05215794,0.03734532,0.0148126185,0.1710803508758545,0.06932563,0.06932563
9351,0.19413741,0.19413741,0.050259,0.034537915,0.015721086,0.17694091796875
9352,0.20039052,0.20039052,0.05252139,0.03748615,0.015035239,0.17774295806884766
9353,0.19435596,0.19435596,0.059560537,0.042819932,0.016740603,0.17474913597106934
9354,0.19413349,0.19413349,0.06057285,0.044181086,0.016391765,0.17519593238830566
9355,0.19413406,0.19413406,0.052916773,0.03848332,0.014433449,0.1725935935974121,0.06932428,0.06932428
9356,0.19410712,0.19410712,0.053577498,0.038226098,0.015351399,0.17134761810302734
9357,0.19412814,0.19412814,0.05366688,0.037977383,0.015689496,0.1715404987335205
9358,0.19415076,0.19415076,0.049974687,0.03619919,0.013775496,0.17140603065490723
9359,0.19415092,0.19415092,0.053665016,0.03868429,0.014980727,0.17098331451416016
9360,0.19413906,0.19413906,0.05906065,0.040687554,0.018373098,0.17119288444519043,0.06932349,0.06932349
9361,0.19410968,0.19410968,0.055297382,0.04058995,0.014707432,0.17063522338867188
9362,0.1941907,0.1941907,0.056587756,0.038503543,0.018084211,0.17320466041564941
9363,0.19419003,0.19419003,0.052880146,0.03535799,0.017522156,0.17337775230407715
9364,0.19415416,0.19415416,0.05373499,0.036922067,0.016812924,0.17459630966186523
9365,0.19413869,0.19413869,0.055868573,0.03747408,0.018394494,0.1770007610321045,0.06932317,0.06932317
9366,0.19410583,0.19410583,0.060528494,0.042455014,0.01807348,0.1764845848083496
9367,0.19413982,0.19413982,0.05312887,0.03583399,0.017294882,0.1759934425354004
9368,0.19414282,0.19414282,0.060822103,0.040566467,0.020255636,0.17250990867614746
9369,0.19410713,0.19410713,0.056373157,0.038894974,0.017478183,0.1727619171142578
9370,0.19412272,0.19412272,0.05342871,0.03499445,0.01843426,0.17614483833312988,0.069322795,0.069322795
9371,0.19411631,0.19411631,0.052955233,0.03490413,0.018051105,0.1825730800628662
9372,0.19411163,0.19411163,0.05688897,0.03895415,0.017934822,0.1794605255126953
9373,0.19413078,0.19413078,0.05568722,0.039862502,0.015824718,0.17327547073364258
9374,0.19413795,0.19413795,0.055746526,0.039605506,0.016141018,0.17085886001586914
9375,0.19416381,0.19416381,0.055600956,0.04024854,0.015352419,0.17699670791625977,0.06932246,0.06932246
9376,0.19412239,0.19412239,0.0572417,0.04078112,0.01646058,0.16808104515075684
9377,0.19413559,0.19413559,0.05445115,0.03812131,0.01632984,0.17161035537719727
9378,0.19412261,0.19412261,0.053702615,0.035842232,0.017860385,0.16710710525512695
9379,0.19456768,0.19456768,0.05332976,0.037292086,0.016037675,0.16711974143981934
9380,0.194125,0.194125,0.056608394,0.04057058,0.016037812,0.1768195629119873,0.069321565,0.069321565
9381,0.19410719,0.19410719,0.050622575,0.034970444,0.01565213,0.1718001365661621
9382,0.1941194,0.1941194,0.05571544,0.039453194,0.01626225,0.17073726654052734
9383,0.19410592,0.19410592,0.058972977,0.040275145,0.018697834,0.16983580589294434
9384,0.1941419,0.1941419,0.05780506,0.0430138,0.01479126,0.16987848281860352
9385,0.19415835,0.19415835,0.055406887,0.03790889,0.017497998,0.16532135009765625,0.06932107,0.06932107
9386,0.19411983,0.19411983,0.056043983,0.039388992,0.01665499,0.17137622833251953
9387,0.19431694,0.19431694,0.05437719,0.037298147,0.017079046,0.17572593688964844
9388,0.1941109,0.1941109,0.053406812,0.0365848,0.016822012,0.18293023109436035
9389,0.19412966,0.19412966,0.053462215,0.036307342,0.017154874,0.17790651321411133
9390,0.19410768,0.19410768,0.056150228,0.040144417,0.01600581,0.1726367473602295,0.06932109,0.06932109
9391,0.194122,0.194122,0.054506183,0.037668373,0.016837807,0.17553377151489258
9392,0.19411987,0.19411987,0.057205647,0.041333042,0.015872603,0.17233777046203613
9393,0.19410776,0.19410776,0.05332146,0.036595177,0.016726281,0.1726212501525879
9394,0.19411075,0.19411075,0.0546741,0.038643315,0.016030785,0.1735396385192871
9395,0.1942498,0.1942498,0.05347966,0.036849968,0.016629692,0.17721056938171387,0.069321476,0.069321476
9396,0.19410385,0.19410385,0.058179107,0.040375397,0.01780371,0.18254590034484863
9397,0.19410487,0.19410487,0.052132927,0.035763267,0.016369661,0.18307948112487793
9398,0.19416483,0.19416483,0.06220548,0.04404511,0.01816037,0.1817779541015625
9399,0.19416884,0.19416884,0.054881267,0.036972925,0.01790834,0.17678451538085938
9400,0.19412242,0.19412242,0.0556175,0.039480254,0.016137246,0.17255926132202148,0.06932204,0.06932204
9401,0.19410327,0.19410327,0.055765472,0.038487215,0.017278258,0.16678166389465332
9402,0.19421403,0.19421403,0.05425641,0.037713192,0.016543219,0.16724085807800293
9403,0.19412929,0.19412929,0.055958107,0.04054703,0.015411078,0.17219877243041992
9404,0.19414166,0.19414166,0.05679869,0.04080079,0.0159979,0.17257165908813477
9405,0.19414254,0.19414254,0.05623231,0.03979756,0.016434751,0.1790015697479248,0.069322295,0.069322295
9406,0.19412105,0.19412105,0.057463355,0.039268654,0.018194703,0.18231964111328125
9407,0.1944514,0.1944514,0.05501461,0.038898584,0.016116029,0.18043971061706543
9408,0.1941048,0.1941048,0.05673417,0.03986698,0.01686719,0.17220783233642578
9409,0.19410811,0.19410811,0.055208288,0.03760156,0.017606726,0.17467713356018066
9410,0.19415344,0.19415344,0.06002824,0.04248446,0.017543783,0.17455196380615234,0.06932171,0.06932171
9411,0.19411197,0.19411197,0.050543502,0.03504109,0.015502411,0.1701352596282959
9412,0.19410728,0.19410728,0.050291147,0.034915134,0.015376012,0.1721019744873047
9413,0.19411844,0.19411844,0.05781889,0.040109918,0.017708972,0.17253398895263672
9414,0.19419357,0.19419357,0.05377955,0.03766303,0.016116517,0.17296385765075684
9415,0.19453222,0.19453222,0.054534536,0.03873445,0.015800085,0.17941617965698242,0.06932139,0.06932139
9416,0.19413985,0.19413985,0.05275856,0.039482072,0.013276488,0.17159271240234375
9417,0.19443308,0.19443308,0.05602164,0.039650206,0.01637143,0.17528605461120605
9418,0.19413795,0.19413795,0.056021534,0.038773336,0.017248198,0.17411041259765625
9419,0.19410864,0.19410864,0.056774147,0.039365962,0.017408185,0.17250776290893555
9420,0.19411322,0.19411322,0.056043126,0.039547782,0.016495341,0.17164039611816406,0.069321714,0.069321714
9421,0.1941077,0.1941077,0.0551363,0.040323056,0.014813246,0.17111515998840332
9422,0.19409935,0.19409935,0.05541094,0.038739882,0.016671058,0.17231297492980957
9423,0.19414645,0.19414645,0.059959054,0.04345362,0.016505435,0.17176461219787598
9424,0.19412528,0.19412528,0.04842022,0.033788342,0.014631879,0.18121814727783203
9425,0.19411641,0.19411641,0.050162338,0.035152365,0.015009973,0.17635226249694824,0.06932143,0.06932143
9426,0.19413082,0.19413082,0.058112234,0.04108668,0.01702555,0.17941808700561523
9427,0.19414486,0.19414486,0.055625256,0.03864079,0.016984466,0.17088603973388672
9428,0.19410674,0.19410674,0.05772893,0.0402704,0.01745853,0.17137837409973145
9429,0.19412415,0.19412415,0.052137785,0.035574447,0.016563337,0.17010116577148438
9430,0.19414963,0.19414963,0.048833247,0.034855418,0.01397783,0.17226696014404297,0.06932121,0.06932121
9431,0.19410898,0.19410898,0.05783861,0.04208008,0.015758531,0.17169737815856934
9432,0.19411625,0.19411625,0.057971813,0.038374633,0.019597178,0.17305874824523926
9433,0.19412355,0.19412355,0.0564671,0.036251616,0.020215485,0.18203115463256836
9434,0.1941332,0.1941332,0.056220286,0.03713276,0.019087525,0.17647647857666016
9435,0.19412969,0.19412969,0.057165965,0.040664032,0.016501933,0.1724379062652588,0.06932135,0.06932135
9436,0.19415566,0.19415566,0.055486046,0.037713338,0.017772708,0.17691993713378906
9437,0.19435509,0.19435509,0.053567078,0.036871273,0.016695805,0.1731891632080078
9438,0.19411159,0.19411159,0.053870402,0.036802195,0.017068205,0.17424869537353516
9439,0.19414367,0.19414367,0.056039818,0.03896292,0.017076898,0.17373061180114746
9440,0.1940983,0.1940983,0.053500727,0.03781615,0.01568458,0.1716310977935791,0.069321856,0.069321856
9441,0.1941209,0.1941209,0.05231874,0.035333086,0.016985655,0.16764521598815918
9442,0.19413124,0.19413124,0.05289492,0.035784442,0.01711048,0.17442989349365234
9443,0.19411033,0.19411033,0.055480428,0.039868575,0.015611852,0.17282915115356445
9444,0.19411625,0.19411625,0.05475537,0.037334986,0.017420385,0.169874906539917
9445,0.19416457,0.19416457,0.055288143,0.039428625,0.015859516,0.16469311714172363,0.06932219,0.06932219
9446,0.1941151,0.1941151,0.05330389,0.037983697,0.015320191,0.16431808471679688
9447,0.19414704,0.19414704,0.055706017,0.036988147,0.01871787,0.17085027694702148
9448,0.194111,0.194111,0.056023084,0.039921973,0.016101109,0.1676020622253418
9449,0.19416675,0.19416675,0.05651537,0.040640198,0.015875172,0.18084979057312012
9450,0.1941281,0.1941281,0.053490005,0.036564752,0.016925251,0.17423486709594727,0.06932229,0.06932229
9451,0.19411169,0.19411169,0.05450262,0.038747717,0.015754906,0.17220520973205566
9452,0.19412574,0.19412574,0.051837776,0.036902394,0.014935383,0.17223572731018066
9453,0.19414552,0.19414552,0.0548156,0.03728644,0.01752916,0.17280340194702148
9454,0.19410382,0.19410382,0.05136709,0.034266606,0.017100485,0.17114925384521484
9455,0.19411574,0.19411574,0.052691333,0.03677205,0.015919281,0.1730954647064209,0.06932229,0.06932229
9456,0.19423343,0.19423343,0.057691332,0.04045844,0.017232891,0.17070865631103516
9457,0.19412614,0.19412614,0.054988686,0.038446285,0.016542401,0.17310142517089844
9458,0.19410579,0.19410579,0.05792436,0.03905109,0.018873272,0.1835312843322754
9459,0.19412784,0.19412784,0.053133193,0.037983492,0.015149702,0.1766035556793213
9460,0.19421081,0.19421081,0.056774072,0.040568784,0.016205287,0.1712503433227539,0.06932222,0.06932222
9461,0.19411182,0.19411182,0.058205333,0.040857688,0.017347645,0.17141938209533691
9462,0.19410904,0.19410904,0.05831855,0.042616803,0.015701748,0.17254185676574707
9463,0.19410652,0.19410652,0.055548545,0.039546143,0.016002402,0.17133355140686035
9464,0.1941199,0.1941199,0.059151072,0.039792094,0.019358978,0.1729416847229004
9465,0.19411631,0.19411631,0.057990618,0.040068205,0.017922413,0.17348909378051758,0.06932228,0.06932228
9466,0.19413273,0.19413273,0.056687288,0.039363645,0.017323643,0.18169045448303223
9467,0.194115,0.194115,0.057287984,0.041192554,0.01609543,0.1790933609008789
9468,0.1941283,0.1941283,0.054101434,0.039000824,0.0151006095,0.17250943183898926
9469,0.19410789,0.19410789,0.05035408,0.035303734,0.015050342,0.1713113784790039
9470,0.19411747,0.19411747,0.054704703,0.038524505,0.0161802,0.17124009132385254,0.06932207,0.06932207
9471,0.19411601,0.19411601,0.051125087,0.035791118,0.015333971,0.17083191871643066
9472,0.19411018,0.19411018,0.056724444,0.041188136,0.015536306,0.17134690284729004
9473,0.19411373,0.19411373,0.04982417,0.034623027,0.015201145,0.170121431350708
9474,0.19413723,0.19413723,0.056995362,0.03907014,0.017925223,0.17167115211486816
9475,0.19411747,0.19411747,0.05213671,0.03724414,0.014892572,0.18222737312316895,0.069321655,0.069321655
9476,0.19409958,0.19409958,0.057754386,0.04089446,0.016859926,0.1854231357574463
9477,0.19411469,0.19411469,0.057249658,0.03935131,0.017898347,0.17272186279296875
9478,0.19412762,0.19412762,0.053937145,0.036832727,0.017104419,0.1711885929107666
9479,0.19412793,0.19412793,0.052016117,0.036269218,0.015746899,0.17112207412719727
9480,0.19411628,0.19411628,0.051374383,0.03704193,0.0143324565,0.1713857650756836,0.06932117,0.06932117
9481,0.19410625,0.19410625,0.06163633,0.04358956,0.01804677,0.17125892639160156
9482,0.19411367,0.19411367,0.051302724,0.036413066,0.0148896575,0.16570091247558594
9483,0.19411643,0.19411643,0.05705055,0.040540066,0.016510481,0.17169928550720215
9484,0.19410075,0.19410075,0.050400246,0.035255782,0.015144464,0.18047046661376953
9485,0.1941064,0.1941064,0.05784677,0.039411847,0.018434923,0.176314115524292,0.06932115,0.06932115
9486,0.19414158,0.19414158,0.055518944,0.039942686,0.015576257,0.17211461067199707
9487,0.1941046,0.1941046,0.055524696,0.03963435,0.015890345,0.17311596870422363
9488,0.19415985,0.19415985,0.05105577,0.035175357,0.015880413,0.16665410995483398
9489,0.19413312,0.19413312,0.052442014,0.03686753,0.015574485,0.1719810962677002
9490,0.19412883,0.19412883,0.053584114,0.037311487,0.016272629,0.17306995391845703,0.06932106,0.06932106
9491,0.19411857,0.19411857,0.055291206,0.0381772,0.017114006,0.17435836791992188
9492,0.1950246,0.1950246,0.055390276,0.03856889,0.016821383,0.18364405632019043
9493,0.19412275,0.19412275,0.05423698,0.03817566,0.016061319,0.1860063076019287
9494,0.19411655,0.19411655,0.054878093,0.037375078,0.017503016,0.17287111282348633
9495,0.19410396,0.19410396,0.053741872,0.038651727,0.015090145,0.17016911506652832,0.06932118,0.06932118
9496,0.19411342,0.19411342,0.056637213,0.040190313,0.016446901,0.17155814170837402
9497,0.19410099,0.19410099,0.052442893,0.036794588,0.015648304,0.1718449592590332
9498,0.19410537,0.19410537,0.0558826,0.03842122,0.017461378,0.17208600044250488
9499,0.19411339,0.19411339,0.05613935,0.03897477,0.017164582,0.17226552963256836
9500,0.19410416,0.19410416,0.05410599,0.03754808,0.01655791,0.1758573055267334,0.06932138,0.06932138
9501,0.19424033,0.19424033,0.06049957,0.042738948,0.017760625,0.17531323432922363
9502,0.19410393,0.19410393,0.057091296,0.03894596,0.018145334,0.17536449432373047
9503,0.19413446,0.19413446,0.053686358,0.036523547,0.017162811,0.16630315780639648
9504,0.19410913,0.19410913,0.05805514,0.039440908,0.018614233,0.1668987274169922
9505,0.19412075,0.19412075,0.054759003,0.037743103,0.017015902,0.16524910926818848,0.06932185,0.06932185
9506,0.19410251,0.19410251,0.054022502,0.038318444,0.015704058,0.17041540145874023
9507,0.19411853,0.19411853,0.054201677,0.037133537,0.017068138,0.17171931266784668
9508,0.19411246,0.19411246,0.05385445,0.038878407,0.014976043,0.17113876342773438
9509,0.19415241,0.19415241,0.05337088,0.037688047,0.015682835,0.18245935440063477
9510,0.19413058,0.19413058,0.056556486,0.039504252,0.017052235,0.18134093284606934,0.069322124,0.069322124
9511,0.20241393,0.20241393,0.05443766,0.037877116,0.016560541,0.1678307056427002
9512,0.19411285,0.19411285,0.05195097,0.035697464,0.016253503,0.17113161087036133
9513,0.1941132,0.1941132,0.059182405,0.040754866,0.018427541,0.1707777976989746
9514,0.19412349,0.19412349,0.05311146,0.036067326,0.017044134,0.17026185989379883
9515,0.19416484,0.19416484,0.057901844,0.041273925,0.01662792,0.17124152183532715,0.0693265,0.0693265
9516,0.19409999,0.19409999,0.05389434,0.036974,0.016920341,0.17615771293640137
9517,0.19421497,0.19421497,0.05182393,0.036319748,0.015504183,0.1763608455657959
9518,0.19413786,0.19413786,0.05497684,0.039587695,0.0153891435,0.17740535736083984
9519,0.19411373,0.19411373,0.05717402,0.041255336,0.015918681,0.16691088676452637
9520,0.19412306,0.19412306,0.05897928,0.04060459,0.018374689,0.16391491889953613,0.069329195,0.069329195
9521,0.1941183,0.1941183,0.053706378,0.03691205,0.01679433,0.17077898979187012
9522,0.19413005,0.19413005,0.058900706,0.04220229,0.016698416,0.1670212745666504
9523,0.19416218,0.19416218,0.05190363,0.03691314,0.014990489,0.1719226837158203
9524,0.19413175,0.19413175,0.0606199,0.042055484,0.018564416,0.1728382110595703
9525,0.19412215,0.19412215,0.054705594,0.0377676,0.016937993,0.17166614532470703,0.06932837,0.06932837
9526,0.19412254,0.19412254,0.05779094,0.041244958,0.016545981,0.1714015007019043
9527,0.19416553,0.19416553,0.057011437,0.03974644,0.017264996,0.17527055740356445
9528,0.19411974,0.19411974,0.053244196,0.036894508,0.016349686,0.17143797874450684
9529,0.19417594,0.19417594,0.05420675,0.039325833,0.014880917,0.17205309867858887
9530,0.19411781,0.19411781,0.059002966,0.04193175,0.01707122,0.17303061485290527,0.06932544,0.06932544
9531,0.19410846,0.19410846,0.053582296,0.037072003,0.016510293,0.17207574844360352
9532,0.1942694,0.1942694,0.050388232,0.034918815,0.015469416,0.17412447929382324
9533,0.1941087,0.1941087,0.055810414,0.037758574,0.01805184,0.18164896965026855
9534,0.19413337,0.19413337,0.056627363,0.039592013,0.017035352,0.1806650161743164
9535,0.19411983,0.19411983,0.056081153,0.037542433,0.01853872,0.17432308197021484,0.06932286,0.06932286
9536,0.19412698,0.19412698,0.055098392,0.038313787,0.016784603,0.17156505584716797
9537,0.19411053,0.19411053,0.05124118,0.035113193,0.016127989,0.17167425155639648
9538,0.19410911,0.19410911,0.055804543,0.037947737,0.017856808,0.16653180122375488
9539,0.19415855,0.19415855,0.055598035,0.03633107,0.019266967,0.170318603515625
9540,0.19415858,0.19415858,0.05252044,0.036718193,0.015802244,0.17299652099609375,0.06932122,0.06932122
9541,0.19410725,0.19410725,0.054569423,0.038189292,0.016380133,0.18161511421203613
9542,0.1941219,0.1941219,0.053317115,0.038018644,0.015298473,0.18030953407287598
9543,0.19411258,0.19411258,0.053458355,0.037995398,0.015462955,0.16937041282653809
9544,0.19411422,0.19411422,0.050426938,0.03468102,0.015745921,0.1660764217376709
9545,0.19411488,0.19411488,0.057212353,0.040046573,0.017165782,0.17098450660705566,0.06931996,0.06931996
9546,0.19431709,0.19431709,0.056338526,0.03838624,0.017952286,0.17237591743469238
9547,0.19411056,0.19411056,0.056987185,0.040042665,0.01694452,0.17028379440307617
9548,0.19410664,0.19410664,0.0567546,0.03920728,0.01754732,0.1705169677734375
9549,0.19413948,0.19413948,0.05764235,0.041256893,0.016385458,0.17230582237243652
9550,0.19411054,0.19411054,0.053660523,0.03677212,0.016888402,0.16659212112426758,0.06931941,0.06931941
9551,0.19412178,0.19412178,0.051527902,0.035446655,0.016081246,0.17317605018615723
9552,0.19410245,0.19410245,0.0565295,0.0375642,0.018965302,0.17162442207336426
9553,0.19411546,0.19411546,0.055086643,0.03761922,0.017467426,0.17029237747192383
9554,0.19411007,0.19411007,0.056359537,0.03879494,0.017564598,0.17628026008605957
9555,0.19409938,0.19409938,0.055586614,0.037598535,0.01798808,0.1739492416381836,0.06931921,0.06931921
9556,0.19410767,0.19410767,0.051858075,0.03607822,0.015779857,0.17716026306152344
9557,0.1941238,0.1941238,0.054193642,0.037746895,0.016446747,0.18073534965515137
9558,0.19410741,0.19410741,0.05328462,0.039133593,0.0141510265,0.18055510520935059
9559,0.19410034,0.19410034,0.056829866,0.038788117,0.018041749,0.17019319534301758
9560,0.19416824,0.19416824,0.05278426,0.037329722,0.015454538,0.17512273788452148,0.06931958,0.06931958
9561,0.19412057,0.19412057,0.053699695,0.038089834,0.01560986,0.17864489555358887
9562,0.19411191,0.19411191,0.055615537,0.03934635,0.016269187,0.1764664649963379
9563,0.19412237,0.19412237,0.053964015,0.03680712,0.017156895,0.17772245407104492
9564,0.19413051,0.19413051,0.049735695,0.033461746,0.01627395,0.16642546653747559
9565,0.19410682,0.19410682,0.057716534,0.03884791,0.018868625,0.1715385913848877,0.06932,0.06932
9566,0.1941212,0.1941212,0.05650475,0.037822425,0.018682323,0.17008614540100098
9567,0.1941647,0.1941647,0.05573778,0.037405215,0.018332561,0.17139101028442383
9568,0.19411804,0.19411804,0.052583225,0.035780925,0.016802302,0.17078542709350586
9569,0.19412567,0.19412567,0.057187334,0.03993873,0.017248606,0.1703047752380371
9570,0.19410236,0.19410236,0.053407922,0.037009526,0.016398396,0.1708998680114746,0.0693201,0.0693201
9571,0.1941171,0.1941171,0.050448887,0.034601968,0.015846917,0.17078018188476562
9572,0.19411261,0.19411261,0.054056846,0.038066443,0.0159904,0.1719057559967041
9573,0.19411756,0.19411756,0.0558104,0.039599076,0.016211323,0.17221784591674805
9574,0.19411933,0.19411933,0.053845696,0.037746836,0.016098863,0.18091797828674316
9575,0.19411819,0.19411819,0.05055187,0.0339473,0.016604567,0.17252707481384277,0.06931993,0.06931993
9576,0.19416416,0.19416416,0.056521606,0.041199215,0.015322392,0.17265915870666504
9577,0.19411789,0.19411789,0.061529867,0.04409669,0.01743318,0.16659879684448242
9578,0.19410722,0.19410722,0.050619792,0.036499016,0.014120775,0.17909622192382812
9579,0.1941153,0.1941153,0.056102514,0.039958183,0.01614433,0.16998553276062012
9580,0.1940997,0.1940997,0.05592578,0.039016392,0.016909387,0.16638469696044922,0.069319606,0.069319606
9581,0.19411469,0.19411469,0.057778735,0.039002474,0.01877626,0.16995739936828613
9582,0.19412251,0.19412251,0.058495082,0.040745992,0.017749092,0.17267203330993652
9583,0.19410828,0.19410828,0.05111441,0.034191217,0.016923193,0.16973495483398438
9584,0.1941211,0.1941211,0.057788976,0.039523773,0.018265205,0.1690671443939209
9585,0.19410498,0.19410498,0.05166293,0.036357667,0.01530526,0.17009615898132324,0.06931932,0.06931932
9586,0.19410525,0.19410525,0.053221516,0.03697114,0.016250376,0.16627860069274902
9587,0.19414589,0.19414589,0.058487352,0.040064406,0.018422946,0.170853853225708
9588,0.19410087,0.19410087,0.05811031,0.039378483,0.018731827,0.17047643661499023
9589,0.19410862,0.19410862,0.051085897,0.03445925,0.016626649,0.17198538780212402
9590,0.19584617,0.19584617,0.05652208,0.039244905,0.017277172,0.18096637725830078,0.06931776,0.06931776
9591,0.19411048,0.19411048,0.057148546,0.04041147,0.01673708,0.18012642860412598
9592,0.19419868,0.19419868,0.053673476,0.037766058,0.015907418,0.16914153099060059
9593,0.1941291,0.1941291,0.056894325,0.04023209,0.016662234,0.1732335090637207
9594,0.19411476,0.19411476,0.05501574,0.03894201,0.01607373,0.17252063751220703
9595,0.1941095,0.1941095,0.052519873,0.036455322,0.016064549,0.17200851440429688,0.06931487,0.06931487
9596,0.19453163,0.19453163,0.05110735,0.036714524,0.014392826,0.17116212844848633
9597,0.19410755,0.19410755,0.054658134,0.0394717,0.015186432,0.1716170310974121
9598,0.19411567,0.19411567,0.052003868,0.034675352,0.017328514,0.1806941032409668
9599,0.19412377,0.19412377,0.053671237,0.03591966,0.017751578,0.17359471321105957
9600,0.19421104,0.19421104,0.053377863,0.03817113,0.015206732,0.16977691650390625,0.06931489,0.06931489
9601,0.19411762,0.19411762,0.05563361,0.039029833,0.016603775,0.17068243026733398
9602,0.19410594,0.19410594,0.05495686,0.03827165,0.01668521,0.17060041427612305
9603,0.19616,0.19616,0.056118485,0.039246053,0.016872432,0.17049837112426758
9604,0.1952233,0.1952233,0.05533605,0.03770475,0.0176313,0.1712639331817627
9605,0.19410476,0.19410476,0.050388902,0.035002902,0.015386001,0.16988182067871094,0.06931587,0.06931587
9606,0.19410838,0.19410838,0.053604636,0.037429776,0.01617486,0.17397832870483398
9607,0.19411205,0.19411205,0.05188129,0.035214808,0.016666481,0.17192649841308594
9608,0.1941122,0.1941122,0.058345906,0.039834272,0.018511634,0.16933107376098633
9609,0.19412705,0.19412705,0.054008164,0.03810986,0.015898302,0.16974616050720215
9610,0.19411261,0.19411261,0.053749144,0.04001773,0.013731411,0.16976046562194824,0.06931942,0.06931942
9611,0.19413175,0.19413175,0.05280736,0.03546056,0.0173468,0.1700594425201416
9612,0.19440924,0.19440924,0.055532612,0.039744064,0.01578855,0.17116355895996094
9613,0.19416873,0.19416873,0.055978097,0.03830301,0.017675087,0.17270874977111816
9614,0.19412825,0.19412825,0.054283187,0.038542837,0.015740348,0.17186975479125977
9615,0.19414335,0.19414335,0.057115987,0.04094898,0.016167007,0.17055463790893555,0.06932113,0.06932113
9616,0.1941248,0.1941248,0.053983238,0.0368259,0.017157339,0.17047548294067383
9617,0.19412437,0.19412437,0.05117992,0.035805963,0.015373956,0.17075085639953613
9618,0.19413789,0.19413789,0.05113346,0.03562592,0.01550754,0.17076849937438965
9619,0.19411008,0.19411008,0.059336163,0.041216888,0.018119276,0.1711587905883789
9620,0.19429407,0.19429407,0.052810043,0.036989536,0.015820509,0.17167305946350098,0.06932059,0.06932059
9621,0.19415031,0.19415031,0.056506265,0.04094139,0.015564874,0.18108391761779785
9622,0.19441305,0.19441305,0.05331205,0.038478054,0.014833996,0.17423272132873535
9623,0.19413085,0.19413085,0.053560395,0.03775153,0.015808865,0.17056918144226074
9624,0.19413643,0.19413643,0.05653529,0.038241576,0.01829371,0.17217803001403809
9625,0.19419849,0.19419849,0.057653714,0.04091415,0.016739562,0.1744554042816162,0.06931842,0.06931842
9626,0.19412403,0.19412403,0.05333322,0.037091725,0.016241495,0.17308688163757324
9627,0.19431442,0.19431442,0.05545646,0.03862852,0.016827941,0.17397618293762207
9628,0.1941467,0.1941467,0.050548572,0.035398588,0.015149984,0.17374777793884277
9629,0.19419213,0.19419213,0.052747555,0.03826878,0.014478776,0.17716073989868164
9630,0.19418472,0.19418472,0.055483453,0.038022514,0.01746094,0.17964434623718262,0.069317505,0.069317505
9631,0.19433717,0.19433717,0.05652963,0.039702844,0.016826786,0.18011760711669922
9632,0.19415085,0.19415085,0.054074522,0.038920503,0.015154018,0.1740703582763672
9633,0.19414283,0.19414283,0.05372017,0.036777116,0.01694305,0.1736001968383789
9634,0.19410892,0.19410892,0.055835944,0.039030336,0.016805608,0.17237234115600586
9635,0.1940951,0.1940951,0.052794054,0.035627834,0.01716622,0.1731419563293457,0.06931747,0.06931747
9636,0.19463709,0.19463709,0.060987286,0.04193952,0.019047767,0.17374539375305176
9637,0.1941211,0.1941211,0.055636432,0.038097046,0.017539386,0.17394685745239258
9638,0.19410221,0.19410221,0.058047477,0.04159937,0.016448107,0.17472481727600098
9639,0.19410332,0.19410332,0.05121738,0.035378814,0.015838567,0.18285155296325684
9640,0.19692786,0.19692786,0.05177544,0.03699829,0.014777148,0.17313623428344727,0.06931821,0.06931821
9641,0.19415222,0.19415222,0.053959504,0.03762121,0.01633829,0.17084074020385742
9642,0.19410774,0.19410774,0.054749712,0.03866323,0.016086483,0.16478967666625977
9643,0.19412684,0.19412684,0.047198087,0.03383177,0.013366316,0.17076969146728516
9644,0.19410259,0.19410259,0.051416613,0.03626913,0.015147485,0.16652846336364746
9645,0.19428211,0.19428211,0.05198024,0.034229223,0.017751016,0.17048215866088867,0.06932147,0.06932147
9646,0.19480306,0.19480306,0.057236165,0.04123365,0.016002515,0.17134761810302734
9647,0.1945487,0.1945487,0.05777996,0.03848914,0.019290818,0.1716165542602539
9648,0.19438778,0.19438778,0.059739664,0.041519124,0.018220542,0.17039823532104492
9649,0.19801357,0.19801357,0.054137204,0.037336092,0.016801111,0.16463041305541992
9650,0.19507279,0.19507279,0.052114803,0.036804657,0.015310145,0.17153024673461914,0.06932332,0.06932332
9651,0.19413307,0.19413307,0.057871018,0.042152923,0.015718095,0.17126870155334473
9652,0.19412628,0.19412628,0.049888287,0.03620475,0.013683534,0.17609238624572754
9653,0.19415289,0.19415289,0.051338337,0.03598898,0.015349358,0.16751742362976074
9654,0.19451015,0.19451015,0.056132108,0.040175356,0.01595675,0.171769380569458
9655,0.19413418,0.19413418,0.05344594,0.03805694,0.015388998,0.1721508502960205,0.06932181,0.06932181
9656,0.19555202,0.19555202,0.0515017,0.03621775,0.015283951,0.17785954475402832
9657,0.19427697,0.19427697,0.054747514,0.040515114,0.0142324,0.17420315742492676
9658,0.19413269,0.19413269,0.0526717,0.037553843,0.015117859,0.17642712593078613
9659,0.19554965,0.19554965,0.051436327,0.037090696,0.014345629,0.1784071922302246
9660,0.19444333,0.19444333,0.05398161,0.036678247,0.017303364,0.17685699462890625,0.069318876,0.069318876
9661,0.19448152,0.19448152,0.05646781,0.04070088,0.015766932,0.17756223678588867
9662,0.19435859,0.19435859,0.052683566,0.037907027,0.01477654,0.17730188369750977
9663,0.1943645,0.1943645,0.055128437,0.039513167,0.0156152705,0.17769980430603027
9664,0.19531906,0.19531906,0.054443453,0.03940545,0.015038002,0.18362855911254883
9665,0.1941336,0.1941336,0.05722718,0.040908594,0.016318584,0.1842362880706787,0.06932603,0.06932603
9666,0.19414097,0.19414097,0.050632976,0.035544977,0.0150879985,0.17386126518249512
9667,0.19413763,0.19413763,0.05111853,0.036188282,0.014930247,0.17062163352966309
9668,0.19415906,0.19415906,0.058688097,0.04024321,0.018444886,0.1698141098022461
9669,0.19412978,0.19412978,0.05514642,0.038107947,0.01703847,0.17109966278076172
9670,0.19412647,0.19412647,0.052874316,0.0366754,0.016198914,0.17098164558410645,0.06933064,0.06933064
9671,0.19422129,0.19422129,0.05193137,0.037759483,0.014171888,0.17348527908325195
9672,0.19415914,0.19415914,0.05546593,0.039465092,0.016000839,0.1723957061767578
9673,0.19474304,0.19474304,0.05285592,0.036836427,0.016019493,0.1776256561279297
9674,0.194329,0.194329,0.05428413,0.037657842,0.016626287,0.17639732360839844
9675,0.19474159,0.19474159,0.057148144,0.0399172,0.017230941,0.17171263694763184,0.06932953,0.06932953
9676,0.19418795,0.19418795,0.05455184,0.038189776,0.016362064,0.17691349983215332
9677,0.19420296,0.19420296,0.057876393,0.042983532,0.014892859,0.1727299690246582
9678,0.19422548,0.19422548,0.052264757,0.037699427,0.014565328,0.17266345024108887
9679,0.19479306,0.19479306,0.054344743,0.03835692,0.015987827,0.17850971221923828
9680,0.19414392,0.19414392,0.052308276,0.03680518,0.015503098,0.17209553718566895,0.0693264,0.0693264
9681,0.19415464,0.19415464,0.054795913,0.03787133,0.01692458,0.17177224159240723
9682,0.195211,0.195211,0.057082426,0.04003245,0.017049976,0.17283010482788086
9683,0.1941395,0.1941395,0.05990921,0.043939576,0.015969632,0.17207932472229004
9684,0.19415222,0.19415222,0.05639039,0.03975849,0.0166319,0.17226839065551758
9685,0.19413342,0.19413342,0.05462178,0.037100945,0.017520836,0.1720564365386963,0.06932434,0.06932434
9686,0.19414738,0.19414738,0.050229285,0.03353713,0.016692154,0.17312836647033691
9687,0.1941735,0.1941735,0.056177408,0.03919606,0.016981347,0.17176437377929688
9688,0.19506864,0.19506864,0.052471757,0.03722341,0.015248349,0.1796255111694336
9689,0.1941499,0.1941499,0.05822648,0.042124,0.016102483,0.17159175872802734
9690,0.19411755,0.19411755,0.056180947,0.039410308,0.016770637,0.17532825469970703,0.06932266,0.06932266
9691,0.19415388,0.19415388,0.05914218,0.040741876,0.018400306,0.18325471878051758
9692,0.19411777,0.19411777,0.054908283,0.038516153,0.01639213,0.17799878120422363
9693,0.19423923,0.19423923,0.05119005,0.035372987,0.015817063,0.1747722625732422
9694,0.19415194,0.19415194,0.054592177,0.03683014,0.017762037,0.1727433204650879
9695,0.19416212,0.19416212,0.0554573,0.03884232,0.016614983,0.1719074249267578,0.0693213,0.0693213
9696,0.19412589,0.19412589,0.05544933,0.037753273,0.017696058,0.17267799377441406
9697,0.19414018,0.19414018,0.052485283,0.03699883,0.015486453,0.17217135429382324
9698,0.19414245,0.19414245,0.056289554,0.039437477,0.016852077,0.17250752449035645
9699,0.19413345,0.19413345,0.059303794,0.041513935,0.01778986,0.1755685806274414
9700,0.19412002,0.19412002,0.052413527,0.03771312,0.014700405,0.18204164505004883,0.06932023,0.06932023
9701,0.1941629,0.1941629,0.056835555,0.04140232,0.015433232,0.1776747703552246
9702,0.19412415,0.19412415,0.057768174,0.039066747,0.018701429,0.17289996147155762
9703,0.19413875,0.19413875,0.055774882,0.03934705,0.016427832,0.1715397834777832
9704,0.19422826,0.19422826,0.05226084,0.03582782,0.016433017,0.17286896705627441
9705,0.1941294,0.1941294,0.048061714,0.033215795,0.01484592,0.17353487014770508,0.069319695,0.069319695
9706,0.19411995,0.19411995,0.05223362,0.03736357,0.01487005,0.17321324348449707
9707,0.19412921,0.19412921,0.04929329,0.034827687,0.014465603,0.17395806312561035
9708,0.19429286,0.19429286,0.058241736,0.040762667,0.01747907,0.17389988899230957
9709,0.19412644,0.19412644,0.050421067,0.03494406,0.015477006,0.18596816062927246
9710,0.19413614,0.19413614,0.057250865,0.039594844,0.017656019,0.18080949783325195,0.06931961,0.06931961
9711,0.19413143,0.19413143,0.05378436,0.03904367,0.01474069,0.17540955543518066
9712,0.1941088,0.1941088,0.05705251,0.040257428,0.016795084,0.17182302474975586
9713,0.19419439,0.19419439,0.049597207,0.034303967,0.015293241,0.17093944549560547
9714,0.19416629,0.19416629,0.05292497,0.03770549,0.01521948,0.17254328727722168
9715,0.19410762,0.19410762,0.057135418,0.04040084,0.016734576,0.17430400848388672,0.069319926,0.069319926
9716,0.19417812,0.19417812,0.049627405,0.03404417,0.015583235,0.17165303230285645
9717,0.19414234,0.19414234,0.054834947,0.03869105,0.016143898,0.173630952835083
9718,0.19460182,0.19460182,0.054010175,0.03915104,0.014859136,0.17290115356445312
9719,0.19415073,0.19415073,0.055011593,0.039021328,0.015990263,0.18121337890625
9720,0.194206,0.194206,0.05340428,0.03984558,0.013558701,0.17426133155822754,0.069320716,0.069320716
9721,0.19414394,0.19414394,0.05177235,0.035368085,0.016404264,0.1753253936767578
9722,0.19411598,0.19411598,0.05639559,0.040880926,0.0155146625,0.17534637451171875
9723,0.19411212,0.19411212,0.0597735,0.04259665,0.017176852,0.17497587203979492
9724,0.19428705,0.19428705,0.053620785,0.038451288,0.015169499,0.1724386215209961
9725,0.19412024,0.19412024,0.056647032,0.040855907,0.015791126,0.17208361625671387,0.069321774,0.069321774
9726,0.19414933,0.19414933,0.055126764,0.03911648,0.016010283,0.17340588569641113
9727,0.1941141,0.1941141,0.052777007,0.039133992,0.013643013,0.18208575248718262
9728,0.19412144,0.19412144,0.055572975,0.0392355,0.016337477,0.18886137008666992
9729,0.19411115,0.19411115,0.058655426,0.04205679,0.016598636,0.177199125289917
9730,0.19419305,0.19419305,0.054312386,0.037105594,0.017206792,0.1771535873413086,0.06932267,0.06932267
9731,0.19505386,0.19505386,0.048355833,0.034342907,0.014012926,0.17203974723815918
9732,0.19411956,0.19411956,0.056988154,0.041290876,0.015697278,0.17276883125305176
9733,0.19412349,0.19412349,0.052519955,0.037531596,0.014988358,0.17215657234191895
9734,0.19411232,0.19411232,0.057095964,0.040005103,0.01709086,0.17198801040649414
9735,0.19412218,0.19412218,0.054244056,0.037552316,0.01669174,0.17183876037597656,0.069324136,0.069324136
9736,0.19410245,0.19410245,0.054452125,0.037824407,0.016627718,0.17308497428894043
9737,0.1941135,0.1941135,0.0531549,0.036961436,0.016193466,0.17219948768615723
9738,0.19411618,0.19411618,0.054356188,0.038275488,0.016080698,0.1807401180267334
9739,0.19412145,0.19412145,0.05277891,0.037867505,0.014911406,0.18486690521240234
9740,0.19415371,0.19415371,0.059215747,0.042148013,0.017067734,0.16710567474365234,0.069325045,0.069325045
9741,0.1941621,0.1941621,0.053684566,0.036836512,0.016848054,0.17108631134033203
9742,0.19412507,0.19412507,0.052711397,0.037347306,0.015364094,0.17217707633972168
9743,0.19411246,0.19411246,0.052480742,0.036652867,0.015827877,0.17142748832702637
9744,0.19411938,0.19411938,0.05320958,0.037162263,0.016047316,0.17200779914855957
9745,0.1941328,0.1941328,0.05318357,0.037445348,0.015738223,0.174055814743042,0.0693247,0.0693247
9746,0.19413604,0.19413604,0.054736905,0.039193355,0.015543551,0.1740272045135498
9747,0.19412585,0.19412585,0.057535157,0.04070126,0.0168339,0.17577099800109863
9748,0.1941231,0.1941231,0.056243327,0.040839247,0.015404078,0.17457246780395508
9749,0.19410603,0.19410603,0.059624285,0.042770736,0.016853547,0.17249631881713867
9750,0.19414046,0.19414046,0.055976808,0.038293805,0.017683003,0.17143607139587402,0.06932371,0.06932371
9751,0.19411239,0.19411239,0.05572553,0.0381004,0.017625129,0.17364501953125
9752,0.19413243,0.19413243,0.04998476,0.034977,0.0150077585,0.17151284217834473
9753,0.19415039,0.19415039,0.05345166,0.038172483,0.015279177,0.17249035835266113
9754,0.19448516,0.19448516,0.05448463,0.0382219,0.01626273,0.17941069602966309
9755,0.19415657,0.19415657,0.053487226,0.037152447,0.016334781,0.1781625747680664,0.06932316,0.06932316
9756,0.19411689,0.19411689,0.053483613,0.037440185,0.016043428,0.1725749969482422
9757,0.19411826,0.19411826,0.054942414,0.039829943,0.015112469,0.17148828506469727
9758,0.19411232,0.19411232,0.055734806,0.039336756,0.016398052,0.17319989204406738
9759,0.19411564,0.19411564,0.05219921,0.036743414,0.015455797,0.17394304275512695
9760,0.19412601,0.19412601,0.056606635,0.04059671,0.016009925,0.17158079147338867,0.069322534,0.069322534
9761,0.19415376,0.19415376,0.05208177,0.036191687,0.015890084,0.17460155487060547
9762,0.19411014,0.19411014,0.051102854,0.035130493,0.015972361,0.17676234245300293
9763,0.19410127,0.19410127,0.0508733,0.03634614,0.014527157,0.18156814575195312
9764,0.19413093,0.19413093,0.056258913,0.040728875,0.015530039,0.17561936378479004
9765,0.19410999,0.19410999,0.054886833,0.040157765,0.01472907,0.17367863655090332,0.069322,0.069322
9766,0.19410333,0.19410333,0.054025486,0.037856717,0.016168768,0.17154550552368164
9767,0.19411081,0.19411081,0.05220039,0.036788587,0.015411802,0.1717696189880371
9768,0.19414814,0.19414814,0.05189926,0.03785942,0.01403984,0.17205810546875
9769,0.19415589,0.19415589,0.054684415,0.038608927,0.01607549,0.17344212532043457
9770,0.19413036,0.19413036,0.054115754,0.03742752,0.016688235,0.17163348197937012,0.06932173,0.06932173
9771,0.19413498,0.19413498,0.058273032,0.041986242,0.016286789,0.17487549781799316
9772,0.19419822,0.19419822,0.053225145,0.037601016,0.015624127,0.17695903778076172
9773,0.19411995,0.19411995,0.051881902,0.036140725,0.015741177,0.1718912124633789
9774,0.19411287,0.19411287,0.0595562,0.04176596,0.01779024,0.1712939739227295
9775,0.19410235,0.19410235,0.054850698,0.037927635,0.016923064,0.17157506942749023,0.069321774,0.069321774
9776,0.194109,0.194109,0.054593287,0.039780766,0.014812523,0.17165613174438477
9777,0.19412465,0.19412465,0.05256339,0.036669742,0.015893647,0.17213916778564453
9778,0.19410498,0.19410498,0.05411213,0.03717847,0.01693366,0.17332148551940918
9779,0.19411586,0.19411586,0.055425063,0.038321152,0.01710391,0.17665362358093262
9780,0.19413655,0.19413655,0.051063213,0.034381557,0.016681656,0.1780252456665039,0.06932186,0.06932186
9781,0.19411679,0.19411679,0.05551982,0.038394853,0.017124964,0.17677617073059082
9782,0.19420756,0.19420756,0.050800785,0.03622544,0.014575345,0.1735234260559082
9783,0.19415824,0.19415824,0.050737336,0.034990013,0.015747325,0.17409944534301758
9784,0.19411424,0.19411424,0.053317208,0.038559582,0.014757626,0.16573643684387207
9785,0.19412711,0.19412711,0.058641262,0.039884187,0.018757077,0.1716902256011963,0.0693223,0.0693223
9786,0.19410759,0.19410759,0.057565168,0.03917053,0.018394638,0.17453813552856445
9787,0.19416264,0.19416264,0.05466824,0.03799441,0.016673828,0.17393994331359863
9788,0.19410603,0.19410603,0.050722778,0.03616646,0.0145563185,0.1799929141998291
9789,0.19417492,0.19417492,0.050235342,0.035855375,0.014379967,0.18588471412658691
9790,0.19410048,0.19410048,0.054578364,0.038588062,0.015990302,0.18636655807495117,0.06932244,0.06932244
9791,0.19414192,0.19414192,0.055886462,0.04037806,0.0155084,0.17957806587219238
9792,0.19527027,0.19527027,0.054600507,0.039170213,0.015430296,0.17411136627197266
9793,0.19410019,0.19410019,0.052441485,0.03731767,0.015123815,0.18105792999267578
9794,0.19412158,0.19412158,0.054837275,0.039276134,0.01556114,0.17267823219299316
9795,0.1942112,0.1942112,0.05625002,0.03897732,0.017272701,0.17156004905700684,0.069321185,0.069321185
9796,0.1941176,0.1941176,0.046837375,0.032821734,0.014015643,0.17116951942443848
9797,0.19411045,0.19411045,0.05144889,0.036192566,0.015256323,0.17188477516174316
9798,0.19410811,0.19410811,0.05433385,0.03791134,0.01642251,0.166032075881958
9799,0.1941183,0.1941183,0.055326812,0.036362495,0.018964317,0.17232251167297363
9800,0.19416034,0.19416034,0.056955814,0.03953674,0.017419076,0.17705321311950684,0.06932037,0.06932037
9801,0.20071228,0.20071228,0.052784376,0.037721504,0.015062871,0.1710662841796875
9802,0.19412525,0.19412525,0.053056248,0.036820002,0.016236246,0.17073559761047363
9803,0.19410264,0.19410264,0.048757743,0.033181515,0.015576228,0.16449952125549316
9804,0.19412147,0.19412147,0.05706017,0.040626474,0.016433697,0.1698777675628662
9805,0.19412473,0.19412473,0.05108633,0.036555953,0.014530376,0.17058634757995605,0.06931906,0.06931906
9806,0.19417496,0.19417496,0.055167582,0.03830559,0.01686199,0.17116737365722656
9807,0.1941359,0.1941359,0.054837517,0.03928238,0.015555136,0.17244243621826172
9808,0.19411962,0.19411962,0.05719334,0.040716875,0.016476465,0.1743772029876709
9809,0.1941887,0.1941887,0.052831206,0.03700244,0.015828766,0.16662931442260742
9810,0.194122,0.194122,0.051422,0.03556642,0.015855579,0.16703033447265625,0.069318816,0.069318816
9811,0.19418573,0.19418573,0.058173455,0.040901423,0.017272035,0.17044401168823242
9812,0.19411336,0.19411336,0.05667331,0.040329788,0.016343523,0.17160558700561523
9813,0.1941106,0.1941106,0.05476947,0.038400345,0.016369127,0.17328643798828125
9814,0.19411205,0.19411205,0.053686075,0.03718193,0.016504144,0.17825961112976074
9815,0.1941246,0.1941246,0.048147656,0.03441379,0.013733867,0.1749570369720459,0.06931894,0.06931894
9816,0.19411087,0.19411087,0.055063672,0.03855787,0.016505806,0.1721172332763672
9817,0.19415401,0.19415401,0.05376546,0.038031537,0.015733926,0.1716475486755371
9818,0.19411114,0.19411114,0.057349257,0.04034223,0.017007025,0.17093110084533691
9819,0.194116,0.194116,0.056092564,0.03930235,0.016790215,0.17057347297668457
9820,0.19413002,0.19413002,0.055787392,0.040212564,0.015574829,0.17148709297180176,0.06931919,0.06931919
9821,0.1946474,0.1946474,0.057849642,0.040545043,0.0173046,0.16777992248535156
9822,0.19412033,0.19412033,0.055029333,0.03934775,0.015681583,0.1784512996673584
9823,0.19412316,0.19412316,0.056210477,0.041430805,0.014779671,0.18007826805114746
9824,0.1941373,0.1941373,0.054788828,0.038200587,0.01658824,0.17612171173095703
9825,0.19412445,0.19412445,0.053062767,0.037536584,0.015526181,0.1668248176574707,0.06932003,0.06932003
9826,0.19412376,0.19412376,0.05584119,0.039887875,0.015953314,0.17105364799499512
9827,0.1941023,0.1941023,0.05040302,0.036775023,0.0136279985,0.16727209091186523
9828,0.1941162,0.1941162,0.051148362,0.035860516,0.015287846,0.1704413890838623
9829,0.19411094,0.19411094,0.05275166,0.036397383,0.01635428,0.17228913307189941
9830,0.19411696,0.19411696,0.053029887,0.03593669,0.017093195,0.17282342910766602,0.06932065,0.06932065
9831,0.1941109,0.1941109,0.053781167,0.037660766,0.016120402,0.1816861629486084
9832,0.1941127,0.1941127,0.056104194,0.038806446,0.017297748,0.17084550857543945
9833,0.19411178,0.19411178,0.051227372,0.03715402,0.014073353,0.17033982276916504
9834,0.19412626,0.19412626,0.05381391,0.037223686,0.016590223,0.1708216667175293
9835,0.19411288,0.19411288,0.054564282,0.038419686,0.016144596,0.17187237739562988,0.06932118,0.06932118
9836,0.19409977,0.19409977,0.053897142,0.038219478,0.015677663,0.17134952545166016
9837,0.19433053,0.19433053,0.054267168,0.038214333,0.016052833,0.17162489891052246
9838,0.19411357,0.19411357,0.053902693,0.037326638,0.016576054,0.1668553352355957
9839,0.19410877,0.19410877,0.054950044,0.038102258,0.016847786,0.1813499927520752
9840,0.19411075,0.19411075,0.055030935,0.03699462,0.018036315,0.18088269233703613,0.06932156,0.06932156
9841,0.19411257,0.19411257,0.05454515,0.037293628,0.01725152,0.17350316047668457
9842,0.19410835,0.19410835,0.05274367,0.03769725,0.015046422,0.17211198806762695
9843,0.19410859,0.19410859,0.050692383,0.035505336,0.0151870465,0.17098641395568848
9844,0.19417313,0.19417313,0.051704314,0.037230827,0.014473488,0.1721343994140625
9845,0.19413392,0.19413392,0.050291613,0.034428485,0.015863128,0.17030739784240723,0.06932204,0.06932204
9846,0.1941262,0.1941262,0.05364079,0.035709172,0.017931616,0.17448043823242188
9847,0.1941186,0.1941186,0.056674495,0.040802017,0.015872478,0.1751408576965332
9848,0.194101,0.194101,0.05539292,0.039042242,0.016350681,0.17442631721496582
9849,0.194144,0.194144,0.05106078,0.035435118,0.015625665,0.17479920387268066
9850,0.19415885,0.19415885,0.052316744,0.03649689,0.015819855,0.17332053184509277,0.06932207,0.06932207
9851,0.19411632,0.19411632,0.050927114,0.03542843,0.015498684,0.17507433891296387
9852,0.19410141,0.19410141,0.050543193,0.036933187,0.013610005,0.17425060272216797
9853,0.19411646,0.19411646,0.052423827,0.039045725,0.013378102,0.17465710639953613
9854,0.19415252,0.19415252,0.049423303,0.035263076,0.014160228,0.1738264560699463
9855,0.19508111,0.19508111,0.053437166,0.03571885,0.017718315,0.1788492202758789,0.069321655,0.069321655
9856,0.1941433,0.1941433,0.054810002,0.040039517,0.0147704845,0.1812276840209961
9857,0.19410583,0.19410583,0.051747732,0.035893634,0.015854096,0.18317604064941406
9858,0.19414698,0.19414698,0.055195745,0.038150813,0.017044932,0.17780590057373047
9859,0.19410332,0.19410332,0.051381327,0.036820017,0.0145613095,0.17362570762634277
9860,0.19413382,0.19413382,0.056791615,0.04033852,0.016453095,0.17532110214233398,0.06932173,0.06932173
9861,0.1940984,0.1940984,0.05179888,0.0366859,0.015112982,0.1738119125366211
9862,0.1943597,0.1943597,0.056893144,0.040112946,0.016780198,0.17295503616333008
9863,0.19411919,0.19411919,0.053932387,0.03738816,0.016544227,0.1717824935913086
9864,0.19410828,0.19410828,0.05099436,0.0352103,0.015784057,0.17166829109191895
9865,0.19409576,0.19409576,0.05569598,0.039946254,0.015749726,0.173248291015625,0.069321625,0.069321625
9866,0.19528998,0.19528998,0.05543375,0.03914643,0.016287321,0.1719191074371338
9867,0.19410591,0.19410591,0.053166337,0.038023286,0.015143052,0.17429232597351074
9868,0.19413649,0.19413649,0.056452908,0.038817436,0.017635472,0.1745002269744873
9869,0.19411029,0.19411029,0.0567404,0.041019466,0.015720934,0.17443037033081055
9870,0.19410701,0.19410701,0.047209356,0.032463025,0.014746332,0.1724567413330078,0.06932091,0.06932091
9871,0.1941167,0.1941167,0.05411172,0.03925217,0.01485955,0.17241454124450684
9872,0.19412181,0.19412181,0.05189485,0.036350932,0.015543918,0.1727602481842041
9873,0.19416057,0.19416057,0.05379816,0.039053105,0.0147450585,0.17331361770629883
9874,0.19412205,0.19412205,0.05366885,0.037869774,0.015799075,0.17642807960510254
9875,0.1941044,0.1941044,0.052987598,0.036763616,0.01622398,0.17449522018432617,0.06932064,0.06932064
9876,0.19414207,0.19414207,0.05539053,0.0400945,0.015296033,0.1763162612915039
9877,0.19410998,0.19410998,0.054900285,0.040045954,0.014854331,0.17368245124816895
9878,0.19410875,0.19410875,0.053463217,0.03873881,0.014724407,0.17231130599975586
9879,0.19410242,0.19410242,0.05542545,0.03991964,0.015505809,0.17279648780822754
9880,0.19416654,0.19416654,0.052830726,0.03551922,0.017311506,0.17603826522827148,0.06932079,0.06932079
9881,0.1940987,0.1940987,0.05573714,0.040200282,0.01553686,0.17345643043518066
9882,0.19410491,0.19410491,0.053496797,0.038185906,0.015310892,0.18395209312438965
9883,0.19411479,0.19411479,0.052309602,0.03795341,0.014356191,0.18571805953979492
9884,0.19411388,0.19411388,0.054091506,0.037039753,0.01705175,0.18717479705810547
9885,0.19411223,0.19411223,0.052691516,0.03730497,0.015386545,0.18914151191711426,0.06932061,0.06932061
9886,0.1941461,0.1941461,0.05005507,0.034194797,0.015860274,0.17526841163635254
9887,0.19414249,0.19414249,0.053438492,0.03850995,0.014928544,0.1717209815979004
9888,0.19410266,0.19410266,0.052060135,0.036239866,0.01582027,0.17093825340270996
9889,0.19411503,0.19411503,0.052655917,0.037895706,0.014760211,0.1719369888305664
9890,0.19414718,0.19414718,0.05478775,0.03975005,0.015037701,0.17151355743408203,0.069320224,0.069320224
9891,0.19409534,0.19409534,0.051575843,0.035807367,0.015768476,0.17242097854614258
9892,0.19410542,0.19410542,0.056031384,0.04059851,0.015432872,0.1712937355041504
9893,0.194228,0.194228,0.053477053,0.03606384,0.017413214,0.17119741439819336
9894,0.19410796,0.19410796,0.052685373,0.037705533,0.014979838,0.1756916046142578
9895,0.1941246,0.1941246,0.05401983,0.037751082,0.016268749,0.17179417610168457,0.06932044,0.06932044
9896,0.19412063,0.19412063,0.05587733,0.040979,0.014898331,0.1712961196899414
9897,0.19411428,0.19411428,0.056693446,0.04039897,0.016294476,0.17107295989990234
9898,0.19412163,0.19412163,0.05564535,0.039162852,0.016482498,0.17149925231933594
9899,0.19411375,0.19411375,0.05068884,0.03703572,0.013653123,0.1718134880065918
9900,0.1940972,0.1940972,0.051385567,0.036492832,0.014892736,0.17176365852355957,0.06932097,0.06932097
9901,0.1941074,0.1941074,0.052356906,0.03622175,0.016135158,0.18066167831420898
9902,0.19410957,0.19410957,0.053624198,0.03782985,0.01579435,0.18287205696105957
9903,0.19411983,0.19411983,0.049511276,0.03474233,0.014768947,0.18271470069885254
9904,0.19409654,0.19409654,0.051684964,0.03547536,0.016209606,0.1827678680419922
9905,0.19410278,0.19410278,0.055530414,0.0387142,0.016816212,0.1804044246673584,0.0693213,0.0693213
9906,0.19411114,0.19411114,0.052171513,0.038993806,0.013177708,0.17721271514892578
9907,0.19411336,0.19411336,0.05485557,0.037454773,0.017400797,0.17667245864868164
9908,0.1941109,0.1941109,0.049909584,0.034972575,0.014937011,0.17470002174377441
9909,0.19409801,0.19409801,0.058562234,0.040787112,0.01777512,0.17296767234802246
9910,0.19411224,0.19411224,0.054459836,0.037552327,0.01690751,0.17589473724365234,0.06932143,0.06932143
9911,0.19411407,0.19411407,0.05159934,0.036055535,0.015543803,0.17298650741577148
9912,0.19410549,0.19410549,0.051532783,0.037158426,0.014374355,0.17355012893676758
9913,0.19415215,0.19415215,0.052177817,0.036339086,0.015838731,0.17952942848205566
9914,0.1941232,0.1941232,0.054256227,0.038092785,0.016163442,0.17763614654541016
9915,0.19419575,0.19419575,0.05483918,0.039332528,0.015506653,0.17158031463623047,0.069321275,0.069321275
9916,0.19572121,0.19572121,0.055089824,0.04023088,0.014858941,0.17232322692871094
9917,0.1941036,0.1941036,0.056255996,0.040723335,0.015532661,0.1751267910003662
9918,0.19411655,0.19411655,0.05424524,0.037907973,0.016337268,0.17221975326538086
9919,0.19410321,0.19410321,0.05034465,0.036029845,0.014314805,0.1728966236114502
9920,0.19410388,0.19410388,0.05186629,0.037187338,0.01467895,0.17287325859069824,0.06932278,0.06932278
9921,0.19411014,0.19411014,0.05462054,0.038246565,0.016373977,0.17312097549438477
9922,0.1941331,0.1941331,0.051806357,0.036630012,0.015176345,0.1763012409210205
9923,0.19411606,0.19411606,0.049160063,0.035040654,0.014119408,0.16692423820495605
9924,0.19411781,0.19411781,0.050361328,0.035153814,0.015207516,0.1733226776123047
9925,0.1942942,0.1942942,0.05229736,0.036062922,0.016234437,0.17235016822814941,0.06932347,0.06932347
9926,0.19533749,0.19533749,0.053638227,0.036789678,0.016848551,0.17377185821533203
9927,0.19414574,0.19414574,0.05667586,0.041759722,0.014916138,0.16872477531433105
9928,0.19412036,0.19412036,0.055623483,0.039594192,0.01602929,0.1667952537536621
9929,0.19410992,0.19410992,0.052748457,0.03850907,0.014239387,0.17258930206298828
9930,0.19413738,0.19413738,0.05545416,0.038427744,0.017026417,0.17506957054138184,0.06932213,0.06932213
9931,0.19411209,0.19411209,0.05750848,0.042188454,0.015320026,0.17367863655090332
9932,0.19412003,0.19412003,0.052765593,0.03642818,0.016337413,0.16690635681152344
9933,0.19409597,0.19409597,0.05405397,0.038461983,0.015591985,0.17734432220458984
9934,0.19409782,0.19409782,0.05661176,0.039263,0.01734876,0.16695642471313477
9935,0.19410004,0.19410004,0.04907053,0.034994736,0.014075792,0.17248821258544922,0.06932081,0.06932081
9936,0.1941192,0.1941192,0.05224844,0.03618172,0.016066719,0.17244601249694824
9937,0.1941135,0.1941135,0.055570126,0.038045928,0.0175242,0.16638898849487305
9938,0.19415294,0.19415294,0.052042644,0.0371812,0.014861445,0.1735384464263916
9939,0.19410646,0.19410646,0.060239762,0.040870033,0.019369727,0.1732006072998047
9940,0.19411577,0.19411577,0.055948902,0.040694177,0.015254726,0.16743969917297363,0.069319956,0.069319956
9941,0.194131,0.194131,0.058137253,0.04243199,0.01570526,0.17292404174804688
9942,0.19412912,0.19412912,0.055771574,0.039464675,0.016306901,0.16800880432128906
9943,0.19417942,0.19417942,0.055005353,0.03765774,0.017347611,0.17528009414672852
9944,0.19410327,0.19410327,0.055442527,0.037809994,0.017632535,0.17403578758239746
9945,0.1942284,0.1942284,0.052481525,0.036413964,0.016067559,0.1854104995727539,0.06931949,0.06931949
9946,0.19411367,0.19411367,0.056554034,0.03978379,0.016770242,0.18423676490783691
9947,0.1941042,0.1941042,0.05395642,0.03550027,0.018456148,0.1828005313873291
9948,0.19411434,0.19411434,0.053568456,0.038073078,0.015495378,0.18156194686889648
9949,0.19409783,0.19409783,0.05455357,0.036767397,0.01778617,0.18111443519592285
9950,0.19411483,0.19411483,0.050834298,0.034471076,0.016363224,0.17272114753723145,0.06931902,0.06931902
9951,0.19410545,0.19410545,0.057080884,0.040272053,0.01680883,0.1729109287261963
9952,0.19412147,0.19412147,0.055953614,0.037703086,0.018250529,0.16771674156188965
9953,0.19419754,0.19419754,0.055599518,0.038287148,0.017312372,0.17342472076416016
9954,0.19410603,0.19410603,0.053358484,0.038191844,0.01516664,0.17331242561340332
9955,0.19412722,0.19412722,0.056481317,0.039635994,0.016845325,0.16922378540039062,0.06931897,0.06931897
9956,0.19410373,0.19410373,0.058311448,0.040483486,0.017827962,0.1788325309753418
9957,0.19411285,0.19411285,0.05579861,0.041398086,0.014400522,0.17685604095458984
9958,0.19410968,0.19410968,0.05416906,0.037594553,0.016574506,0.16711664199829102
9959,0.19411796,0.19411796,0.057002313,0.040124826,0.01687749,0.1734154224395752
9960,0.19410633,0.19410633,0.053782366,0.037283897,0.016498469,0.17354583740234375,0.06931908,0.06931908
9961,0.19410244,0.19410244,0.05015316,0.03400708,0.016146077,0.17431068420410156
9962,0.19410448,0.19410448,0.053254467,0.03768386,0.015570608,0.17412328720092773
9963,0.19410305,0.19410305,0.04854863,0.033939194,0.014609436,0.1738283634185791
9964,0.19413888,0.19413888,0.058832042,0.04169902,0.017133024,0.17705655097961426
9965,0.19410035,0.19410035,0.050886616,0.034471747,0.016414868,0.18465328216552734,0.069319256,0.069319256
9966,0.19410801,0.19410801,0.05593246,0.040677663,0.015254796,0.18077850341796875
9967,0.19412746,0.19412746,0.051045865,0.03740828,0.013637583,0.17529797554016113
9968,0.19410743,0.19410743,0.056257512,0.040843282,0.0154142305,0.173872709274292
9969,0.19425666,0.19425666,0.058433045,0.042984605,0.01544844,0.17246341705322266
9970,0.19411062,0.19411062,0.057194315,0.040495355,0.016698962,0.17477107048034668,0.06931936,0.06931936
9971,0.19410428,0.19410428,0.05394616,0.03809592,0.015850237,0.17542219161987305
9972,0.19410719,0.19410719,0.057149723,0.039576214,0.017573511,0.17412376403808594
9973,0.19410425,0.19410425,0.055486746,0.040173776,0.015312972,0.1712796688079834
9974,0.1942318,0.1942318,0.06136827,0.042252682,0.019115588,0.17580389976501465
9975,0.19410828,0.19410828,0.054007545,0.037164252,0.016843291,0.17737793922424316,0.06931943,0.06931943
9976,0.19410446,0.19410446,0.052188948,0.036265057,0.015923893,0.17291641235351562
9977,0.19410041,0.19410041,0.053735554,0.037404127,0.016331429,0.17679429054260254
9978,0.19410545,0.19410545,0.05712986,0.038659204,0.018470658,0.17661309242248535
9979,0.19410537,0.19410537,0.053834602,0.036466327,0.017368274,0.1793220043182373
9980,0.1940966,0.1940966,0.054234132,0.03733033,0.016903803,0.17799973487854004,0.06931943,0.06931943
9981,0.19411774,0.19411774,0.05259605,0.037469294,0.015126758,0.1800687313079834
9982,0.19411945,0.19411945,0.05556786,0.038860705,0.016707158,0.1707744598388672
9983,0.1941105,0.1941105,0.055595916,0.038680825,0.01691509,0.17350244522094727
9984,0.19442941,0.19442941,0.057809584,0.041046657,0.016762929,0.18510842323303223
9985,0.19410038,0.19410038,0.05331617,0.03557426,0.017741906,0.18887090682983398,0.06931898,0.06931898
9986,0.19410583,0.19410583,0.051229373,0.034167353,0.017062021,0.1877913475036621
9987,0.194564,0.194564,0.05202356,0.036835115,0.015188445,0.17783761024475098
9988,0.19411843,0.19411843,0.054665066,0.038806014,0.015859053,0.17101740837097168
9989,0.19411917,0.19411917,0.05817236,0.040895913,0.017276447,0.17099308967590332
9990,0.19412185,0.19412185,0.059103817,0.042001758,0.017102059,0.1720409393310547,0.06931882,0.06931882
9991,0.19411029,0.19411029,0.052129023,0.03784341,0.014285613,0.17154335975646973
9992,0.19415277,0.19415277,0.046210714,0.031844787,0.014365927,0.17171525955200195
9993,0.19410153,0.19410153,0.05382195,0.03752141,0.01630054,0.1707754135131836
9994,0.19410537,0.19410537,0.055284426,0.038743135,0.016541293,0.1722266674041748
9995,0.19412214,0.19412214,0.052647218,0.037235267,0.01541195,0.18162131309509277,0.06931926,0.06931926
9996,0.19409992,0.19409992,0.05505225,0.039174512,0.015877737,0.17599749565124512
9997,0.19449623,0.19449623,0.05261151,0.036316972,0.016294539,0.1722276210784912
9998,0.19415809,0.19415809,0.05177374,0.03807842,0.013695323,0.17299842834472656
9999,0.194135,0.194135,0.048036583,0.033538185,0.014498396,0.17229580879211426
10000,0.19410975,0.19410975,0.051864758,0.038383957,0.013480803,0.1797795295715332,0.06931936,0.06931936
